deviceId,date,hour,steps_sum,steps_max_5min,sensor_intervals,steps_observed,steps_coverage
ab60,2021-03-04,2021-03-04 04:00:00,,,1,0,0.0
ab60,2021-03-04,2021-03-04 05:00:00,,,3,0,0.0
ab60,2021-03-04,2021-03-04 06:00:00,,,7,0,0.0
ab60,2021-03-04,2021-03-04 07:00:00,,,7,0,0.0
ab60,2021-03-04,2021-03-04 08:00:00,,,3,0,0.0
ab60,2021-03-04,2021-03-04 10:00:00,,,1,0,0.0
ab60,2021-03-04,2021-03-04 11:00:00,,,8,0,0.0
ab60,2021-03-08,2021-03-08 01:00:00,0.0,0.0,1,1,1.0
ab60,2021-03-08,2021-03-08 02:00:00,0.0,0.0,1,1,1.0
ab60,2021-03-08,2021-03-08 03:00:00,,,1,0,0.0
ab60,2021-03-08,2021-03-08 04:00:00,0.0,0.0,2,1,0.5
ab60,2021-03-08,2021-03-08 05:00:00,0.0,0.0,1,1,1.0
ab60,2021-03-08,2021-03-08 06:00:00,0.0,0.0,1,1,1.0
ab60,2021-03-08,2021-03-08 07:00:00,0.0,0.0,3,1,0.3333333333333333
ab60,2021-03-08,2021-03-08 08:00:00,0.0,0.0,6,4,0.6666666666666666
ab60,2021-03-08,2021-03-08 13:00:00,0.0,0.0,5,3,0.6
ab60,2021-03-08,2021-03-08 14:00:00,0.0,0.0,8,5,0.625
ab60,2021-03-08,2021-03-08 15:00:00,0.0,0.0,1,1,1.0
ab60,2021-03-09,2021-03-09 02:00:00,0.0,0.0,2,1,0.5
ab60,2021-03-09,2021-03-09 03:00:00,,,1,0,0.0
ab60,2021-03-09,2021-03-09 04:00:00,0.0,0.0,2,1,0.5
ab60,2021-03-09,2021-03-09 05:00:00,0.0,0.0,7,3,0.42857142857142855
ab60,2021-03-09,2021-03-09 07:00:00,,,2,0,0.0
ab60,2021-03-09,2021-03-09 08:00:00,,,3,0,0.0
ab60,2021-03-09,2021-03-09 10:00:00,19.0,15.0,3,2,0.6666666666666666
ab60,2021-03-09,2021-03-09 11:00:00,,,9,0,0.0
ab60,2021-03-09,2021-03-09 12:00:00,,,1,0,0.0
ab60,2021-03-09,2021-03-09 13:00:00,0.0,0.0,3,3,1.0
ab60,2021-03-09,2021-03-09 14:00:00,0.0,0.0,3,1,0.3333333333333333
ab60,2021-03-10,2021-03-10 00:00:00,0.0,0.0,1,1,1.0
ab60,2021-03-10,2021-03-10 04:00:00,0.0,0.0,2,2,1.0
ab60,2021-03-10,2021-03-10 08:00:00,,,1,0,0.0
ab60,2021-03-10,2021-03-10 09:00:00,0.0,0.0,2,2,1.0
ab60,2021-03-10,2021-03-10 10:00:00,0.0,0.0,3,2,0.6666666666666666
ab60,2021-03-10,2021-03-10 11:00:00,3.0,3.0,7,4,0.5714285714285714
ab60,2021-03-10,2021-03-10 12:00:00,0.0,0.0,8,6,0.75
ab60,2021-03-10,2021-03-10 13:00:00,0.0,0.0,5,3,0.6
ab60,2021-03-11,2021-03-11 01:00:00,0.0,0.0,6,3,0.5
ab60,2021-03-11,2021-03-11 02:00:00,44.0,44.0,5,2,0.4
ab60,2021-03-11,2021-03-11 03:00:00,3.333333333333333,3.333333333333333,2,1,0.5
ab60,2021-03-11,2021-03-11 04:00:00,0.0,0.0,4,1,0.25
ab60,2021-03-11,2021-03-11 05:00:00,0.0,0.0,2,2,1.0
ab60,2021-03-11,2021-03-11 06:00:00,0.0,0.0,4,3,0.75
ab60,2021-03-11,2021-03-11 07:00:00,6.5,6.5,1,1,1.0
ab60,2021-03-11,2021-03-11 09:00:00,1.8571428571428568,1.8571428571428568,8,8,1.0
ab60,2021-03-11,2021-03-11 10:00:00,0.0,0.0,6,5,0.8333333333333334
ab60,2021-03-11,2021-03-11 11:00:00,,,1,0,0.0
ab60,2021-03-11,2021-03-11 12:00:00,0.0,0.0,4,4,1.0
ab60,2021-03-11,2021-03-11 13:00:00,0.0,0.0,7,3,0.42857142857142855
ab60,2021-03-11,2021-03-11 14:00:00,0.0,0.0,10,6,0.6
ab60,2021-03-12,2021-03-12 03:00:00,0.0,0.0,1,1,1.0
ab60,2021-03-12,2021-03-12 05:00:00,0.0,0.0,5,5,1.0
ab60,2021-03-12,2021-03-12 06:00:00,0.0,0.0,1,1,1.0
ab60,2021-03-12,2021-03-12 07:00:00,0.0,0.0,2,1,0.5
ab60,2021-03-12,2021-03-12 08:00:00,,,1,0,0.0
ab60,2021-03-12,2021-03-12 14:00:00,,,1,0,0.0
ab60,2021-03-13,2021-03-13 03:00:00,0.0,0.0,8,5,0.625
ab60,2021-03-13,2021-03-13 04:00:00,0.0,0.0,7,7,1.0
ab60,2021-03-13,2021-03-13 05:00:00,0.0,0.0,6,4,0.6666666666666666
ab60,2021-03-13,2021-03-13 06:00:00,0.0,0.0,2,2,1.0
ab60,2021-03-13,2021-03-13 07:00:00,0.0,0.0,4,3,0.75
ab60,2021-03-13,2021-03-13 10:00:00,0.0,0.0,4,1,0.25
ab60,2021-03-14,2021-03-14 03:00:00,,,2,0,0.0
ab60,2021-03-14,2021-03-14 05:00:00,0.0,0.0,3,3,1.0
ab60,2021-03-14,2021-03-14 06:00:00,0.0,0.0,9,7,0.7777777777777778
ab60,2021-03-14,2021-03-14 07:00:00,0.0,0.0,5,4,0.8
ab60,2021-03-14,2021-03-14 08:00:00,0.0,0.0,6,2,0.3333333333333333
ab60,2021-03-14,2021-03-14 09:00:00,0.0,0.0,7,1,0.14285714285714285
ab60,2021-03-14,2021-03-14 10:00:00,0.0,0.0,7,4,0.5714285714285714
ab60,2021-03-14,2021-03-14 11:00:00,0.0,0.0,2,1,0.5
ab60,2021-03-14,2021-03-14 12:00:00,0.0,0.0,7,6,0.8571428571428571
ab60,2021-03-14,2021-03-14 13:00:00,3.0,3.0,10,5,0.5
ab60,2021-03-14,2021-03-14 14:00:00,18.166666666666664,10.666666666666666,6,3,0.5
ab60,2021-03-15,2021-03-15 02:00:00,0.0,0.0,3,3,1.0
ab60,2021-03-15,2021-03-15 03:00:00,0.0,0.0,1,1,1.0
ab60,2021-03-15,2021-03-15 04:00:00,0.0,0.0,3,3,1.0
ab60,2021-03-15,2021-03-15 06:00:00,0.0,0.0,1,1,1.0
ab60,2021-03-15,2021-03-15 07:00:00,1.6666666666666667,1.6666666666666667,7,7,1.0
ab60,2021-03-15,2021-03-15 11:00:00,36.0,36.0,11,6,0.5454545454545454
ab60,2021-03-15,2021-03-15 12:00:00,0.0,0.0,2,1,0.5
ab60,2021-03-15,2021-03-15 13:00:00,0.0,0.0,6,3,0.5
ab60,2021-03-15,2021-03-15 14:00:00,0.0,0.0,5,3,0.6
ab60,2021-03-16,2021-03-16 04:00:00,0.0,0.0,1,1,1.0
ab60,2021-03-16,2021-03-16 06:00:00,6.0,6.0,5,5,1.0
ab60,2021-03-16,2021-03-16 07:00:00,22.583333333333332,14.75,3,3,1.0
ab60,2021-03-16,2021-03-16 09:00:00,0.0,0.0,2,2,1.0
ab60,2021-03-16,2021-03-16 10:00:00,0.0,0.0,7,4,0.5714285714285714
ab60,2021-03-16,2021-03-16 11:00:00,0.0,0.0,5,4,0.8
ab60,2021-03-16,2021-03-16 14:00:00,0.0,0.0,1,1,1.0
ab60,2021-03-17,2021-03-17 06:00:00,0.0,0.0,1,1,1.0
ab60,2021-03-17,2021-03-17 07:00:00,0.0,0.0,1,1,1.0
ab60,2021-03-17,2021-03-17 09:00:00,3.5,3.5,3,1,0.3333333333333333
ab60,2021-03-17,2021-03-17 10:00:00,0.0,0.0,6,5,0.8333333333333334
ab60,2021-03-17,2021-03-17 11:00:00,0.0,0.0,4,3,0.75
ab60,2021-03-17,2021-03-17 12:00:00,0.0,0.0,3,2,0.6666666666666666
ab60,2021-03-17,2021-03-17 13:00:00,0.0,0.0,4,1,0.25
ab60,2021-03-17,2021-03-17 14:00:00,2.7142857142857144,2.7142857142857144,5,4,0.8
ab60,2021-03-17,2021-03-17 15:00:00,0.0,0.0,4,1,0.25
ab60,2021-03-18,2021-03-18 02:00:00,0.0,0.0,2,2,1.0
ab60,2021-03-18,2021-03-18 05:00:00,0.0,0.0,6,5,0.8333333333333334
ab60,2021-03-18,2021-03-18 08:00:00,0.0,0.0,2,2,1.0
ab60,2021-03-18,2021-03-18 09:00:00,0.0,0.0,4,4,1.0
ab60,2021-03-18,2021-03-18 10:00:00,0.0,0.0,2,1,0.5
ab60,2021-03-18,2021-03-18 11:00:00,0.0,0.0,3,3,1.0
ab60,2021-03-18,2021-03-18 12:00:00,0.0,0.0,6,4,0.6666666666666666
ab60,2021-03-18,2021-03-18 13:00:00,,,1,0,0.0
ab60,2021-03-18,2021-03-18 14:00:00,0.0,0.0,3,2,0.6666666666666666
ab60,2021-03-18,2021-03-18 15:00:00,0.0,0.0,4,4,1.0
ab60,2021-03-18,2021-03-18 16:00:00,,,1,0,0.0
ab60,2021-03-19,2021-03-19 01:00:00,0.0,0.0,3,2,0.6666666666666666
ab60,2021-03-19,2021-03-19 02:00:00,85.0,85.0,1,1,1.0
ab60,2021-03-19,2021-03-19 04:00:00,0.0,0.0,2,2,1.0
ab60,2021-03-19,2021-03-19 05:00:00,,,1,0,0.0
ab60,2021-03-19,2021-03-19 07:00:00,0.0,0.0,3,3,1.0
ab60,2021-03-19,2021-03-19 08:00:00,,,1,0,0.0
ab60,2021-03-19,2021-03-19 10:00:00,0.0,0.0,5,2,0.4
ab60,2021-03-19,2021-03-19 11:00:00,0.0,0.0,5,4,0.8
ab60,2021-03-19,2021-03-19 13:00:00,0.0,0.0,4,3,0.75
ab60,2021-03-19,2021-03-19 14:00:00,0.0,0.0,6,3,0.5
ab60,2021-03-20,2021-03-20 04:00:00,0.0,0.0,2,1,0.5
ab60,2021-03-20,2021-03-20 05:00:00,,,2,0,0.0
ab60,2021-03-20,2021-03-20 06:00:00,10.5,10.5,7,4,0.5714285714285714
ab60,2021-03-20,2021-03-20 07:00:00,0.0,0.0,4,3,0.75
ab60,2021-03-20,2021-03-20 08:00:00,0.0,0.0,8,6,0.75
ab60,2021-03-20,2021-03-20 09:00:00,0.0,0.0,6,5,0.8333333333333334
ab60,2021-03-20,2021-03-20 10:00:00,0.0,0.0,8,6,0.75
ab60,2021-03-20,2021-03-20 11:00:00,0.0,0.0,3,2,0.6666666666666666
ab60,2021-03-21,2021-03-21 04:00:00,0.0,0.0,3,1,0.3333333333333333
ab60,2021-03-21,2021-03-21 11:00:00,0.0,0.0,1,1,1.0
ab60,2021-03-21,2021-03-21 12:00:00,0.0,0.0,2,1,0.5
ab60,2021-03-21,2021-03-21 13:00:00,0.0,0.0,4,2,0.5
ab60,2021-03-21,2021-03-21 14:00:00,0.0,0.0,6,2,0.3333333333333333
ab60,2021-03-22,2021-03-22 02:00:00,0.0,0.0,1,1,1.0
ab60,2021-03-22,2021-03-22 06:00:00,0.0,0.0,2,2,1.0
ab60,2021-03-22,2021-03-22 07:00:00,0.0,0.0,1,1,1.0
ab60,2021-03-22,2021-03-22 10:00:00,2.2,2.2,2,2,1.0
ab60,2021-03-22,2021-03-22 11:00:00,1.8333333333333333,1.8333333333333333,4,3,0.75
ab60,2021-03-22,2021-03-22 12:00:00,1.6666666666666667,1.6666666666666667,6,6,1.0
ab60,2021-03-22,2021-03-22 13:00:00,0.0,0.0,4,4,1.0
ab60,2021-03-22,2021-03-22 14:00:00,,,2,0,0.0
ab60,2021-03-24,2021-03-24 01:00:00,11.333333333333334,11.333333333333334,3,1,0.3333333333333333
ab60,2021-03-24,2021-03-24 02:00:00,0.0,0.0,1,1,1.0
ab60,2021-03-24,2021-03-24 03:00:00,0.0,0.0,2,1,0.5
ab60,2021-03-24,2021-03-24 04:00:00,0.0,0.0,3,3,1.0
ab60,2021-03-24,2021-03-24 05:00:00,0.0,0.0,1,1,1.0
ab60,2021-03-24,2021-03-24 06:00:00,8.0,8.0,10,8,0.8
ab60,2021-03-24,2021-03-24 07:00:00,1.588235294117647,1.588235294117647,4,4,1.0
ab60,2021-03-24,2021-03-24 08:00:00,,,1,0,0.0
ab60,2021-03-24,2021-03-24 10:00:00,,,2,0,0.0
ab60,2021-03-24,2021-03-24 11:00:00,0.0,0.0,4,2,0.5
ab60,2021-03-24,2021-03-24 12:00:00,0.0,0.0,1,1,1.0
ab60,2021-03-24,2021-03-24 13:00:00,0.0,0.0,5,5,1.0
ab60,2021-03-24,2021-03-24 14:00:00,0.0,0.0,5,3,0.6
ab60,2021-03-25,2021-03-25 01:00:00,0.0,0.0,4,2,0.5
ab60,2021-03-25,2021-03-25 02:00:00,,,3,0,0.0
ab60,2021-03-25,2021-03-25 03:00:00,0.0,0.0,2,1,0.5
ab60,2021-03-25,2021-03-25 04:00:00,,,5,0,0.0
ab60,2021-03-25,2021-03-25 05:00:00,3.25,3.25,3,3,1.0
ab60,2021-03-25,2021-03-25 06:00:00,0.0,0.0,3,3,1.0
ab60,2021-03-25,2021-03-25 07:00:00,525.0,525.0,3,2,0.6666666666666666
ab60,2021-03-25,2021-03-25 08:00:00,5.083333333333333,5.083333333333333,7,6,0.8571428571428571
ab60,2021-03-25,2021-03-25 09:00:00,0.0,0.0,6,6,1.0
ab60,2021-03-25,2021-03-25 11:00:00,0.0,0.0,6,1,0.16666666666666666
ab60,2021-03-25,2021-03-25 12:00:00,0.0,0.0,7,2,0.2857142857142857
ab60,2021-03-25,2021-03-25 13:00:00,,,4,0,0.0
ab60,2021-03-25,2021-03-25 14:00:00,0.0,0.0,5,3,0.6
ab60,2021-03-25,2021-03-25 15:00:00,,,1,0,0.0
ab60,2021-03-26,2021-03-26 02:00:00,0.0,0.0,2,1,0.5
ab60,2021-03-26,2021-03-26 04:00:00,0.0,0.0,6,5,0.8333333333333334
ab60,2021-03-26,2021-03-26 05:00:00,43.5,41.0,8,6,0.75
ab60,2021-03-26,2021-03-26 06:00:00,0.0,0.0,6,4,0.6666666666666666
ab60,2021-03-26,2021-03-26 07:00:00,0.0,0.0,4,2,0.5
ab60,2021-03-26,2021-03-26 08:00:00,0.0,0.0,5,2,0.4
ab60,2021-03-26,2021-03-26 09:00:00,,,1,0,0.0
ab60,2021-03-26,2021-03-26 10:00:00,0.0,0.0,3,1,0.3333333333333333
ab60,2021-03-26,2021-03-26 11:00:00,0.0,0.0,7,2,0.2857142857142857
ab60,2021-03-26,2021-03-26 12:00:00,11.833333333333334,11.833333333333334,10,2,0.2
ab60,2021-03-26,2021-03-26 13:00:00,0.0,0.0,4,2,0.5
ab60,2021-03-26,2021-03-26 14:00:00,0.0,0.0,8,6,0.75
ab60,2021-03-26,2021-03-26 15:00:00,,,2,0,0.0
ab60,2021-03-27,2021-03-27 00:00:00,6.333333333333333,6.333333333333333,5,1,0.2
ab60,2021-03-27,2021-03-27 01:00:00,,,11,0,0.0
ab60,2021-03-27,2021-03-27 02:00:00,,,4,0,0.0
ab60,2021-03-27,2021-03-27 05:00:00,0.0,0.0,2,2,1.0
ab60,2021-03-27,2021-03-27 06:00:00,24.0,24.0,3,2,0.6666666666666666
ab60,2021-03-27,2021-03-27 08:00:00,,,1,0,0.0
ab60,2021-03-27,2021-03-27 09:00:00,11.5,11.5,6,5,0.8333333333333334
ab60,2021-03-27,2021-03-27 10:00:00,,,3,0,0.0
ab60,2021-03-28,2021-03-28 01:00:00,,,1,0,0.0
ab60,2021-03-28,2021-03-28 02:00:00,0.0,0.0,4,2,0.5
ab60,2021-03-28,2021-03-28 04:00:00,0.0,0.0,6,1,0.16666666666666666
ab60,2021-03-28,2021-03-28 05:00:00,0.0,0.0,7,1,0.14285714285714285
ab60,2021-03-28,2021-03-28 06:00:00,0.0,0.0,6,3,0.5
ab60,2021-03-28,2021-03-28 07:00:00,0.0,0.0,3,2,0.6666666666666666
ab60,2021-03-28,2021-03-28 08:00:00,2.0,2.0,7,5,0.7142857142857143
ab60,2021-03-28,2021-03-28 09:00:00,5.666666666666667,5.666666666666667,4,4,1.0
ab60,2021-03-28,2021-03-28 10:00:00,,,1,0,0.0
ab60,2021-03-28,2021-03-28 11:00:00,,,2,0,0.0
ab60,2021-03-28,2021-03-28 12:00:00,0.0,0.0,6,6,1.0
ab60,2021-03-28,2021-03-28 13:00:00,8.5,6.0,5,2,0.4
ab60,2021-03-29,2021-03-29 01:00:00,0.0,0.0,1,1,1.0
ab60,2021-03-29,2021-03-29 02:00:00,0.0,0.0,10,7,0.7
ab60,2021-03-29,2021-03-29 03:00:00,0.0,0.0,1,1,1.0
ab60,2021-03-29,2021-03-29 04:00:00,0.0,0.0,8,6,0.75
ab60,2021-03-29,2021-03-29 05:00:00,0.0,0.0,8,7,0.875
ab60,2021-03-29,2021-03-29 06:00:00,0.0,0.0,7,5,0.7142857142857143
ab60,2021-03-29,2021-03-29 07:00:00,13.0,13.0,8,6,0.75
ab60,2021-03-29,2021-03-29 08:00:00,0.0,0.0,4,3,0.75
ab60,2021-03-29,2021-03-29 09:00:00,0.0,0.0,3,3,1.0
ab60,2021-03-29,2021-03-29 10:00:00,0.0,0.0,5,4,0.8
ab60,2021-03-29,2021-03-29 11:00:00,0.0,0.0,9,9,1.0
ab60,2021-03-29,2021-03-29 12:00:00,0.0,0.0,2,1,0.5
ab60,2021-03-29,2021-03-29 13:00:00,11.857142857142858,11.857142857142858,3,2,0.6666666666666666
ab60,2021-03-29,2021-03-29 14:00:00,0.0,0.0,4,1,0.25
ab60,2021-03-30,2021-03-30 01:00:00,0.0,0.0,4,4,1.0
ab60,2021-03-30,2021-03-30 02:00:00,1.8571428571428568,1.8571428571428568,6,3,0.5
ab60,2021-03-30,2021-03-30 03:00:00,0.0,0.0,1,1,1.0
ab60,2021-03-30,2021-03-30 04:00:00,11.25,11.25,3,2,0.6666666666666666
ab60,2021-03-30,2021-03-30 05:00:00,0.0,0.0,8,7,0.875
ab60,2021-03-30,2021-03-30 06:00:00,0.0,0.0,9,7,0.7777777777777778
ab60,2021-03-30,2021-03-30 07:00:00,0.0,0.0,5,5,1.0
ab60,2021-03-30,2021-03-30 08:00:00,0.0,0.0,7,5,0.7142857142857143
ab60,2021-03-30,2021-03-30 09:00:00,0.0,0.0,1,1,1.0
ab60,2021-03-30,2021-03-30 10:00:00,0.0,0.0,7,7,1.0
ab60,2021-03-30,2021-03-30 11:00:00,0.0,0.0,1,1,1.0
ab60,2021-03-30,2021-03-30 12:00:00,0.0,0.0,5,3,0.6
ab60,2021-03-30,2021-03-30 13:00:00,0.0,0.0,1,1,1.0
ab60,2021-03-30,2021-03-30 14:00:00,0.0,0.0,5,3,0.6
ab60,2021-03-31,2021-03-31 04:00:00,0.0,0.0,4,4,1.0
ab60,2021-03-31,2021-03-31 05:00:00,0.0,0.0,2,2,1.0
ab60,2021-03-31,2021-03-31 06:00:00,0.0,0.0,5,3,0.6
ab60,2021-03-31,2021-03-31 07:00:00,5.222222222222222,5.222222222222222,3,3,1.0
ab60,2021-03-31,2021-03-31 08:00:00,0.0,0.0,3,2,0.6666666666666666
ab60,2021-03-31,2021-03-31 13:00:00,4.25,4.25,7,7,1.0
ab60,2021-03-31,2021-03-31 14:00:00,4.666666666666667,4.666666666666667,4,4,1.0
ab60,2021-04-01,2021-04-01 01:00:00,,,4,0,0.0
ab60,2021-04-01,2021-04-01 04:00:00,0.0,0.0,1,1,1.0
ab60,2021-04-01,2021-04-01 05:00:00,0.0,0.0,9,7,0.7777777777777778
ab60,2021-04-01,2021-04-01 06:00:00,2.833333333333333,2.833333333333333,12,11,0.9166666666666666
ab60,2021-04-01,2021-04-01 07:00:00,0.0,0.0,8,5,0.625
ab60,2021-04-01,2021-04-01 08:00:00,0.0,0.0,4,4,1.0
ab60,2021-04-01,2021-04-01 13:00:00,0.0,0.0,6,6,1.0
ab60,2021-04-01,2021-04-01 14:00:00,0.0,0.0,1,1,1.0
ab60,2021-04-02,2021-04-02 01:00:00,9.5,9.5,2,1,0.5
ab60,2021-04-02,2021-04-02 02:00:00,,,1,0,0.0
ab60,2021-04-02,2021-04-02 03:00:00,0.0,0.0,8,7,0.875
ab60,2021-04-02,2021-04-02 04:00:00,0.0,0.0,7,7,1.0
ab60,2021-04-02,2021-04-02 05:00:00,0.0,0.0,3,3,1.0
ab60,2021-04-02,2021-04-02 06:00:00,0.0,0.0,1,1,1.0
ab60,2021-04-02,2021-04-02 07:00:00,0.0,0.0,6,4,0.6666666666666666
ab60,2021-04-02,2021-04-02 08:00:00,0.0,0.0,5,4,0.8
ab60,2021-04-02,2021-04-02 09:00:00,0.0,0.0,3,3,1.0
ab60,2021-04-02,2021-04-02 10:00:00,0.0,0.0,1,1,1.0
ab60,2021-04-02,2021-04-02 11:00:00,0.0,0.0,6,2,0.3333333333333333
ab60,2021-04-02,2021-04-02 12:00:00,0.0,0.0,6,4,0.6666666666666666
ab60,2021-04-02,2021-04-02 13:00:00,0.0,0.0,4,1,0.25
ab60,2021-04-02,2021-04-02 14:00:00,0.0,0.0,6,5,0.8333333333333334
ab60,2021-04-03,2021-04-03 03:00:00,0.0,0.0,5,2,0.4
ab60,2021-04-03,2021-04-03 05:00:00,0.0,0.0,3,3,1.0
ab60,2021-04-03,2021-04-03 06:00:00,16.285714285714285,8.285714285714286,11,10,0.9090909090909091
ab60,2021-04-03,2021-04-03 07:00:00,5.857142857142857,5.857142857142857,6,5,0.8333333333333334
ab60,2021-04-03,2021-04-03 08:00:00,8.0,8.0,7,6,0.8571428571428571
ab60,2021-04-03,2021-04-03 09:00:00,,,3,0,0.0
ab60,2021-04-04,2021-04-04 03:00:00,0.0,0.0,1,1,1.0
ab60,2021-04-04,2021-04-04 04:00:00,0.0,0.0,4,4,1.0
ab60,2021-04-04,2021-04-04 05:00:00,0.0,0.0,2,2,1.0
ab60,2021-04-04,2021-04-04 12:00:00,0.0,0.0,8,6,0.75
ab60,2021-04-04,2021-04-04 13:00:00,0.0,0.0,3,1,0.3333333333333333
am77,2021-03-05,2021-03-05 07:00:00,,,3,0,0.0
am77,2021-03-05,2021-03-05 08:00:00,,,1,0,0.0
am77,2021-03-05,2021-03-05 22:00:00,,,3,0,0.0
am77,2021-03-05,2021-03-05 23:00:00,,,2,0,0.0
am77,2021-03-06,2021-03-06 00:00:00,,,1,0,0.0
am77,2021-03-06,2021-03-06 01:00:00,,,3,0,0.0
am77,2021-03-06,2021-03-06 02:00:00,,,1,0,0.0
am77,2021-03-06,2021-03-06 03:00:00,,,4,0,0.0
am77,2021-03-06,2021-03-06 11:00:00,,,1,0,0.0
am77,2021-03-06,2021-03-06 12:00:00,,,1,0,0.0
am77,2021-03-07,2021-03-07 00:00:00,,,1,0,0.0
am77,2021-03-07,2021-03-07 01:00:00,,,3,0,0.0
am77,2021-03-07,2021-03-07 05:00:00,,,3,0,0.0
am77,2021-03-07,2021-03-07 07:00:00,,,2,0,0.0
am77,2021-03-07,2021-03-07 10:00:00,,,1,0,0.0
am77,2021-03-07,2021-03-07 11:00:00,,,1,0,0.0
am77,2021-03-07,2021-03-07 12:00:00,,,4,0,0.0
am77,2021-03-08,2021-03-08 02:00:00,0.0,0.0,1,1,1.0
am77,2021-03-08,2021-03-08 05:00:00,,,1,0,0.0
am77,2021-03-08,2021-03-08 08:00:00,,,1,0,0.0
am77,2021-03-08,2021-03-08 13:00:00,0.0,0.0,2,1,0.5
am77,2021-03-09,2021-03-09 00:00:00,0.0,0.0,2,1,0.5
am77,2021-03-09,2021-03-09 04:00:00,0.0,0.0,1,1,1.0
am77,2021-03-09,2021-03-09 06:00:00,11.0,11.0,1,1,1.0
am77,2021-03-09,2021-03-09 07:00:00,,,1,0,0.0
am77,2021-03-09,2021-03-09 09:00:00,0.0,0.0,2,1,0.5
am77,2021-03-09,2021-03-09 12:00:00,0.0,0.0,2,2,1.0
am77,2021-03-09,2021-03-09 13:00:00,,,3,0,0.0
am77,2021-03-09,2021-03-09 23:00:00,0.5,0.5,3,2,0.6666666666666666
am77,2021-03-10,2021-03-10 01:00:00,,,2,0,0.0
am77,2021-03-10,2021-03-10 05:00:00,0.0,0.0,1,1,1.0
am77,2021-03-10,2021-03-10 06:00:00,0.0,0.0,1,1,1.0
am77,2021-03-11,2021-03-11 02:00:00,0.0,0.0,1,1,1.0
am77,2021-03-11,2021-03-11 03:00:00,,,1,0,0.0
am77,2021-03-11,2021-03-11 05:00:00,23.0,23.0,2,2,1.0
am77,2021-03-11,2021-03-11 10:00:00,0.0,0.0,1,1,1.0
am77,2021-03-11,2021-03-11 11:00:00,0.0,0.0,4,4,1.0
am77,2021-03-11,2021-03-11 12:00:00,0.0,0.0,1,1,1.0
am77,2021-03-11,2021-03-11 21:00:00,,,1,0,0.0
am77,2021-03-12,2021-03-12 01:00:00,0.0,0.0,1,1,1.0
am77,2021-03-12,2021-03-12 11:00:00,,,1,0,0.0
am77,2021-03-12,2021-03-12 12:00:00,0.0,0.0,1,1,1.0
am77,2021-03-12,2021-03-12 13:00:00,,,1,0,0.0
am77,2021-03-12,2021-03-12 21:00:00,0.0,0.0,2,1,0.5
am77,2021-03-12,2021-03-12 22:00:00,0.0,0.0,2,2,1.0
am77,2021-03-13,2021-03-13 04:00:00,,,1,0,0.0
am77,2021-03-13,2021-03-13 06:00:00,,,1,0,0.0
am77,2021-03-13,2021-03-13 10:00:00,,,1,0,0.0
am77,2021-03-13,2021-03-13 11:00:00,,,1,0,0.0
am77,2021-03-13,2021-03-13 12:00:00,,,2,0,0.0
am77,2021-03-13,2021-03-13 14:00:00,0.0,0.0,5,2,0.4
am77,2021-03-14,2021-03-14 00:00:00,0.0,0.0,1,1,1.0
am77,2021-03-14,2021-03-14 01:00:00,0.0,0.0,1,1,1.0
am77,2021-03-14,2021-03-14 02:00:00,0.0,0.0,2,2,1.0
am77,2021-03-14,2021-03-14 03:00:00,0.0,0.0,2,2,1.0
am77,2021-03-14,2021-03-14 07:00:00,,,1,0,0.0
am77,2021-03-14,2021-03-14 10:00:00,,,3,0,0.0
am77,2021-03-14,2021-03-14 13:00:00,,,4,0,0.0
am77,2021-03-15,2021-03-15 00:00:00,,,1,0,0.0
am77,2021-03-15,2021-03-15 05:00:00,0.0,0.0,1,1,1.0
am77,2021-03-15,2021-03-15 10:00:00,0.0,0.0,2,1,0.5
am77,2021-03-15,2021-03-15 12:00:00,0.0,0.0,1,1,1.0
am77,2021-03-16,2021-03-16 03:00:00,,,1,0,0.0
am77,2021-03-16,2021-03-16 04:00:00,,,1,0,0.0
am77,2021-03-16,2021-03-16 05:00:00,0.0,0.0,3,1,0.3333333333333333
am77,2021-03-16,2021-03-16 11:00:00,,,1,0,0.0
am77,2021-03-16,2021-03-16 12:00:00,5.714285714285714,5.714285714285714,1,1,1.0
am77,2021-03-17,2021-03-17 01:00:00,,,8,0,0.0
am77,2021-03-17,2021-03-17 02:00:00,,,1,0,0.0
am77,2021-03-17,2021-03-17 03:00:00,,,1,0,0.0
am77,2021-03-17,2021-03-17 04:00:00,,,1,0,0.0
am77,2021-03-17,2021-03-17 06:00:00,,,2,0,0.0
am77,2021-03-17,2021-03-17 08:00:00,0.0,0.0,4,3,0.75
am77,2021-03-17,2021-03-17 13:00:00,0.0,0.0,1,1,1.0
am77,2021-03-18,2021-03-18 04:00:00,0.0,0.0,2,1,0.5
am77,2021-03-19,2021-03-19 02:00:00,,,1,0,0.0
am77,2021-03-19,2021-03-19 11:00:00,0.0,0.0,2,2,1.0
am77,2021-03-19,2021-03-19 12:00:00,0.0,0.0,4,2,0.5
am77,2021-03-19,2021-03-19 13:00:00,0.0,0.0,1,1,1.0
am77,2021-03-20,2021-03-20 00:00:00,,,1,0,0.0
am77,2021-03-20,2021-03-20 01:00:00,,,2,0,0.0
am77,2021-03-20,2021-03-20 02:00:00,,,12,0,0.0
am77,2021-03-20,2021-03-20 03:00:00,0.0,0.0,8,4,0.5
am77,2021-03-20,2021-03-20 04:00:00,0.0,0.0,3,2,0.6666666666666666
am77,2021-03-20,2021-03-20 05:00:00,0.0,0.0,1,1,1.0
am77,2021-03-20,2021-03-20 06:00:00,0.0,0.0,2,2,1.0
am77,2021-03-20,2021-03-20 07:00:00,0.0,0.0,3,2,0.6666666666666666
am77,2021-03-20,2021-03-20 08:00:00,0.0,0.0,3,2,0.6666666666666666
am77,2021-03-20,2021-03-20 09:00:00,0.0,0.0,2,1,0.5
am77,2021-03-20,2021-03-20 12:00:00,14.0,14.0,2,2,1.0
am77,2021-03-20,2021-03-20 13:00:00,0.0,0.0,1,1,1.0
am77,2021-03-21,2021-03-21 01:00:00,3.0,3.0,1,1,1.0
am77,2021-03-22,2021-03-22 09:00:00,,,1,0,0.0
am77,2021-03-22,2021-03-22 10:00:00,2.4,2.4,2,1,0.5
am77,2021-03-23,2021-03-23 00:00:00,0.0,0.0,2,1,0.5
am77,2021-03-23,2021-03-23 04:00:00,16.916666666666664,15.666666666666666,2,2,1.0
am77,2021-03-23,2021-03-23 11:00:00,0.0,0.0,2,1,0.5
am77,2021-03-24,2021-03-24 08:00:00,,,1,0,0.0
am77,2021-03-25,2021-03-25 13:00:00,0.0,0.0,2,1,0.5
am77,2021-03-25,2021-03-25 23:00:00,,,1,0,0.0
am77,2021-03-26,2021-03-26 00:00:00,0.0,0.0,2,1,0.5
am77,2021-03-26,2021-03-26 05:00:00,12.0,12.0,1,1,1.0
am77,2021-03-26,2021-03-26 06:00:00,0.0,0.0,4,2,0.5
am77,2021-03-26,2021-03-26 09:00:00,,,1,0,0.0
am77,2021-03-26,2021-03-26 12:00:00,,,1,0,0.0
am77,2021-03-26,2021-03-26 22:00:00,0.0,0.0,2,1,0.5
am77,2021-03-27,2021-03-27 02:00:00,,,1,0,0.0
am77,2021-03-27,2021-03-27 03:00:00,,,1,0,0.0
am77,2021-03-27,2021-03-27 04:00:00,,,1,0,0.0
am77,2021-03-27,2021-03-27 08:00:00,0.0,0.0,7,1,0.14285714285714285
am77,2021-03-27,2021-03-27 09:00:00,,,3,0,0.0
am77,2021-03-27,2021-03-27 12:00:00,0.0,0.0,2,1,0.5
am77,2021-03-27,2021-03-27 13:00:00,0.0,0.0,2,2,1.0
am77,2021-03-27,2021-03-27 15:00:00,0.0,0.0,1,1,1.0
am77,2021-03-28,2021-03-28 05:00:00,0.0,0.0,3,2,0.6666666666666666
am77,2021-03-28,2021-03-28 06:00:00,0.0,0.0,4,1,0.25
am77,2021-03-28,2021-03-28 07:00:00,0.0,0.0,4,2,0.5
am77,2021-03-28,2021-03-28 08:00:00,0.0,0.0,1,1,1.0
am77,2021-03-28,2021-03-28 10:00:00,,,1,0,0.0
am77,2021-03-28,2021-03-28 11:00:00,0.0,0.0,2,1,0.5
am77,2021-03-28,2021-03-28 12:00:00,0.0,0.0,1,1,1.0
am77,2021-03-29,2021-03-29 04:00:00,0.0,0.0,1,1,1.0
am77,2021-03-29,2021-03-29 08:00:00,0.0,0.0,2,1,0.5
am77,2021-03-29,2021-03-29 09:00:00,0.0,0.0,2,2,1.0
am77,2021-03-30,2021-03-30 05:00:00,,,1,0,0.0
am77,2021-03-30,2021-03-30 07:00:00,,,1,0,0.0
am77,2021-03-30,2021-03-30 10:00:00,,,1,0,0.0
am77,2021-03-30,2021-03-30 11:00:00,0.0,0.0,1,1,1.0
am77,2021-03-31,2021-03-31 00:00:00,,,1,0,0.0
am77,2021-03-31,2021-03-31 03:00:00,0.0,0.0,1,1,1.0
am77,2021-03-31,2021-03-31 11:00:00,7.75,7.75,1,1,1.0
am77,2021-03-31,2021-03-31 13:00:00,,,1,0,0.0
am77,2021-04-01,2021-04-01 03:00:00,,,1,0,0.0
am77,2021-04-01,2021-04-01 04:00:00,,,1,0,0.0
am77,2021-04-01,2021-04-01 05:00:00,,,1,0,0.0
am77,2021-04-01,2021-04-01 11:00:00,,,1,0,0.0
am77,2021-04-01,2021-04-01 13:00:00,,,1,0,0.0
am77,2021-04-01,2021-04-01 22:00:00,,,1,0,0.0
am77,2021-04-02,2021-04-02 03:00:00,,,1,0,0.0
am77,2021-04-02,2021-04-02 15:00:00,,,2,0,0.0
am77,2021-04-02,2021-04-02 22:00:00,,,1,0,0.0
am77,2021-04-03,2021-04-03 01:00:00,,,3,0,0.0
am77,2021-04-03,2021-04-03 07:00:00,,,3,0,0.0
am77,2021-04-03,2021-04-03 13:00:00,0.0,0.0,4,1,0.25
am77,2021-04-03,2021-04-03 23:00:00,,,1,0,0.0
am77,2021-04-04,2021-04-04 05:00:00,0.0,0.0,2,1,0.5
am77,2021-04-04,2021-04-04 07:00:00,0.0,0.0,3,1,0.3333333333333333
am77,2021-04-04,2021-04-04 10:00:00,,,3,0,0.0
am77,2021-04-04,2021-04-04 12:00:00,0.0,0.0,1,1,1.0
av54,2021-03-08,2021-03-08 00:00:00,,,3,0,0.0
av54,2021-03-08,2021-03-08 01:00:00,,,2,0,0.0
av54,2021-03-08,2021-03-08 02:00:00,,,1,0,0.0
av54,2021-03-08,2021-03-08 03:00:00,,,3,0,0.0
av54,2021-03-08,2021-03-08 11:00:00,,,1,0,0.0
av54,2021-03-08,2021-03-08 12:00:00,,,1,0,0.0
av54,2021-03-08,2021-03-08 13:00:00,,,1,0,0.0
av54,2021-03-09,2021-03-09 00:00:00,,,5,0,0.0
av54,2021-03-09,2021-03-09 01:00:00,,,2,0,0.0
av54,2021-03-09,2021-03-09 03:00:00,,,2,0,0.0
av54,2021-03-09,2021-03-09 05:00:00,,,6,0,0.0
av54,2021-03-09,2021-03-09 06:00:00,,,2,0,0.0
av54,2021-03-09,2021-03-09 07:00:00,,,1,0,0.0
av54,2021-03-09,2021-03-09 12:00:00,,,1,0,0.0
av54,2021-03-09,2021-03-09 15:00:00,,,1,0,0.0
av54,2021-03-10,2021-03-10 02:00:00,,,1,0,0.0
av54,2021-03-10,2021-03-10 04:00:00,,,2,0,0.0
av54,2021-03-10,2021-03-10 06:00:00,,,1,0,0.0
av54,2021-03-10,2021-03-10 14:00:00,,,4,0,0.0
av54,2021-03-10,2021-03-10 23:00:00,,,1,0,0.0
av54,2021-03-11,2021-03-11 01:00:00,,,1,0,0.0
av54,2021-03-11,2021-03-11 03:00:00,,,2,0,0.0
av54,2021-03-11,2021-03-11 05:00:00,,,1,0,0.0
av54,2021-03-11,2021-03-11 06:00:00,,,2,0,0.0
av54,2021-03-12,2021-03-12 14:00:00,,,2,0,0.0
av54,2021-03-12,2021-03-12 15:00:00,,,3,0,0.0
av54,2021-03-13,2021-03-13 00:00:00,,,7,0,0.0
av54,2021-03-13,2021-03-13 01:00:00,,,8,0,0.0
av54,2021-03-13,2021-03-13 02:00:00,,,9,0,0.0
av54,2021-03-13,2021-03-13 03:00:00,,,4,0,0.0
av54,2021-03-13,2021-03-13 09:00:00,,,1,0,0.0
av54,2021-03-14,2021-03-14 07:00:00,,,8,0,0.0
av54,2021-03-14,2021-03-14 10:00:00,0.0,0.0,7,1,0.14285714285714285
av54,2021-03-14,2021-03-14 11:00:00,,,1,0,0.0
av54,2021-03-14,2021-03-14 13:00:00,,,5,0,0.0
av54,2021-03-14,2021-03-14 23:00:00,,,1,0,0.0
av54,2021-03-15,2021-03-15 00:00:00,,,3,0,0.0
av54,2021-03-15,2021-03-15 01:00:00,,,2,0,0.0
av54,2021-03-15,2021-03-15 02:00:00,,,1,0,0.0
av54,2021-03-15,2021-03-15 03:00:00,0.0,0.0,7,1,0.14285714285714285
av54,2021-03-15,2021-03-15 04:00:00,,,1,0,0.0
av54,2021-03-15,2021-03-15 05:00:00,,,4,0,0.0
av54,2021-03-15,2021-03-15 08:00:00,,,3,0,0.0
av54,2021-03-15,2021-03-15 12:00:00,,,1,0,0.0
av54,2021-03-16,2021-03-16 00:00:00,,,2,0,0.0
av54,2021-03-16,2021-03-16 06:00:00,,,2,0,0.0
av54,2021-03-16,2021-03-16 07:00:00,,,1,0,0.0
av54,2021-03-16,2021-03-16 08:00:00,0.0,0.0,5,1,0.2
av54,2021-03-16,2021-03-16 10:00:00,,,1,0,0.0
av54,2021-03-16,2021-03-16 11:00:00,,,4,0,0.0
av54,2021-03-16,2021-03-16 12:00:00,,,3,0,0.0
av54,2021-03-17,2021-03-17 00:00:00,,,6,0,0.0
av54,2021-03-17,2021-03-17 01:00:00,,,2,0,0.0
av54,2021-03-17,2021-03-17 02:00:00,,,3,0,0.0
av54,2021-03-17,2021-03-17 03:00:00,25.0,25.0,1,1,1.0
av54,2021-03-17,2021-03-17 04:00:00,,,1,0,0.0
av54,2021-03-17,2021-03-17 05:00:00,,,1,0,0.0
av54,2021-03-17,2021-03-17 08:00:00,,,1,0,0.0
av54,2021-03-17,2021-03-17 11:00:00,,,3,0,0.0
av54,2021-03-17,2021-03-17 12:00:00,,,9,0,0.0
av54,2021-03-17,2021-03-17 13:00:00,,,7,0,0.0
av54,2021-03-17,2021-03-17 14:00:00,,,3,0,0.0
av54,2021-03-18,2021-03-18 00:00:00,,,1,0,0.0
av54,2021-03-18,2021-03-18 07:00:00,,,2,0,0.0
av54,2021-03-18,2021-03-18 08:00:00,,,1,0,0.0
av54,2021-03-18,2021-03-18 23:00:00,,,2,0,0.0
av54,2021-03-19,2021-03-19 00:00:00,,,3,0,0.0
av54,2021-03-19,2021-03-19 01:00:00,,,2,0,0.0
av54,2021-03-19,2021-03-19 02:00:00,,,4,0,0.0
av54,2021-03-19,2021-03-19 03:00:00,,,1,0,0.0
av54,2021-03-19,2021-03-19 06:00:00,,,1,0,0.0
av54,2021-03-19,2021-03-19 08:00:00,,,1,0,0.0
av54,2021-03-19,2021-03-19 14:00:00,0.0,0.0,1,1,1.0
av54,2021-03-20,2021-03-20 00:00:00,,,2,0,0.0
av54,2021-03-20,2021-03-20 01:00:00,,,5,0,0.0
av54,2021-03-20,2021-03-20 02:00:00,,,9,0,0.0
av54,2021-03-20,2021-03-20 03:00:00,,,3,0,0.0
av54,2021-03-20,2021-03-20 13:00:00,3.5,3.5,5,1,0.2
av54,2021-03-20,2021-03-20 14:00:00,,,3,0,0.0
av54,2021-03-21,2021-03-21 11:00:00,0.0,0.0,3,1,0.3333333333333333
av54,2021-03-21,2021-03-21 12:00:00,,,3,0,0.0
av54,2021-03-21,2021-03-21 13:00:00,,,2,0,0.0
av54,2021-03-21,2021-03-21 23:00:00,,,3,0,0.0
av54,2021-03-22,2021-03-22 01:00:00,,,1,0,0.0
av54,2021-03-22,2021-03-22 03:00:00,,,1,0,0.0
av54,2021-03-22,2021-03-22 04:00:00,,,1,0,0.0
av54,2021-03-22,2021-03-22 05:00:00,,,4,0,0.0
av54,2021-03-22,2021-03-22 06:00:00,,,2,0,0.0
av54,2021-03-22,2021-03-22 08:00:00,,,3,0,0.0
av54,2021-03-22,2021-03-22 10:00:00,,,1,0,0.0
av54,2021-03-22,2021-03-22 23:00:00,,,2,0,0.0
av54,2021-03-23,2021-03-23 01:00:00,,,1,0,0.0
av54,2021-03-23,2021-03-23 02:00:00,,,2,0,0.0
av54,2021-03-23,2021-03-23 05:00:00,,,1,0,0.0
av54,2021-03-23,2021-03-23 06:00:00,,,1,0,0.0
av54,2021-03-23,2021-03-23 22:00:00,,,1,0,0.0
av54,2021-03-24,2021-03-24 00:00:00,,,1,0,0.0
av54,2021-03-24,2021-03-24 01:00:00,,,4,0,0.0
av54,2021-03-24,2021-03-24 02:00:00,,,1,0,0.0
av54,2021-03-24,2021-03-24 06:00:00,,,5,0,0.0
av54,2021-03-24,2021-03-24 07:00:00,,,1,0,0.0
av54,2021-03-24,2021-03-24 12:00:00,,,2,0,0.0
av54,2021-03-24,2021-03-24 13:00:00,,,1,0,0.0
av54,2021-03-25,2021-03-25 00:00:00,,,1,0,0.0
av54,2021-03-25,2021-03-25 03:00:00,3.5,3.5,1,1,1.0
av54,2021-03-25,2021-03-25 04:00:00,,,1,0,0.0
av54,2021-03-25,2021-03-25 05:00:00,,,1,0,0.0
av54,2021-03-25,2021-03-25 06:00:00,,,1,0,0.0
av54,2021-03-25,2021-03-25 13:00:00,,,2,0,0.0
av54,2021-03-25,2021-03-25 23:00:00,,,2,0,0.0
av54,2021-03-26,2021-03-26 09:00:00,,,2,0,0.0
av54,2021-03-26,2021-03-26 12:00:00,,,3,0,0.0
av54,2021-03-26,2021-03-26 13:00:00,,,4,0,0.0
av54,2021-03-26,2021-03-26 14:00:00,,,1,0,0.0
av54,2021-03-28,2021-03-28 11:00:00,,,1,0,0.0
av54,2021-03-28,2021-03-28 12:00:00,,,1,0,0.0
av54,2021-03-28,2021-03-28 14:00:00,,,2,0,0.0
av54,2021-03-28,2021-03-28 15:00:00,,,1,0,0.0
av54,2021-03-28,2021-03-28 23:00:00,,,3,0,0.0
av54,2021-03-29,2021-03-29 00:00:00,,,5,0,0.0
av54,2021-03-29,2021-03-29 01:00:00,,,2,0,0.0
av54,2021-03-29,2021-03-29 02:00:00,,,1,0,0.0
av54,2021-03-29,2021-03-29 05:00:00,,,3,0,0.0
av54,2021-03-29,2021-03-29 06:00:00,,,2,0,0.0
av54,2021-03-29,2021-03-29 07:00:00,,,3,0,0.0
av54,2021-03-29,2021-03-29 09:00:00,,,1,0,0.0
av54,2021-03-29,2021-03-29 23:00:00,,,2,0,0.0
av54,2021-03-30,2021-03-30 01:00:00,,,2,0,0.0
av54,2021-03-30,2021-03-30 03:00:00,,,1,0,0.0
av54,2021-03-30,2021-03-30 06:00:00,,,1,0,0.0
av54,2021-03-30,2021-03-30 07:00:00,,,1,0,0.0
av54,2021-03-30,2021-03-30 13:00:00,,,2,0,0.0
av54,2021-03-30,2021-03-30 14:00:00,,,3,0,0.0
av54,2021-03-30,2021-03-30 23:00:00,,,6,0,0.0
av54,2021-03-31,2021-03-31 00:00:00,,,1,0,0.0
av54,2021-03-31,2021-03-31 01:00:00,,,3,0,0.0
av54,2021-03-31,2021-03-31 04:00:00,,,4,0,0.0
av54,2021-03-31,2021-03-31 23:00:00,,,2,0,0.0
av54,2021-04-01,2021-04-01 04:00:00,,,1,0,0.0
av54,2021-04-01,2021-04-01 05:00:00,,,1,0,0.0
av54,2021-04-01,2021-04-01 06:00:00,,,1,0,0.0
av54,2021-04-01,2021-04-01 11:00:00,,,5,0,0.0
av54,2021-04-01,2021-04-01 12:00:00,,,2,0,0.0
av54,2021-04-01,2021-04-01 13:00:00,,,3,0,0.0
av54,2021-04-01,2021-04-01 14:00:00,,,3,0,0.0
av54,2021-04-02,2021-04-02 03:00:00,,,2,0,0.0
av54,2021-04-02,2021-04-02 04:00:00,,,2,0,0.0
av54,2021-04-02,2021-04-02 06:00:00,,,1,0,0.0
av54,2021-04-02,2021-04-02 14:00:00,,,1,0,0.0
av54,2021-04-03,2021-04-03 00:00:00,,,1,0,0.0
av54,2021-04-03,2021-04-03 03:00:00,,,2,0,0.0
av54,2021-04-03,2021-04-03 04:00:00,,,4,0,0.0
av54,2021-04-03,2021-04-03 05:00:00,,,12,0,0.0
av54,2021-04-03,2021-04-03 06:00:00,,,5,0,0.0
av54,2021-04-03,2021-04-03 07:00:00,,,7,0,0.0
av54,2021-04-03,2021-04-03 08:00:00,,,2,0,0.0
av54,2021-04-03,2021-04-03 09:00:00,,,2,0,0.0
av54,2021-04-03,2021-04-03 10:00:00,,,2,0,0.0
av54,2021-04-03,2021-04-03 12:00:00,,,6,0,0.0
av54,2021-04-03,2021-04-03 13:00:00,,,5,0,0.0
ba30,2021-03-04,2021-03-04 04:00:00,,,5,0,0.0
ba30,2021-03-11,2021-03-11 07:00:00,0.0,0.0,5,2,0.4
ba30,2021-03-11,2021-03-11 08:00:00,0.0,0.0,2,1,0.5
ba30,2021-03-11,2021-03-11 09:00:00,0.0,0.0,6,2,0.3333333333333333
ba30,2021-03-11,2021-03-11 10:00:00,0.0,0.0,5,1,0.2
ba30,2021-03-11,2021-03-11 11:00:00,,,9,0,0.0
ba30,2021-03-11,2021-03-11 12:00:00,0.0,0.0,5,1,0.2
ba30,2021-03-11,2021-03-11 13:00:00,0.0,0.0,11,3,0.2727272727272727
ba30,2021-03-11,2021-03-11 14:00:00,,,2,0,0.0
ba30,2021-03-12,2021-03-12 02:00:00,,,1,0,0.0
ba30,2021-03-12,2021-03-12 04:00:00,,,1,0,0.0
ba30,2021-03-12,2021-03-12 06:00:00,,,1,0,0.0
ba30,2021-03-12,2021-03-12 07:00:00,,,1,0,0.0
ba30,2021-03-12,2021-03-12 09:00:00,,,1,0,0.0
ba30,2021-03-12,2021-03-12 10:00:00,,,1,0,0.0
ba30,2021-03-12,2021-03-12 11:00:00,0.0,0.0,4,1,0.25
ba30,2021-03-12,2021-03-12 14:00:00,,,1,0,0.0
ba30,2021-03-13,2021-03-13 00:00:00,0.0,0.0,9,3,0.3333333333333333
ba30,2021-03-13,2021-03-13 01:00:00,0.0,0.0,4,2,0.5
ba30,2021-03-13,2021-03-13 02:00:00,0.0,0.0,5,1,0.2
ba30,2021-03-13,2021-03-13 03:00:00,0.0,0.0,8,1,0.125
ba30,2021-03-13,2021-03-13 04:00:00,,,4,0,0.0
ba30,2021-03-13,2021-03-13 05:00:00,,,1,0,0.0
ba30,2021-03-13,2021-03-13 07:00:00,,,1,0,0.0
ba30,2021-03-13,2021-03-13 08:00:00,,,4,0,0.0
ba30,2021-03-13,2021-03-13 09:00:00,0.0,0.0,2,1,0.5
ba30,2021-03-13,2021-03-13 10:00:00,,,5,0,0.0
ba30,2021-03-13,2021-03-13 11:00:00,0.0,0.0,8,2,0.25
ba30,2021-03-13,2021-03-13 12:00:00,,,3,0,0.0
ba30,2021-03-13,2021-03-13 13:00:00,,,2,0,0.0
ba30,2021-03-13,2021-03-13 15:00:00,0.0,0.0,4,1,0.25
ba30,2021-03-13,2021-03-13 16:00:00,,,2,0,0.0
ba30,2021-03-14,2021-03-14 01:00:00,,,2,0,0.0
ba30,2021-03-14,2021-03-14 02:00:00,0.0,0.0,3,1,0.3333333333333333
ba30,2021-03-14,2021-03-14 06:00:00,,,1,0,0.0
ba30,2021-03-14,2021-03-14 08:00:00,2.7142857142857144,2.7142857142857144,1,1,1.0
ba30,2021-03-14,2021-03-14 09:00:00,0.0,0.0,1,1,1.0
ba30,2021-03-14,2021-03-14 12:00:00,0.0,0.0,3,1,0.3333333333333333
ba30,2021-03-14,2021-03-14 13:00:00,,,4,0,0.0
ba30,2021-03-15,2021-03-15 02:00:00,,,1,0,0.0
ba30,2021-03-15,2021-03-15 07:00:00,,,1,0,0.0
ba30,2021-03-15,2021-03-15 09:00:00,,,1,0,0.0
ba30,2021-03-15,2021-03-15 10:00:00,,,1,0,0.0
ba30,2021-03-15,2021-03-15 12:00:00,0.0,0.0,3,2,0.6666666666666666
ba30,2021-03-15,2021-03-15 13:00:00,,,4,0,0.0
ba30,2021-03-16,2021-03-16 01:00:00,2.8,2.8,3,3,1.0
ba30,2021-03-16,2021-03-16 02:00:00,0.0,0.0,2,1,0.5
ba30,2021-03-16,2021-03-16 03:00:00,0.0,0.0,5,3,0.6
ba30,2021-03-16,2021-03-16 04:00:00,,,1,0,0.0
ba30,2021-03-16,2021-03-16 05:00:00,,,3,0,0.0
ba30,2021-03-16,2021-03-16 06:00:00,,,3,0,0.0
ba30,2021-03-16,2021-03-16 07:00:00,0.0,0.0,5,1,0.2
ba30,2021-03-16,2021-03-16 08:00:00,0.0,0.0,3,1,0.3333333333333333
ba30,2021-03-16,2021-03-16 09:00:00,0.0,0.0,3,2,0.6666666666666666
ba30,2021-03-16,2021-03-16 10:00:00,,,1,0,0.0
ba30,2021-03-16,2021-03-16 11:00:00,,,1,0,0.0
ba30,2021-03-16,2021-03-16 12:00:00,0.0,0.0,5,4,0.8
ba30,2021-03-16,2021-03-16 13:00:00,0.0,0.0,4,3,0.75
ba30,2021-03-16,2021-03-16 14:00:00,4.25,4.25,2,2,1.0
ba30,2021-03-17,2021-03-17 02:00:00,0.0,0.0,5,4,0.8
ba30,2021-03-17,2021-03-17 03:00:00,0.0,0.0,3,3,1.0
ba30,2021-03-17,2021-03-17 04:00:00,0.0,0.0,6,3,0.5
ba30,2021-03-17,2021-03-17 08:00:00,0.0,0.0,2,1,0.5
ba30,2021-03-18,2021-03-18 01:00:00,0.0,0.0,4,4,1.0
ba30,2021-03-18,2021-03-18 02:00:00,0.0,0.0,4,3,0.75
ba30,2021-03-18,2021-03-18 03:00:00,0.0,0.0,1,1,1.0
ba30,2021-03-18,2021-03-18 05:00:00,0.0,0.0,3,1,0.3333333333333333
ba30,2021-03-18,2021-03-18 06:00:00,0.0,0.0,1,1,1.0
ba30,2021-03-18,2021-03-18 08:00:00,,,2,0,0.0
ba30,2021-03-18,2021-03-18 09:00:00,,,1,0,0.0
ba30,2021-03-18,2021-03-18 10:00:00,0.0,0.0,3,2,0.6666666666666666
ba30,2021-03-18,2021-03-18 11:00:00,0.0,0.0,7,3,0.42857142857142855
ba30,2021-03-19,2021-03-19 00:00:00,,,7,0,0.0
ba30,2021-03-19,2021-03-19 01:00:00,66.0,66.0,4,1,0.25
ba30,2021-03-19,2021-03-19 02:00:00,0.0,0.0,7,5,0.7142857142857143
ba30,2021-03-19,2021-03-19 03:00:00,1.8823529411764703,1.8823529411764703,4,1,0.25
ba30,2021-03-19,2021-03-19 04:00:00,4.6,4.6,6,4,0.6666666666666666
ba30,2021-03-19,2021-03-19 05:00:00,,,4,0,0.0
ba30,2021-03-19,2021-03-19 06:00:00,0.0,0.0,5,2,0.4
ba30,2021-03-19,2021-03-19 07:00:00,,,4,0,0.0
ba30,2021-03-19,2021-03-19 08:00:00,,,4,0,0.0
ba30,2021-03-20,2021-03-20 00:00:00,0.0,0.0,7,1,0.14285714285714285
ba30,2021-03-20,2021-03-20 01:00:00,0.0,0.0,8,2,0.25
ba30,2021-03-20,2021-03-20 02:00:00,0.0,0.0,8,3,0.375
ba30,2021-03-20,2021-03-20 03:00:00,,,4,0,0.0
ba30,2021-03-20,2021-03-20 08:00:00,0.0,0.0,2,1,0.5
ba30,2021-03-20,2021-03-20 10:00:00,0.0,0.0,1,1,1.0
ba30,2021-03-20,2021-03-20 11:00:00,2.0,2.0,10,7,0.7
ba30,2021-03-20,2021-03-20 12:00:00,0.0,0.0,5,2,0.4
ba30,2021-03-20,2021-03-20 13:00:00,,,9,0,0.0
ba30,2021-03-21,2021-03-21 00:00:00,0.0,0.0,6,4,0.6666666666666666
ba30,2021-03-21,2021-03-21 01:00:00,0.0,0.0,3,2,0.6666666666666666
ba30,2021-03-21,2021-03-21 02:00:00,0.0,0.0,9,3,0.3333333333333333
ba30,2021-03-21,2021-03-21 03:00:00,,,1,0,0.0
ba30,2021-03-21,2021-03-21 06:00:00,,,1,0,0.0
ba30,2021-03-21,2021-03-21 07:00:00,0.0,0.0,4,1,0.25
ba30,2021-03-21,2021-03-21 08:00:00,0.0,0.0,5,2,0.4
ba30,2021-03-21,2021-03-21 09:00:00,24.666666666666668,24.666666666666668,7,4,0.5714285714285714
ba30,2021-03-23,2021-03-23 03:00:00,4.0,4.0,8,5,0.625
ba30,2021-03-23,2021-03-23 05:00:00,,,1,0,0.0
ba30,2021-03-23,2021-03-23 06:00:00,0.0,0.0,2,1,0.5
ba30,2021-03-23,2021-03-23 07:00:00,0.0,0.0,3,1,0.3333333333333333
ba30,2021-03-23,2021-03-23 08:00:00,0.0,0.0,3,2,0.6666666666666666
ba30,2021-03-23,2021-03-23 09:00:00,0.0,0.0,1,1,1.0
ba30,2021-03-23,2021-03-23 23:00:00,20.5,20.5,4,1,0.25
ba30,2021-03-24,2021-03-24 00:00:00,,,4,0,0.0
ba30,2021-03-24,2021-03-24 01:00:00,,,1,0,0.0
ba30,2021-03-24,2021-03-24 02:00:00,,,3,0,0.0
ba30,2021-03-24,2021-03-24 04:00:00,0.0,0.0,2,1,0.5
ba30,2021-03-24,2021-03-24 05:00:00,,,8,0,0.0
ba30,2021-03-24,2021-03-24 06:00:00,0.0,0.0,6,3,0.5
ba30,2021-03-24,2021-03-24 07:00:00,19.5,14.0,5,2,0.4
ba30,2021-03-24,2021-03-24 08:00:00,0.0,0.0,3,1,0.3333333333333333
ba30,2021-03-24,2021-03-24 09:00:00,0.0,0.0,7,4,0.5714285714285714
ba30,2021-03-24,2021-03-24 10:00:00,0.0,0.0,5,2,0.4
ba30,2021-03-24,2021-03-24 11:00:00,7.5,7.5,8,1,0.125
ba30,2021-03-24,2021-03-24 12:00:00,0.0,0.0,7,3,0.42857142857142855
ba30,2021-03-24,2021-03-24 13:00:00,0.0,0.0,3,1,0.3333333333333333
ba30,2021-03-24,2021-03-24 14:00:00,0.0,0.0,4,1,0.25
ba30,2021-03-25,2021-03-25 01:00:00,0.0,0.0,1,1,1.0
ba30,2021-03-25,2021-03-25 02:00:00,0.0,0.0,6,6,1.0
ba30,2021-03-25,2021-03-25 03:00:00,0.0,0.0,5,3,0.6
ba30,2021-03-25,2021-03-25 04:00:00,12.0,12.0,2,2,1.0
ba30,2021-03-25,2021-03-25 05:00:00,0.0,0.0,7,4,0.5714285714285714
ba30,2021-03-25,2021-03-25 06:00:00,0.0,0.0,3,1,0.3333333333333333
ba30,2021-03-25,2021-03-25 12:00:00,,,1,0,0.0
ba30,2021-03-26,2021-03-26 01:00:00,0.0,0.0,4,2,0.5
ba30,2021-03-26,2021-03-26 02:00:00,0.0,0.0,3,2,0.6666666666666666
ba30,2021-03-26,2021-03-26 03:00:00,,,1,0,0.0
ba30,2021-03-26,2021-03-26 05:00:00,0.0,0.0,3,3,1.0
ba30,2021-03-26,2021-03-26 07:00:00,0.0,0.0,3,3,1.0
ba30,2021-03-26,2021-03-26 08:00:00,0.0,0.0,2,1,0.5
ba30,2021-03-26,2021-03-26 09:00:00,0.0,0.0,4,2,0.5
ba30,2021-03-26,2021-03-26 10:00:00,0.0,0.0,2,1,0.5
ba30,2021-03-26,2021-03-26 11:00:00,0.0,0.0,5,2,0.4
ba30,2021-03-26,2021-03-26 12:00:00,0.0,0.0,7,1,0.14285714285714285
ba30,2021-03-26,2021-03-26 13:00:00,,,1,0,0.0
ba30,2021-03-27,2021-03-27 01:00:00,0.0,0.0,5,2,0.4
ba30,2021-03-27,2021-03-27 02:00:00,0.0,0.0,1,1,1.0
ba30,2021-03-27,2021-03-27 07:00:00,0.0,0.0,6,4,0.6666666666666666
ba30,2021-03-27,2021-03-27 08:00:00,,,4,0,0.0
ba30,2021-03-27,2021-03-27 09:00:00,,,1,0,0.0
ba30,2021-03-27,2021-03-27 10:00:00,0.0,0.0,4,2,0.5
ba30,2021-03-27,2021-03-27 11:00:00,0.0,0.0,1,1,1.0
ba30,2021-03-27,2021-03-27 12:00:00,,,2,0,0.0
ba30,2021-03-27,2021-03-27 23:00:00,0.0,0.0,4,1,0.25
ba30,2021-03-28,2021-03-28 00:00:00,0.0,0.0,6,1,0.16666666666666666
ba30,2021-03-28,2021-03-28 01:00:00,0.0,0.0,9,2,0.2222222222222222
ba30,2021-03-28,2021-03-28 02:00:00,0.0,0.0,5,1,0.2
ba30,2021-03-28,2021-03-28 03:00:00,0.0,0.0,2,1,0.5
ba30,2021-03-28,2021-03-28 04:00:00,,,2,0,0.0
ba30,2021-03-28,2021-03-28 05:00:00,,,3,0,0.0
ba30,2021-03-28,2021-03-28 06:00:00,0.0,0.0,1,1,1.0
ba30,2021-03-28,2021-03-28 09:00:00,,,2,0,0.0
ba30,2021-03-28,2021-03-28 16:00:00,,,5,0,0.0
ba30,2021-03-28,2021-03-28 17:00:00,,,10,0,0.0
ba30,2021-03-28,2021-03-28 23:00:00,,,6,0,0.0
ba30,2021-03-29,2021-03-29 00:00:00,0.0,0.0,5,2,0.4
ba30,2021-03-29,2021-03-29 02:00:00,0.0,0.0,6,4,0.6666666666666666
ba30,2021-03-29,2021-03-29 03:00:00,0.0,0.0,3,3,1.0
ba30,2021-03-29,2021-03-29 04:00:00,0.0,0.0,3,1,0.3333333333333333
ba30,2021-03-29,2021-03-29 05:00:00,0.0,0.0,2,1,0.5
ba30,2021-03-29,2021-03-29 06:00:00,0.0,0.0,4,4,1.0
ba30,2021-03-29,2021-03-29 07:00:00,0.0,0.0,9,7,0.7777777777777778
ba30,2021-03-29,2021-03-29 08:00:00,0.0,0.0,6,4,0.6666666666666666
ba30,2021-03-29,2021-03-29 09:00:00,0.0,0.0,1,1,1.0
ba30,2021-03-29,2021-03-29 10:00:00,0.0,0.0,3,1,0.3333333333333333
ba30,2021-03-29,2021-03-29 14:00:00,,,1,0,0.0
ba30,2021-03-30,2021-03-30 00:00:00,,,2,0,0.0
ba30,2021-03-30,2021-03-30 01:00:00,0.0,0.0,5,1,0.2
ba30,2021-03-30,2021-03-30 02:00:00,0.0,0.0,8,4,0.5
ba30,2021-03-30,2021-03-30 03:00:00,0.0,0.0,5,3,0.6
ba30,2021-03-30,2021-03-30 04:00:00,0.0,0.0,2,2,1.0
ba30,2021-03-30,2021-03-30 05:00:00,0.0,0.0,4,1,0.25
ba30,2021-03-30,2021-03-30 06:00:00,0.0,0.0,6,3,0.5
ba30,2021-03-30,2021-03-30 07:00:00,27.0,27.0,4,1,0.25
ba30,2021-03-30,2021-03-30 08:00:00,0.0,0.0,6,1,0.16666666666666666
ba30,2021-03-30,2021-03-30 09:00:00,,,2,0,0.0
ba30,2021-03-30,2021-03-30 10:00:00,0.0,0.0,6,2,0.3333333333333333
ba30,2021-03-30,2021-03-30 11:00:00,,,3,0,0.0
ba30,2021-03-30,2021-03-30 23:00:00,,,1,0,0.0
ba30,2021-03-31,2021-03-31 00:00:00,0.0,0.0,8,2,0.25
ba30,2021-03-31,2021-03-31 01:00:00,0.0,0.0,10,1,0.1
ba30,2021-03-31,2021-03-31 02:00:00,0.0,0.0,6,2,0.3333333333333333
ba30,2021-03-31,2021-03-31 03:00:00,0.0,0.0,5,1,0.2
ba30,2021-03-31,2021-03-31 04:00:00,10.666666666666666,10.666666666666666,4,2,0.5
ba30,2021-03-31,2021-03-31 05:00:00,0.0,0.0,1,1,1.0
ba30,2021-03-31,2021-03-31 06:00:00,0.0,0.0,3,2,0.6666666666666666
ba30,2021-03-31,2021-03-31 07:00:00,0.0,0.0,5,1,0.2
ba30,2021-03-31,2021-03-31 08:00:00,,,5,0,0.0
ba30,2021-03-31,2021-03-31 09:00:00,3.0,3.0,7,7,1.0
ba30,2021-03-31,2021-03-31 10:00:00,0.0,0.0,1,1,1.0
ba30,2021-03-31,2021-03-31 11:00:00,,,1,0,0.0
ba30,2021-03-31,2021-03-31 23:00:00,0.0,0.0,4,2,0.5
ba30,2021-04-01,2021-04-01 00:00:00,0.0,0.0,5,3,0.6
ba30,2021-04-01,2021-04-01 01:00:00,0.0,0.0,5,2,0.4
ba30,2021-04-01,2021-04-01 02:00:00,3.25,3.25,8,5,0.625
ba30,2021-04-01,2021-04-01 03:00:00,0.0,0.0,6,2,0.3333333333333333
ba30,2021-04-01,2021-04-01 04:00:00,0.0,0.0,5,2,0.4
ba30,2021-04-01,2021-04-01 05:00:00,0.0,0.0,6,3,0.5
ba30,2021-04-01,2021-04-01 06:00:00,0.0,0.0,7,2,0.2857142857142857
ba30,2021-04-01,2021-04-01 07:00:00,0.0,0.0,7,3,0.42857142857142855
ba30,2021-04-01,2021-04-01 08:00:00,0.0,0.0,5,1,0.2
ba30,2021-04-01,2021-04-01 09:00:00,0.0,0.0,4,3,0.75
ba30,2021-04-01,2021-04-01 10:00:00,0.0,0.0,1,1,1.0
ba30,2021-04-01,2021-04-01 11:00:00,,,1,0,0.0
ba30,2021-04-02,2021-04-02 04:00:00,0.0,0.0,1,1,1.0
ba30,2021-04-02,2021-04-02 05:00:00,6.833333333333333,6.833333333333333,1,1,1.0
ba30,2021-04-02,2021-04-02 06:00:00,0.0,0.0,3,1,0.3333333333333333
ba30,2021-04-02,2021-04-02 07:00:00,0.0,0.0,2,1,0.5
ba30,2021-04-02,2021-04-02 08:00:00,,,5,0,0.0
ba30,2021-04-02,2021-04-02 09:00:00,0.0,0.0,3,1,0.3333333333333333
ba30,2021-04-02,2021-04-02 10:00:00,,,3,0,0.0
ba30,2021-04-02,2021-04-02 11:00:00,1.6666666666666667,1.6666666666666667,1,1,1.0
ba30,2021-04-02,2021-04-02 12:00:00,0.0,0.0,1,1,1.0
ba30,2021-04-02,2021-04-02 23:00:00,0.0,0.0,1,1,1.0
ba30,2021-04-03,2021-04-03 00:00:00,5.5,5.5,3,2,0.6666666666666666
ba30,2021-04-03,2021-04-03 01:00:00,3.8,3.8,2,2,1.0
ba30,2021-04-03,2021-04-03 02:00:00,,,2,0,0.0
ba30,2021-04-03,2021-04-03 03:00:00,0.0,0.0,2,2,1.0
ba30,2021-04-03,2021-04-03 05:00:00,,,2,0,0.0
ba30,2021-04-03,2021-04-03 06:00:00,,,1,0,0.0
ba30,2021-04-03,2021-04-03 07:00:00,0.75,0.75,4,1,0.25
ba30,2021-04-03,2021-04-03 08:00:00,0.0,0.0,1,1,1.0
ba30,2021-04-03,2021-04-03 10:00:00,,,1,0,0.0
ba30,2021-04-03,2021-04-03 11:00:00,,,1,0,0.0
ba30,2021-04-03,2021-04-03 12:00:00,144.5,144.5,2,1,0.5
ba30,2021-04-03,2021-04-03 13:00:00,0.0,0.0,2,1,0.5
ba30,2021-04-04,2021-04-04 13:00:00,0.0,0.0,6,5,0.8333333333333334
ba30,2021-04-04,2021-04-04 23:00:00,,,1,0,0.0
ba30,2021-04-05,2021-04-05 01:00:00,0.0,0.0,5,2,0.4
ba30,2021-04-05,2021-04-05 02:00:00,0.0,0.0,2,1,0.5
ba30,2021-04-05,2021-04-05 03:00:00,,,5,0,0.0
ba30,2021-04-05,2021-04-05 04:00:00,,,3,0,0.0
ba30,2021-04-05,2021-04-05 06:00:00,0.0,0.0,4,1,0.25
ba30,2021-04-05,2021-04-05 07:00:00,0.0,0.0,4,2,0.5
ba30,2021-04-05,2021-04-05 08:00:00,0.0,0.0,3,1,0.3333333333333333
ba30,2021-04-05,2021-04-05 10:00:00,0.0,0.0,5,3,0.6
ba30,2021-04-05,2021-04-05 11:00:00,0.0,0.0,5,4,0.8
ba30,2021-04-05,2021-04-05 12:00:00,0.0,0.0,6,4,0.6666666666666666
ba30,2021-04-05,2021-04-05 13:00:00,0.0,0.0,3,2,0.6666666666666666
ba30,2021-04-05,2021-04-05 14:00:00,,,2,0,0.0
ba30,2021-04-06,2021-04-06 00:00:00,,,1,0,0.0
ba30,2021-04-06,2021-04-06 01:00:00,0.0,0.0,9,1,0.1111111111111111
ba30,2021-04-06,2021-04-06 02:00:00,5.0,5.0,7,6,0.8571428571428571
ba30,2021-04-06,2021-04-06 03:00:00,,,2,0,0.0
ba30,2021-04-06,2021-04-06 04:00:00,0.0,0.0,10,5,0.5
ba30,2021-04-06,2021-04-06 05:00:00,4.0,4.0,10,4,0.4
ba30,2021-04-06,2021-04-06 06:00:00,0.0,0.0,5,3,0.6
ba30,2021-04-06,2021-04-06 07:00:00,0.0,0.0,11,9,0.8181818181818182
ba30,2021-04-06,2021-04-06 08:00:00,0.0,0.0,6,1,0.16666666666666666
ba30,2021-04-06,2021-04-06 09:00:00,0.0,0.0,7,1,0.14285714285714285
ba30,2021-04-06,2021-04-06 10:00:00,0.0,0.0,9,5,0.5555555555555556
ba30,2021-04-06,2021-04-06 11:00:00,0.0,0.0,8,3,0.375
ba30,2021-04-07,2021-04-07 02:00:00,0.0,0.0,1,1,1.0
ba30,2021-04-07,2021-04-07 03:00:00,1.3333333333333333,1.3333333333333333,5,5,1.0
ba30,2021-04-07,2021-04-07 04:00:00,0.0,0.0,7,4,0.5714285714285714
ba30,2021-04-07,2021-04-07 05:00:00,0.0,0.0,5,1,0.2
ba30,2021-04-07,2021-04-07 06:00:00,0.0,0.0,2,2,1.0
ba30,2021-04-07,2021-04-07 07:00:00,0.0,0.0,1,1,1.0
ba30,2021-04-07,2021-04-07 08:00:00,,,4,0,0.0
ba30,2021-04-07,2021-04-07 09:00:00,0.0,0.0,2,1,0.5
ba30,2021-04-07,2021-04-07 10:00:00,0.0,0.0,6,1,0.16666666666666666
ba30,2021-04-07,2021-04-07 11:00:00,,,2,0,0.0
ba30,2021-04-07,2021-04-07 14:00:00,0.0,0.0,1,1,1.0
ba30,2021-04-07,2021-04-07 15:00:00,0.0,0.0,4,1,0.25
ba30,2021-04-08,2021-04-08 00:00:00,0.0,0.0,4,3,0.75
ba30,2021-04-08,2021-04-08 01:00:00,0.0,0.0,3,2,0.6666666666666666
ba30,2021-04-08,2021-04-08 02:00:00,0.0,0.0,2,1,0.5
ba30,2021-04-08,2021-04-08 03:00:00,,,2,0,0.0
bp16,2021-03-08,2021-03-08 01:00:00,0.0,0.0,3,2,0.6666666666666666
bp16,2021-03-08,2021-03-08 02:00:00,0.0,0.0,2,1,0.5
bp16,2021-03-08,2021-03-08 03:00:00,0.0,0.0,2,2,1.0
bp16,2021-03-08,2021-03-08 05:00:00,0.0,0.0,7,5,0.7142857142857143
bp16,2021-03-08,2021-03-08 07:00:00,0.0,0.0,2,2,1.0
bp16,2021-03-08,2021-03-08 08:00:00,0.0,0.0,9,4,0.4444444444444444
bp16,2021-03-08,2021-03-08 09:00:00,,,2,0,0.0
bp16,2021-03-08,2021-03-08 11:00:00,,,1,0,0.0
bp16,2021-03-08,2021-03-08 14:00:00,,,2,0,0.0
bp16,2021-03-08,2021-03-08 15:00:00,0.0,0.0,3,2,0.6666666666666666
bp16,2021-03-09,2021-03-09 05:00:00,0.0,0.0,5,3,0.6
bp16,2021-03-09,2021-03-09 06:00:00,0.0,0.0,2,2,1.0
bp16,2021-03-09,2021-03-09 07:00:00,0.0,0.0,2,1,0.5
bp16,2021-03-09,2021-03-09 08:00:00,,,1,0,0.0
bp16,2021-03-09,2021-03-09 10:00:00,,,1,0,0.0
bp16,2021-03-09,2021-03-09 11:00:00,0.0,0.0,5,2,0.4
bp16,2021-03-10,2021-03-10 01:00:00,0.0,0.0,4,3,0.75
bp16,2021-03-10,2021-03-10 02:00:00,0.0,0.0,6,3,0.5
bp16,2021-03-10,2021-03-10 04:00:00,2.0,2.0,9,9,1.0
bp16,2021-03-10,2021-03-10 05:00:00,0.0,0.0,8,8,1.0
bp16,2021-03-10,2021-03-10 06:00:00,0.0,0.0,4,4,1.0
bp16,2021-03-10,2021-03-10 11:00:00,0.0,0.0,1,1,1.0
bp16,2021-03-10,2021-03-10 12:00:00,0.0,0.0,2,2,1.0
bp16,2021-03-10,2021-03-10 13:00:00,,,1,0,0.0
bp16,2021-03-11,2021-03-11 01:00:00,0.0,0.0,1,1,1.0
bp16,2021-03-11,2021-03-11 02:00:00,,,1,0,0.0
bp16,2021-03-11,2021-03-11 05:00:00,0.0,0.0,8,8,1.0
bp16,2021-03-12,2021-03-12 00:00:00,0.0,0.0,3,2,0.6666666666666666
bp16,2021-03-12,2021-03-12 01:00:00,0.0,0.0,4,3,0.75
bp16,2021-03-12,2021-03-12 04:00:00,0.0,0.0,1,1,1.0
bp16,2021-03-12,2021-03-12 06:00:00,0.0,0.0,5,4,0.8
bp16,2021-03-12,2021-03-12 07:00:00,0.0,0.0,1,1,1.0
bp16,2021-03-12,2021-03-12 11:00:00,,,1,0,0.0
bp16,2021-03-13,2021-03-13 03:00:00,0.0,0.0,2,1,0.5
bp16,2021-03-13,2021-03-13 04:00:00,,,3,0,0.0
bp16,2021-03-13,2021-03-13 10:00:00,,,1,0,0.0
bp16,2021-03-13,2021-03-13 11:00:00,0.0,0.0,2,1,0.5
bp16,2021-03-13,2021-03-13 13:00:00,0.0,0.0,1,1,1.0
bp16,2021-03-13,2021-03-13 14:00:00,,,1,0,0.0
bp16,2021-03-13,2021-03-13 15:00:00,,,1,0,0.0
bp16,2021-03-14,2021-03-14 02:00:00,,,1,0,0.0
bp16,2021-03-14,2021-03-14 03:00:00,,,1,0,0.0
bp16,2021-03-14,2021-03-14 04:00:00,0.0,0.0,2,2,1.0
bp16,2021-03-14,2021-03-14 13:00:00,0.0,0.0,7,1,0.14285714285714285
bp16,2021-03-14,2021-03-14 23:00:00,,,1,0,0.0
bp16,2021-03-15,2021-03-15 01:00:00,0.0,0.0,6,5,0.8333333333333334
bp16,2021-03-15,2021-03-15 02:00:00,0.0,0.0,4,2,0.5
bp16,2021-03-15,2021-03-15 03:00:00,0.0,0.0,1,1,1.0
bp16,2021-03-15,2021-03-15 04:00:00,0.0,0.0,3,3,1.0
bp16,2021-03-15,2021-03-15 05:00:00,0.0,0.0,3,2,0.6666666666666666
bp16,2021-03-15,2021-03-15 06:00:00,0.0,0.0,6,2,0.3333333333333333
bp16,2021-03-15,2021-03-15 07:00:00,0.0,0.0,1,1,1.0
bp16,2021-03-15,2021-03-15 08:00:00,0.0,0.0,1,1,1.0
bp16,2021-03-15,2021-03-15 14:00:00,0.0,0.0,5,3,0.6
bp16,2021-03-16,2021-03-16 00:00:00,0.0,0.0,2,2,1.0
bp16,2021-03-16,2021-03-16 03:00:00,0.0,0.0,3,3,1.0
bp16,2021-03-16,2021-03-16 04:00:00,0.0,0.0,3,2,0.6666666666666666
bp16,2021-03-16,2021-03-16 05:00:00,0.0,0.0,1,1,1.0
bp16,2021-03-16,2021-03-16 06:00:00,0.0,0.0,3,2,0.6666666666666666
bp16,2021-03-16,2021-03-16 07:00:00,0.0,0.0,4,2,0.5
bp16,2021-03-16,2021-03-16 08:00:00,0.0,0.0,2,2,1.0
bp16,2021-03-16,2021-03-16 09:00:00,0.0,0.0,3,3,1.0
bp16,2021-03-17,2021-03-17 01:00:00,0.0,0.0,2,1,0.5
bp16,2021-03-17,2021-03-17 05:00:00,0.0,0.0,4,4,1.0
bp16,2021-03-17,2021-03-17 06:00:00,0.0,0.0,5,4,0.8
bp16,2021-03-17,2021-03-17 07:00:00,0.0,0.0,1,1,1.0
bp16,2021-03-17,2021-03-17 08:00:00,0.0,0.0,1,1,1.0
bp16,2021-03-17,2021-03-17 10:00:00,,,1,0,0.0
bp16,2021-03-17,2021-03-17 12:00:00,,,3,0,0.0
bp16,2021-03-17,2021-03-17 13:00:00,,,7,0,0.0
bp16,2021-03-18,2021-03-18 00:00:00,,,2,0,0.0
bp16,2021-03-18,2021-03-18 01:00:00,0.0,0.0,5,2,0.4
bp16,2021-03-18,2021-03-18 05:00:00,0.0,0.0,7,5,0.7142857142857143
bp16,2021-03-18,2021-03-18 06:00:00,,,1,0,0.0
bp16,2021-03-18,2021-03-18 07:00:00,,,1,0,0.0
bp16,2021-03-18,2021-03-18 08:00:00,,,1,0,0.0
bp16,2021-03-18,2021-03-18 10:00:00,,,4,0,0.0
bp16,2021-03-19,2021-03-19 00:00:00,,,4,0,0.0
bp16,2021-03-19,2021-03-19 01:00:00,0.0,0.0,2,1,0.5
bp16,2021-03-19,2021-03-19 04:00:00,,,1,0,0.0
bp16,2021-03-19,2021-03-19 08:00:00,0.0,0.0,4,1,0.25
bp16,2021-03-19,2021-03-19 13:00:00,0.0,0.0,2,2,1.0
bp16,2021-03-20,2021-03-20 07:00:00,1.7692307692307692,1.7692307692307692,10,4,0.4
bp16,2021-03-20,2021-03-20 09:00:00,,,1,0,0.0
bp16,2021-03-21,2021-03-21 01:00:00,,,1,0,0.0
bp16,2021-03-21,2021-03-21 02:00:00,,,2,0,0.0
bp16,2021-03-21,2021-03-21 03:00:00,,,9,0,0.0
bp16,2021-03-21,2021-03-21 04:00:00,0.0,0.0,6,1,0.16666666666666666
bp16,2021-03-21,2021-03-21 05:00:00,,,2,0,0.0
bp16,2021-03-21,2021-03-21 06:00:00,,,4,0,0.0
bp16,2021-03-21,2021-03-21 07:00:00,,,1,0,0.0
bp16,2021-03-21,2021-03-21 08:00:00,,,3,0,0.0
bp16,2021-03-21,2021-03-21 09:00:00,0.0,0.0,1,1,1.0
bp16,2021-03-21,2021-03-21 12:00:00,,,1,0,0.0
bp16,2021-03-22,2021-03-22 00:00:00,0.0,0.0,2,2,1.0
bp16,2021-03-22,2021-03-22 01:00:00,0.0,0.0,5,3,0.6
bp16,2021-03-22,2021-03-22 02:00:00,0.0,0.0,7,5,0.7142857142857143
bp16,2021-03-22,2021-03-22 03:00:00,0.0,0.0,5,3,0.6
bp16,2021-03-22,2021-03-22 04:00:00,0.0,0.0,7,6,0.8571428571428571
bp16,2021-03-22,2021-03-22 05:00:00,0.0,0.0,9,9,1.0
bp16,2021-03-22,2021-03-22 06:00:00,0.0,0.0,5,1,0.2
bp16,2021-03-22,2021-03-22 07:00:00,0.0,0.0,4,4,1.0
bp16,2021-03-22,2021-03-22 08:00:00,0.0,0.0,5,5,1.0
bp16,2021-03-23,2021-03-23 00:00:00,0.0,0.0,2,2,1.0
bp16,2021-03-23,2021-03-23 03:00:00,0.0,0.0,6,5,0.8333333333333334
bp16,2021-03-23,2021-03-23 04:00:00,0.0,0.0,12,7,0.5833333333333334
bp16,2021-03-23,2021-03-23 05:00:00,0.0,0.0,11,9,0.8181818181818182
bp16,2021-03-23,2021-03-23 06:00:00,0.0,0.0,6,1,0.16666666666666666
bp16,2021-03-23,2021-03-23 07:00:00,0.0,0.0,4,3,0.75
bp16,2021-03-23,2021-03-23 08:00:00,0.0,0.0,1,1,1.0
bp16,2021-03-23,2021-03-23 09:00:00,0.0,0.0,4,1,0.25
bp16,2021-03-23,2021-03-23 10:00:00,8.4,8.4,5,3,0.6
bp16,2021-03-24,2021-03-24 04:00:00,0.0,0.0,2,1,0.5
bp16,2021-03-24,2021-03-24 05:00:00,0.0,0.0,1,1,1.0
bp16,2021-03-24,2021-03-24 06:00:00,0.0,0.0,2,1,0.5
bp16,2021-03-24,2021-03-24 07:00:00,,,1,0,0.0
bp16,2021-03-24,2021-03-24 12:00:00,4.6,4.6,1,1,1.0
bp16,2021-03-24,2021-03-24 13:00:00,0.0,0.0,3,1,0.3333333333333333
bp16,2021-03-24,2021-03-24 23:00:00,6.0,6.0,1,1,1.0
bp16,2021-03-25,2021-03-25 00:00:00,,,2,0,0.0
bp16,2021-03-25,2021-03-25 01:00:00,0.0,0.0,5,2,0.4
bp16,2021-03-25,2021-03-25 03:00:00,,,1,0,0.0
bp16,2021-03-25,2021-03-25 05:00:00,0.0,0.0,1,1,1.0
bp16,2021-03-25,2021-03-25 07:00:00,0.0,0.0,1,1,1.0
bp16,2021-03-25,2021-03-25 15:00:00,,,1,0,0.0
bp16,2021-03-26,2021-03-26 00:00:00,0.0,0.0,4,1,0.25
bp16,2021-03-26,2021-03-26 01:00:00,0.0,0.0,4,1,0.25
bp16,2021-03-26,2021-03-26 02:00:00,,,1,0,0.0
bp16,2021-03-26,2021-03-26 04:00:00,0.0,0.0,1,1,1.0
bp16,2021-03-26,2021-03-26 05:00:00,,,2,0,0.0
bp16,2021-03-26,2021-03-26 06:00:00,0.0,0.0,7,1,0.14285714285714285
bp16,2021-03-26,2021-03-26 07:00:00,,,3,0,0.0
bp16,2021-03-26,2021-03-26 08:00:00,,,2,0,0.0
bp16,2021-03-26,2021-03-26 09:00:00,0.0,0.0,1,1,1.0
bp16,2021-03-26,2021-03-26 10:00:00,0.0,0.0,5,3,0.6
bp16,2021-03-27,2021-03-27 00:00:00,,,1,0,0.0
bp16,2021-03-27,2021-03-27 13:00:00,0.0,0.0,1,1,1.0
bp16,2021-03-27,2021-03-27 14:00:00,0.0,0.0,8,4,0.5
bp16,2021-03-28,2021-03-28 05:00:00,0.0,0.0,1,1,1.0
bp16,2021-03-28,2021-03-28 06:00:00,,,1,0,0.0
bp16,2021-03-28,2021-03-28 07:00:00,,,1,0,0.0
bp16,2021-03-28,2021-03-28 11:00:00,,,1,0,0.0
bp16,2021-03-29,2021-03-29 03:00:00,0.0,0.0,6,1,0.16666666666666666
bp16,2021-03-29,2021-03-29 04:00:00,0.0,0.0,3,2,0.6666666666666666
bp16,2021-03-29,2021-03-29 06:00:00,,,1,0,0.0
bp16,2021-03-29,2021-03-29 07:00:00,0.0,0.0,1,1,1.0
bp16,2021-03-29,2021-03-29 08:00:00,0.0,0.0,1,1,1.0
bp16,2021-03-29,2021-03-29 12:00:00,0.0,0.0,1,1,1.0
bp16,2021-03-30,2021-03-30 03:00:00,0.0,0.0,1,1,1.0
bp16,2021-03-30,2021-03-30 04:00:00,0.0,0.0,1,1,1.0
bp16,2021-03-30,2021-03-30 05:00:00,0.0,0.0,2,1,0.5
bp16,2021-03-30,2021-03-30 07:00:00,0.0,0.0,5,5,1.0
bp16,2021-03-30,2021-03-30 10:00:00,,,1,0,0.0
bp16,2021-03-30,2021-03-30 11:00:00,0.0,0.0,3,1,0.3333333333333333
bp16,2021-03-30,2021-03-30 13:00:00,,,1,0,0.0
bp16,2021-03-31,2021-03-31 05:00:00,0.0,0.0,4,2,0.5
bp16,2021-03-31,2021-03-31 06:00:00,0.0,0.0,2,1,0.5
bp16,2021-03-31,2021-03-31 07:00:00,0.0,0.0,4,3,0.75
bp16,2021-04-01,2021-04-01 00:00:00,,,1,0,0.0
bp16,2021-04-01,2021-04-01 02:00:00,,,1,0,0.0
bp16,2021-04-01,2021-04-01 04:00:00,,,3,0,0.0
bp16,2021-04-01,2021-04-01 05:00:00,0.0,0.0,1,1,1.0
bp16,2021-04-01,2021-04-01 07:00:00,,,1,0,0.0
bp16,2021-04-01,2021-04-01 08:00:00,,,1,0,0.0
bp16,2021-04-01,2021-04-01 23:00:00,0.0,0.0,1,1,1.0
bp16,2021-04-02,2021-04-02 00:00:00,,,1,0,0.0
bp16,2021-04-02,2021-04-02 09:00:00,,,1,0,0.0
bp16,2021-04-02,2021-04-02 13:00:00,,,3,0,0.0
bp16,2021-04-02,2021-04-02 15:00:00,0.0,0.0,5,1,0.2
bp16,2021-04-03,2021-04-03 03:00:00,,,1,0,0.0
bp16,2021-04-03,2021-04-03 04:00:00,0.0,0.0,1,1,1.0
bp16,2021-04-03,2021-04-03 06:00:00,0.0,0.0,1,1,1.0
bp16,2021-04-03,2021-04-03 07:00:00,0.0,0.0,2,1,0.5
bp16,2021-04-03,2021-04-03 08:00:00,5.583333333333333,3.583333333333333,7,5,0.7142857142857143
bp16,2021-04-03,2021-04-03 09:00:00,9.5,8.0,3,2,0.6666666666666666
bp16,2021-04-03,2021-04-03 11:00:00,,,2,0,0.0
bp16,2021-04-04,2021-04-04 02:00:00,,,2,0,0.0
bp16,2021-04-04,2021-04-04 03:00:00,,,1,0,0.0
bp16,2021-04-04,2021-04-04 07:00:00,,,2,0,0.0
bp16,2021-04-04,2021-04-04 11:00:00,0.0,0.0,2,1,0.5
br74,2021-03-07,2021-03-07 13:00:00,,,3,0,0.0
br74,2021-03-07,2021-03-07 14:00:00,,,11,0,0.0
br74,2021-03-07,2021-03-07 15:00:00,,,11,0,0.0
br74,2021-03-07,2021-03-07 16:00:00,0.0,0.0,12,1,0.08333333333333333
br74,2021-03-07,2021-03-07 17:00:00,0.0,0.0,11,2,0.18181818181818182
br74,2021-03-07,2021-03-07 18:00:00,,,12,0,0.0
br74,2021-03-07,2021-03-07 19:00:00,0.0,0.0,11,1,0.09090909090909091
br74,2021-03-07,2021-03-07 20:00:00,0.0,0.0,10,1,0.1
br74,2021-03-07,2021-03-07 21:00:00,,,12,0,0.0
br74,2021-03-07,2021-03-07 22:00:00,,,5,0,0.0
br74,2021-03-08,2021-03-08 05:00:00,,,3,0,0.0
br74,2021-03-08,2021-03-08 06:00:00,,,2,0,0.0
br74,2021-03-08,2021-03-08 07:00:00,,,1,0,0.0
br74,2021-03-08,2021-03-08 08:00:00,,,1,0,0.0
br74,2021-03-08,2021-03-08 23:00:00,0.0,0.0,4,1,0.25
br74,2021-03-09,2021-03-09 00:00:00,,,5,0,0.0
br74,2021-03-09,2021-03-09 01:00:00,0.0,0.0,5,1,0.2
br74,2021-03-09,2021-03-09 05:00:00,0.0,0.0,4,2,0.5
br74,2021-03-09,2021-03-09 06:00:00,,,1,0,0.0
br74,2021-03-09,2021-03-09 08:00:00,,,1,0,0.0
br74,2021-03-09,2021-03-09 23:00:00,,,1,0,0.0
br74,2021-03-10,2021-03-10 00:00:00,,,6,0,0.0
br74,2021-03-10,2021-03-10 01:00:00,,,4,0,0.0
br74,2021-03-10,2021-03-10 02:00:00,,,1,0,0.0
br74,2021-03-10,2021-03-10 04:00:00,,,1,0,0.0
br74,2021-03-10,2021-03-10 08:00:00,0.0,0.0,1,1,1.0
br74,2021-03-10,2021-03-10 10:00:00,0.0,0.0,3,1,0.3333333333333333
br74,2021-03-10,2021-03-10 11:00:00,0.0,0.0,8,4,0.5
br74,2021-03-10,2021-03-10 14:00:00,,,2,0,0.0
br74,2021-03-10,2021-03-10 15:00:00,,,2,0,0.0
br74,2021-03-11,2021-03-11 00:00:00,,,1,0,0.0
br74,2021-03-11,2021-03-11 04:00:00,,,2,0,0.0
br74,2021-03-11,2021-03-11 05:00:00,,,1,0,0.0
br74,2021-03-11,2021-03-11 06:00:00,0.0,0.0,6,1,0.16666666666666666
br74,2021-03-11,2021-03-11 07:00:00,,,4,0,0.0
br74,2021-03-11,2021-03-11 08:00:00,0.0,0.0,2,1,0.5
br74,2021-03-11,2021-03-11 10:00:00,,,3,0,0.0
br74,2021-03-11,2021-03-11 11:00:00,0.0,0.0,1,1,1.0
br74,2021-03-11,2021-03-11 22:00:00,,,1,0,0.0
br74,2021-03-12,2021-03-12 00:00:00,,,1,0,0.0
br74,2021-03-12,2021-03-12 01:00:00,,,1,0,0.0
br74,2021-03-12,2021-03-12 03:00:00,0.0,0.0,5,1,0.2
br74,2021-03-12,2021-03-12 04:00:00,9.0,9.0,2,1,0.5
br74,2021-03-12,2021-03-12 08:00:00,0.0,0.0,5,2,0.4
br74,2021-03-12,2021-03-12 09:00:00,0.0,0.0,2,2,1.0
br74,2021-03-12,2021-03-12 13:00:00,,,3,0,0.0
br74,2021-03-12,2021-03-12 15:00:00,,,2,0,0.0
br74,2021-03-12,2021-03-12 23:00:00,0.0,0.0,1,1,1.0
br74,2021-03-13,2021-03-13 05:00:00,,,3,0,0.0
br74,2021-03-13,2021-03-13 06:00:00,,,12,0,0.0
br74,2021-03-13,2021-03-13 07:00:00,0.0,0.0,4,1,0.25
br74,2021-03-13,2021-03-13 12:00:00,0.0,0.0,5,1,0.2
br74,2021-03-13,2021-03-13 15:00:00,,,3,0,0.0
br74,2021-03-13,2021-03-13 23:00:00,,,1,0,0.0
br74,2021-03-14,2021-03-14 00:00:00,,,2,0,0.0
br74,2021-03-14,2021-03-14 01:00:00,0.0,0.0,2,1,0.5
br74,2021-03-14,2021-03-14 03:00:00,5.5,5.5,4,2,0.5
br74,2021-03-14,2021-03-14 12:00:00,,,1,0,0.0
br74,2021-03-15,2021-03-15 00:00:00,,,1,0,0.0
br74,2021-03-15,2021-03-15 05:00:00,0.0,0.0,3,1,0.3333333333333333
br74,2021-03-15,2021-03-15 06:00:00,,,2,0,0.0
br74,2021-03-15,2021-03-15 07:00:00,0.0,0.0,4,2,0.5
br74,2021-03-15,2021-03-15 08:00:00,,,2,0,0.0
br74,2021-03-15,2021-03-15 10:00:00,,,2,0,0.0
br74,2021-03-15,2021-03-15 11:00:00,0.0,0.0,6,1,0.16666666666666666
br74,2021-03-15,2021-03-15 12:00:00,0.0,0.0,4,1,0.25
br74,2021-03-15,2021-03-15 14:00:00,0.0,0.0,2,1,0.5
br74,2021-03-15,2021-03-15 22:00:00,0.0,0.0,3,2,0.6666666666666666
br74,2021-03-15,2021-03-15 23:00:00,0.0,0.0,1,1,1.0
br74,2021-03-16,2021-03-16 00:00:00,,,2,0,0.0
br74,2021-03-16,2021-03-16 01:00:00,,,1,0,0.0
br74,2021-03-16,2021-03-16 03:00:00,0.0,0.0,2,1,0.5
br74,2021-03-16,2021-03-16 04:00:00,,,2,0,0.0
br74,2021-03-16,2021-03-16 05:00:00,,,1,0,0.0
br74,2021-03-16,2021-03-16 06:00:00,,,3,0,0.0
br74,2021-03-16,2021-03-16 07:00:00,0.0,0.0,1,1,1.0
br74,2021-03-16,2021-03-16 08:00:00,0.0,0.0,9,4,0.4444444444444444
br74,2021-03-16,2021-03-16 09:00:00,,,1,0,0.0
br74,2021-03-16,2021-03-16 10:00:00,0.0,0.0,1,1,1.0
br74,2021-03-16,2021-03-16 11:00:00,,,4,0,0.0
br74,2021-03-16,2021-03-16 14:00:00,0.0,0.0,6,3,0.5
br74,2021-03-16,2021-03-16 15:00:00,0.0,0.0,3,1,0.3333333333333333
br74,2021-03-16,2021-03-16 23:00:00,,,1,0,0.0
br74,2021-03-17,2021-03-17 00:00:00,,,1,0,0.0
br74,2021-03-17,2021-03-17 01:00:00,,,1,0,0.0
br74,2021-03-17,2021-03-17 04:00:00,,,1,0,0.0
br74,2021-03-17,2021-03-17 06:00:00,,,2,0,0.0
br74,2021-03-17,2021-03-17 07:00:00,0.0,0.0,1,1,1.0
br74,2021-03-17,2021-03-17 08:00:00,,,3,0,0.0
br74,2021-03-18,2021-03-18 01:00:00,,,1,0,0.0
br74,2021-03-18,2021-03-18 02:00:00,,,2,0,0.0
br74,2021-03-18,2021-03-18 03:00:00,5.0,5.0,1,1,1.0
br74,2021-03-18,2021-03-18 04:00:00,,,2,0,0.0
br74,2021-03-18,2021-03-18 05:00:00,,,3,0,0.0
br74,2021-03-18,2021-03-18 06:00:00,,,1,0,0.0
br74,2021-03-18,2021-03-18 07:00:00,,,1,0,0.0
br74,2021-03-18,2021-03-18 08:00:00,,,2,0,0.0
br74,2021-03-19,2021-03-19 08:00:00,,,2,0,0.0
br74,2021-03-19,2021-03-19 13:00:00,,,1,0,0.0
br74,2021-03-19,2021-03-19 14:00:00,,,2,0,0.0
br74,2021-03-20,2021-03-20 00:00:00,0.0,0.0,1,1,1.0
br74,2021-03-20,2021-03-20 05:00:00,,,2,0,0.0
br74,2021-03-20,2021-03-20 08:00:00,0.0,0.0,2,1,0.5
br74,2021-03-20,2021-03-20 11:00:00,,,1,0,0.0
br74,2021-03-20,2021-03-20 13:00:00,,,1,0,0.0
br74,2021-03-21,2021-03-21 00:00:00,,,1,0,0.0
br74,2021-03-21,2021-03-21 02:00:00,,,1,0,0.0
br74,2021-03-21,2021-03-21 08:00:00,,,1,0,0.0
br74,2021-03-21,2021-03-21 11:00:00,,,2,0,0.0
br74,2021-03-21,2021-03-21 12:00:00,,,1,0,0.0
br74,2021-03-21,2021-03-21 22:00:00,0.0,0.0,2,1,0.5
br74,2021-03-22,2021-03-22 00:00:00,,,1,0,0.0
br74,2021-03-22,2021-03-22 03:00:00,,,4,0,0.0
br74,2021-03-22,2021-03-22 04:00:00,,,2,0,0.0
br74,2021-03-22,2021-03-22 05:00:00,0.0,0.0,3,1,0.3333333333333333
br74,2021-03-22,2021-03-22 07:00:00,,,1,0,0.0
br74,2021-03-22,2021-03-22 09:00:00,,,1,0,0.0
br74,2021-03-22,2021-03-22 11:00:00,12.0,12.0,2,1,0.5
br74,2021-03-22,2021-03-22 14:00:00,,,3,0,0.0
br74,2021-03-22,2021-03-22 15:00:00,,,1,0,0.0
br74,2021-03-23,2021-03-23 00:00:00,,,3,0,0.0
br74,2021-03-23,2021-03-23 03:00:00,,,2,0,0.0
br74,2021-03-23,2021-03-23 04:00:00,,,2,0,0.0
br74,2021-03-23,2021-03-23 05:00:00,,,1,0,0.0
br74,2021-03-23,2021-03-23 08:00:00,0.0,0.0,1,1,1.0
br74,2021-03-24,2021-03-24 01:00:00,,,2,0,0.0
br74,2021-03-24,2021-03-24 04:00:00,,,2,0,0.0
br74,2021-03-24,2021-03-24 05:00:00,,,1,0,0.0
br74,2021-03-24,2021-03-24 08:00:00,,,1,0,0.0
br74,2021-03-25,2021-03-25 01:00:00,,,4,0,0.0
br74,2021-03-25,2021-03-25 03:00:00,40.75,40.75,1,1,1.0
br74,2021-03-25,2021-03-25 04:00:00,,,1,0,0.0
br74,2021-03-25,2021-03-25 10:00:00,,,2,0,0.0
br74,2021-03-25,2021-03-25 11:00:00,,,1,0,0.0
br74,2021-03-25,2021-03-25 14:00:00,,,1,0,0.0
br74,2021-03-26,2021-03-26 00:00:00,0.0,0.0,1,1,1.0
br74,2021-03-26,2021-03-26 14:00:00,1.2,1.2,5,2,0.4
br74,2021-03-26,2021-03-26 15:00:00,,,2,0,0.0
br74,2021-03-27,2021-03-27 02:00:00,,,1,0,0.0
br74,2021-03-27,2021-03-27 03:00:00,,,1,0,0.0
br74,2021-03-27,2021-03-27 12:00:00,,,1,0,0.0
br74,2021-03-27,2021-03-27 14:00:00,,,3,0,0.0
br74,2021-03-28,2021-03-28 22:00:00,0.0,0.0,1,1,1.0
br74,2021-03-29,2021-03-29 01:00:00,,,1,0,0.0
br74,2021-03-29,2021-03-29 02:00:00,,,2,0,0.0
br74,2021-03-29,2021-03-29 04:00:00,,,2,0,0.0
br74,2021-03-29,2021-03-29 05:00:00,0.0,0.0,5,3,0.6
br74,2021-03-29,2021-03-29 06:00:00,,,8,0,0.0
br74,2021-03-29,2021-03-29 07:00:00,0.0,0.0,1,1,1.0
br74,2021-03-29,2021-03-29 08:00:00,,,1,0,0.0
br74,2021-03-29,2021-03-29 11:00:00,,,3,0,0.0
br74,2021-03-29,2021-03-29 14:00:00,7.5,7.5,2,1,0.5
br74,2021-03-29,2021-03-29 15:00:00,,,1,0,0.0
br74,2021-03-30,2021-03-30 03:00:00,,,1,0,0.0
br74,2021-03-30,2021-03-30 04:00:00,,,1,0,0.0
br74,2021-03-30,2021-03-30 05:00:00,,,1,0,0.0
br74,2021-03-30,2021-03-30 06:00:00,,,2,0,0.0
br74,2021-03-30,2021-03-30 07:00:00,,,1,0,0.0
br74,2021-03-30,2021-03-30 09:00:00,,,1,0,0.0
br74,2021-03-30,2021-03-30 10:00:00,0.0,0.0,1,1,1.0
br74,2021-03-30,2021-03-30 11:00:00,,,1,0,0.0
br74,2021-03-30,2021-03-30 22:00:00,,,1,0,0.0
br74,2021-03-30,2021-03-30 23:00:00,,,1,0,0.0
br74,2021-03-31,2021-03-31 01:00:00,,,3,0,0.0
br74,2021-03-31,2021-03-31 02:00:00,,,1,0,0.0
br74,2021-03-31,2021-03-31 04:00:00,,,1,0,0.0
br74,2021-03-31,2021-03-31 06:00:00,0.0,0.0,5,2,0.4
br74,2021-03-31,2021-03-31 09:00:00,,,1,0,0.0
br74,2021-03-31,2021-03-31 10:00:00,,,3,0,0.0
br74,2021-03-31,2021-03-31 14:00:00,0.0,0.0,4,2,0.5
br74,2021-04-01,2021-04-01 01:00:00,,,2,0,0.0
br74,2021-04-01,2021-04-01 02:00:00,,,1,0,0.0
br74,2021-04-01,2021-04-01 07:00:00,,,1,0,0.0
br74,2021-04-01,2021-04-01 08:00:00,,,1,0,0.0
br74,2021-04-01,2021-04-01 11:00:00,61.57142857142857,61.57142857142857,2,1,0.5
br74,2021-04-01,2021-04-01 23:00:00,,,1,0,0.0
br74,2021-04-02,2021-04-02 07:00:00,,,1,0,0.0
br74,2021-04-02,2021-04-02 10:00:00,,,1,0,0.0
br74,2021-04-02,2021-04-02 11:00:00,0.0,0.0,1,1,1.0
br74,2021-04-02,2021-04-02 13:00:00,,,3,0,0.0
br74,2021-04-02,2021-04-02 14:00:00,,,2,0,0.0
ca37,2021-03-08,2021-03-08 14:00:00,,,3,0,0.0
ca37,2021-03-08,2021-03-08 15:00:00,,,1,0,0.0
ca37,2021-03-10,2021-03-10 08:00:00,0.0,0.0,2,2,1.0
ca37,2021-03-10,2021-03-10 13:00:00,,,1,0,0.0
ca37,2021-03-10,2021-03-10 15:00:00,,,1,0,0.0
ca37,2021-03-11,2021-03-11 00:00:00,0.0,0.0,1,1,1.0
ca37,2021-03-11,2021-03-11 03:00:00,,,2,0,0.0
ca37,2021-03-11,2021-03-11 04:00:00,0.0,0.0,2,1,0.5
ca37,2021-03-11,2021-03-11 05:00:00,0.0,0.0,4,1,0.25
ca37,2021-03-11,2021-03-11 06:00:00,,,1,0,0.0
ca37,2021-03-11,2021-03-11 10:00:00,,,1,0,0.0
ca37,2021-03-12,2021-03-12 01:00:00,,,1,0,0.0
ca37,2021-03-12,2021-03-12 02:00:00,0.0,0.0,7,3,0.42857142857142855
ca37,2021-03-12,2021-03-12 03:00:00,,,1,0,0.0
ca37,2021-03-14,2021-03-14 02:00:00,0.0,0.0,2,1,0.5
ca37,2021-03-15,2021-03-15 14:00:00,0.0,0.0,1,1,1.0
ca37,2021-03-15,2021-03-15 15:00:00,0.0,0.0,3,3,1.0
ca37,2021-03-15,2021-03-15 23:00:00,0.0,0.0,3,3,1.0
ca37,2021-03-16,2021-03-16 03:00:00,,,1,0,0.0
ca37,2021-03-16,2021-03-16 04:00:00,,,2,0,0.0
ca37,2021-03-17,2021-03-17 09:00:00,,,1,0,0.0
ca37,2021-03-17,2021-03-17 11:00:00,,,1,0,0.0
ca37,2021-03-18,2021-03-18 10:00:00,467.0,467.0,1,1,1.0
ca37,2021-03-18,2021-03-18 11:00:00,0.0,0.0,3,1,0.3333333333333333
ca37,2021-03-19,2021-03-19 01:00:00,0.0,0.0,1,1,1.0
ca37,2021-03-19,2021-03-19 02:00:00,,,1,0,0.0
ca37,2021-03-19,2021-03-19 12:00:00,,,1,0,0.0
ca37,2021-03-22,2021-03-22 00:00:00,36.5,36.5,2,1,0.5
ca37,2021-03-22,2021-03-22 11:00:00,,,1,0,0.0
ca37,2021-03-23,2021-03-23 01:00:00,428.0,428.0,1,1,1.0
ca37,2021-03-24,2021-03-24 05:00:00,,,1,0,0.0
ca37,2021-03-24,2021-03-24 12:00:00,,,1,0,0.0
ca37,2021-03-25,2021-03-25 01:00:00,,,1,0,0.0
ca37,2021-03-25,2021-03-25 07:00:00,0.0,0.0,1,1,1.0
ca37,2021-03-25,2021-03-25 09:00:00,,,1,0,0.0
ca37,2021-03-25,2021-03-25 10:00:00,,,1,0,0.0
ca37,2021-03-25,2021-03-25 11:00:00,3.142857142857143,2.0,3,2,0.6666666666666666
ca37,2021-03-25,2021-03-25 12:00:00,,,1,0,0.0
ca37,2021-03-25,2021-03-25 23:00:00,0.0,0.0,1,1,1.0
ca37,2021-03-27,2021-03-27 03:00:00,0.0,0.0,1,1,1.0
ca37,2021-03-28,2021-03-28 04:00:00,,,2,0,0.0
ca37,2021-03-28,2021-03-28 11:00:00,0.0,0.0,1,1,1.0
ca37,2021-03-30,2021-03-30 11:00:00,0.0,0.0,1,1,1.0
ca37,2021-03-31,2021-03-31 00:00:00,0.0,0.0,2,1,0.5
ca37,2021-04-01,2021-04-01 01:00:00,0.0,0.0,2,2,1.0
ca37,2021-04-02,2021-04-02 05:00:00,,,1,0,0.0
ca37,2021-04-03,2021-04-03 02:00:00,,,1,0,0.0
ca37,2021-04-04,2021-04-04 11:00:00,,,1,0,0.0
dk68,2021-03-05,2021-03-05 07:00:00,,,3,0,0.0
dk68,2021-03-05,2021-03-05 09:00:00,,,5,0,0.0
dk68,2021-03-07,2021-03-07 22:00:00,,,11,0,0.0
dk68,2021-03-07,2021-03-07 23:00:00,,,3,0,0.0
dk68,2021-03-08,2021-03-08 23:00:00,,,1,0,0.0
dk68,2021-03-09,2021-03-09 03:00:00,,,1,0,0.0
dk68,2021-03-10,2021-03-10 00:00:00,,,1,0,0.0
dk68,2021-03-11,2021-03-11 07:00:00,,,1,0,0.0
dk68,2021-03-12,2021-03-12 07:00:00,,,4,0,0.0
dk68,2021-03-12,2021-03-12 10:00:00,,,1,0,0.0
dk68,2021-03-12,2021-03-12 13:00:00,,,1,0,0.0
dk68,2021-03-13,2021-03-13 23:00:00,,,1,0,0.0
dk68,2021-03-14,2021-03-14 05:00:00,38.0,38.0,3,1,0.3333333333333333
dk68,2021-03-14,2021-03-14 06:00:00,,,1,0,0.0
dk68,2021-03-14,2021-03-14 21:00:00,,,3,0,0.0
dk68,2021-03-14,2021-03-14 22:00:00,,,8,0,0.0
dk68,2021-03-17,2021-03-17 06:00:00,,,3,0,0.0
dk68,2021-03-17,2021-03-17 12:00:00,,,1,0,0.0
dk68,2021-03-17,2021-03-17 22:00:00,177.4,177.4,1,1,1.0
dk68,2021-03-19,2021-03-19 02:00:00,,,1,0,0.0
dk68,2021-03-19,2021-03-19 06:00:00,,,1,0,0.0
dk68,2021-03-19,2021-03-19 07:00:00,,,5,0,0.0
dk68,2021-03-19,2021-03-19 08:00:00,,,2,0,0.0
dk68,2021-03-19,2021-03-19 09:00:00,,,2,0,0.0
dk68,2021-03-22,2021-03-22 06:00:00,,,1,0,0.0
dk68,2021-03-24,2021-03-24 10:00:00,,,1,0,0.0
dk68,2021-03-25,2021-03-25 00:00:00,,,2,0,0.0
dk68,2021-03-25,2021-03-25 04:00:00,,,1,0,0.0
dk68,2021-03-25,2021-03-25 12:00:00,,,1,0,0.0
dk68,2021-03-25,2021-03-25 14:00:00,,,1,0,0.0
dk68,2021-03-27,2021-03-27 03:00:00,,,1,0,0.0
dk68,2021-03-27,2021-03-27 05:00:00,0.0,0.0,1,1,1.0
dk68,2021-03-27,2021-03-27 06:00:00,,,1,0,0.0
dk68,2021-03-27,2021-03-27 13:00:00,,,2,0,0.0
dk68,2021-03-28,2021-03-28 02:00:00,,,3,0,0.0
dk68,2021-03-28,2021-03-28 05:00:00,,,2,0,0.0
dk68,2021-03-28,2021-03-28 06:00:00,,,4,0,0.0
dk68,2021-03-28,2021-03-28 21:00:00,,,9,0,0.0
dk68,2021-03-28,2021-03-28 22:00:00,,,12,0,0.0
dk68,2021-03-29,2021-03-29 04:00:00,,,1,0,0.0
dk68,2021-03-31,2021-03-31 06:00:00,,,2,0,0.0
dk68,2021-04-01,2021-04-01 00:00:00,,,1,0,0.0
dk68,2021-04-01,2021-04-01 23:00:00,,,1,0,0.0
dk68,2021-04-02,2021-04-02 06:00:00,,,1,0,0.0
dk68,2021-04-02,2021-04-02 07:00:00,,,7,0,0.0
dk68,2021-04-02,2021-04-02 08:00:00,,,5,0,0.0
dk68,2021-04-04,2021-04-04 05:00:00,,,1,0,0.0
dk68,2021-04-04,2021-04-04 06:00:00,,,4,0,0.0
dk68,2021-04-04,2021-04-04 21:00:00,,,1,0,0.0
dk68,2021-04-04,2021-04-04 22:00:00,,,7,0,0.0
dk68,2021-04-04,2021-04-04 23:00:00,,,1,0,0.0
ea80,2021-03-04,2021-03-04 11:00:00,,,5,0,0.0
ea80,2021-03-08,2021-03-08 04:00:00,,,1,0,0.0
ea80,2021-03-08,2021-03-08 08:00:00,,,4,0,0.0
ea80,2021-03-08,2021-03-08 09:00:00,,,3,0,0.0
ea80,2021-03-08,2021-03-08 15:00:00,,,3,0,0.0
ea80,2021-03-08,2021-03-08 16:00:00,0.0,0.0,6,1,0.16666666666666666
ea80,2021-03-09,2021-03-09 00:00:00,,,1,0,0.0
ea80,2021-03-09,2021-03-09 04:00:00,,,2,0,0.0
ea80,2021-03-09,2021-03-09 15:00:00,,,2,0,0.0
ea80,2021-03-09,2021-03-09 17:00:00,,,5,0,0.0
ea80,2021-03-09,2021-03-09 23:00:00,,,2,0,0.0
ea80,2021-03-10,2021-03-10 00:00:00,0.0,0.0,9,1,0.1111111111111111
ea80,2021-03-10,2021-03-10 01:00:00,0.0,0.0,10,1,0.1
ea80,2021-03-10,2021-03-10 02:00:00,,,8,0,0.0
ea80,2021-03-10,2021-03-10 03:00:00,,,8,0,0.0
ea80,2021-03-10,2021-03-10 06:00:00,0.0,0.0,2,1,0.5
ea80,2021-03-10,2021-03-10 08:00:00,,,2,0,0.0
ea80,2021-03-10,2021-03-10 14:00:00,,,2,0,0.0
ea80,2021-03-10,2021-03-10 16:00:00,,,1,0,0.0
ea80,2021-03-11,2021-03-11 00:00:00,,,2,0,0.0
ea80,2021-03-11,2021-03-11 14:00:00,,,3,0,0.0
ea80,2021-03-12,2021-03-12 11:00:00,,,1,0,0.0
ea80,2021-03-12,2021-03-12 12:00:00,0.0,0.0,1,1,1.0
ea80,2021-03-12,2021-03-12 13:00:00,,,8,0,0.0
ea80,2021-03-12,2021-03-12 14:00:00,,,2,0,0.0
ea80,2021-03-12,2021-03-12 15:00:00,66.0,66.0,2,1,0.5
ea80,2021-03-12,2021-03-12 16:00:00,,,6,0,0.0
ea80,2021-03-13,2021-03-13 02:00:00,,,1,0,0.0
ea80,2021-03-13,2021-03-13 03:00:00,,,5,0,0.0
ea80,2021-03-13,2021-03-13 05:00:00,0.0,0.0,1,1,1.0
ea80,2021-03-13,2021-03-13 11:00:00,,,1,0,0.0
ea80,2021-03-13,2021-03-13 15:00:00,0.0,0.0,3,1,0.3333333333333333
ea80,2021-03-13,2021-03-13 16:00:00,,,1,0,0.0
ea80,2021-03-14,2021-03-14 15:00:00,,,1,0,0.0
ea80,2021-03-14,2021-03-14 16:00:00,,,2,0,0.0
ea80,2021-03-15,2021-03-15 00:00:00,,,1,0,0.0
ea80,2021-03-15,2021-03-15 01:00:00,,,1,0,0.0
ea80,2021-03-15,2021-03-15 03:00:00,,,3,0,0.0
ea80,2021-03-15,2021-03-15 05:00:00,0.0,0.0,1,1,1.0
ea80,2021-03-15,2021-03-15 09:00:00,,,1,0,0.0
ea80,2021-03-15,2021-03-15 10:00:00,,,3,0,0.0
ea80,2021-03-15,2021-03-15 11:00:00,,,3,0,0.0
ea80,2021-03-16,2021-03-16 14:00:00,,,2,0,0.0
ea80,2021-03-17,2021-03-17 00:00:00,,,2,0,0.0
ea80,2021-03-17,2021-03-17 02:00:00,,,1,0,0.0
ea80,2021-03-17,2021-03-17 04:00:00,,,1,0,0.0
ea80,2021-03-17,2021-03-17 06:00:00,,,1,0,0.0
ea80,2021-03-18,2021-03-18 09:00:00,,,1,0,0.0
ea80,2021-03-18,2021-03-18 13:00:00,,,1,0,0.0
ea80,2021-03-18,2021-03-18 14:00:00,0.0,0.0,1,1,1.0
ea80,2021-03-18,2021-03-18 15:00:00,,,1,0,0.0
ea80,2021-03-19,2021-03-19 05:00:00,,,2,0,0.0
ea80,2021-03-19,2021-03-19 06:00:00,,,2,0,0.0
ea80,2021-03-19,2021-03-19 07:00:00,0.0,0.0,2,2,1.0
ea80,2021-03-19,2021-03-19 10:00:00,,,1,0,0.0
ea80,2021-03-19,2021-03-19 11:00:00,,,5,0,0.0
ea80,2021-03-19,2021-03-19 12:00:00,,,1,0,0.0
ea80,2021-03-20,2021-03-20 06:00:00,,,5,0,0.0
ea80,2021-03-20,2021-03-20 14:00:00,,,2,0,0.0
ea80,2021-03-20,2021-03-20 15:00:00,,,2,0,0.0
ea80,2021-03-23,2021-03-23 00:00:00,,,1,0,0.0
ea80,2021-03-24,2021-03-24 23:00:00,,,1,0,0.0
ea80,2021-03-25,2021-03-25 03:00:00,,,2,0,0.0
ea80,2021-03-25,2021-03-25 10:00:00,0.0,0.0,1,1,1.0
ea80,2021-03-25,2021-03-25 11:00:00,,,1,0,0.0
ea80,2021-03-25,2021-03-25 12:00:00,,,2,0,0.0
ea80,2021-03-26,2021-03-26 04:00:00,,,2,0,0.0
ea80,2021-03-26,2021-03-26 10:00:00,,,1,0,0.0
ea80,2021-03-26,2021-03-26 11:00:00,,,1,0,0.0
ea80,2021-03-26,2021-03-26 13:00:00,,,1,0,0.0
ea80,2021-03-26,2021-03-26 16:00:00,,,3,0,0.0
ea80,2021-03-26,2021-03-26 17:00:00,,,1,0,0.0
ea80,2021-03-27,2021-03-27 03:00:00,,,1,0,0.0
ea80,2021-03-27,2021-03-27 05:00:00,12.0,12.0,2,1,0.5
ea80,2021-03-27,2021-03-27 07:00:00,,,1,0,0.0
ea80,2021-03-27,2021-03-27 16:00:00,,,1,0,0.0
ea80,2021-03-27,2021-03-27 17:00:00,0.0,0.0,9,1,0.1111111111111111
ea80,2021-03-27,2021-03-27 18:00:00,,,11,0,0.0
ea80,2021-03-27,2021-03-27 19:00:00,0.0,0.0,4,1,0.25
ea80,2021-03-27,2021-03-27 20:00:00,,,4,0,0.0
ea80,2021-03-28,2021-03-28 04:00:00,,,2,0,0.0
ea80,2021-03-29,2021-03-29 00:00:00,0.0,0.0,2,1,0.5
ea80,2021-03-29,2021-03-29 01:00:00,,,7,0,0.0
ea80,2021-03-29,2021-03-29 02:00:00,,,1,0,0.0
ea80,2021-03-29,2021-03-29 03:00:00,0.0,0.0,4,1,0.25
ea80,2021-03-29,2021-03-29 11:00:00,,,1,0,0.0
ea80,2021-03-29,2021-03-29 13:00:00,,,1,0,0.0
ea80,2021-03-29,2021-03-29 14:00:00,,,5,0,0.0
ea80,2021-03-29,2021-03-29 23:00:00,,,5,0,0.0
ea80,2021-03-30,2021-03-30 00:00:00,,,2,0,0.0
ea80,2021-03-30,2021-03-30 11:00:00,98.2,98.2,1,1,1.0
ea80,2021-03-30,2021-03-30 12:00:00,,,1,0,0.0
ea80,2021-03-30,2021-03-30 13:00:00,,,1,0,0.0
ea80,2021-03-30,2021-03-30 14:00:00,,,1,0,0.0
ea80,2021-03-30,2021-03-30 15:00:00,,,1,0,0.0
ea80,2021-03-30,2021-03-30 17:00:00,,,1,0,0.0
ea80,2021-03-31,2021-03-31 03:00:00,,,1,0,0.0
ea80,2021-03-31,2021-03-31 08:00:00,,,1,0,0.0
ea80,2021-03-31,2021-03-31 11:00:00,,,1,0,0.0
ea80,2021-03-31,2021-03-31 13:00:00,,,1,0,0.0
ea80,2021-03-31,2021-03-31 14:00:00,,,1,0,0.0
ea80,2021-03-31,2021-03-31 15:00:00,,,1,0,0.0
ea80,2021-04-01,2021-04-01 01:00:00,0.0,0.0,2,1,0.5
ea80,2021-04-01,2021-04-01 02:00:00,0.0,0.0,4,1,0.25
ea80,2021-04-01,2021-04-01 03:00:00,0.0,0.0,1,1,1.0
ea80,2021-04-01,2021-04-01 10:00:00,,,1,0,0.0
ea80,2021-04-01,2021-04-01 11:00:00,0.0,0.0,6,1,0.16666666666666666
ea80,2021-04-01,2021-04-01 12:00:00,0.0,0.0,2,1,0.5
ea80,2021-04-02,2021-04-02 00:00:00,,,2,0,0.0
ea80,2021-04-02,2021-04-02 01:00:00,,,1,0,0.0
ea80,2021-04-02,2021-04-02 08:00:00,,,1,0,0.0
ea80,2021-04-03,2021-04-03 05:00:00,0.0,0.0,3,1,0.3333333333333333
ea80,2021-04-03,2021-04-03 06:00:00,0.0,0.0,2,1,0.5
ea80,2021-04-03,2021-04-03 09:00:00,,,1,0,0.0
ea80,2021-04-03,2021-04-03 10:00:00,,,5,0,0.0
ea80,2021-04-03,2021-04-03 11:00:00,,,1,0,0.0
ea80,2021-04-03,2021-04-03 15:00:00,,,2,0,0.0
ej27,2021-03-05,2021-03-05 05:00:00,,,1,0,0.0
ej27,2021-03-07,2021-03-07 23:00:00,0.0,0.0,1,1,1.0
ej27,2021-03-08,2021-03-08 00:00:00,3.3846153846153846,3.3846153846153846,1,1,1.0
ej27,2021-03-08,2021-03-08 01:00:00,12.25,5.833333333333333,9,9,1.0
ej27,2021-03-08,2021-03-08 02:00:00,54.45968992248062,45.5,6,5,0.8333333333333334
ej27,2021-03-08,2021-03-08 03:00:00,0.0,0.0,2,2,1.0
ej27,2021-03-08,2021-03-08 04:00:00,3.0,3.0,3,2,0.6666666666666666
ej27,2021-03-08,2021-03-08 05:00:00,1.625,1.625,7,3,0.42857142857142855
ej27,2021-03-08,2021-03-08 06:00:00,0.0,0.0,9,8,0.8888888888888888
ej27,2021-03-08,2021-03-08 07:00:00,24.5,18.0,6,5,0.8333333333333334
ej27,2021-03-08,2021-03-08 08:00:00,6.277777777777778,3.333333333333333,12,8,0.6666666666666666
ej27,2021-03-08,2021-03-08 09:00:00,0.0,0.0,2,2,1.0
ej27,2021-03-08,2021-03-08 12:00:00,2.5,2.5,1,1,1.0
ej27,2021-03-08,2021-03-08 13:00:00,0.0,0.0,2,1,0.5
ej27,2021-03-08,2021-03-08 14:00:00,0.0,0.0,6,2,0.3333333333333333
ej27,2021-03-08,2021-03-08 15:00:00,,,2,0,0.0
ej27,2021-03-08,2021-03-08 23:00:00,0.0,0.0,2,1,0.5
ej27,2021-03-09,2021-03-09 00:00:00,0.0,0.0,1,1,1.0
ej27,2021-03-09,2021-03-09 01:00:00,0.0,0.0,5,4,0.8
ej27,2021-03-09,2021-03-09 02:00:00,0.0,0.0,2,2,1.0
ej27,2021-03-09,2021-03-09 03:00:00,12.75,10.0,5,4,0.8
ej27,2021-03-09,2021-03-09 04:00:00,13.351648351648352,12.428571428571429,4,3,0.75
ej27,2021-03-09,2021-03-09 05:00:00,0.0,0.0,6,6,1.0
ej27,2021-03-09,2021-03-09 06:00:00,,,1,0,0.0
ej27,2021-03-09,2021-03-09 08:00:00,0.0,0.0,6,5,0.8333333333333334
ej27,2021-03-09,2021-03-09 09:00:00,,,1,0,0.0
ej27,2021-03-09,2021-03-09 10:00:00,,,1,0,0.0
ej27,2021-03-09,2021-03-09 13:00:00,0.0,0.0,3,3,1.0
ej27,2021-03-10,2021-03-10 00:00:00,0.0,0.0,1,1,1.0
ej27,2021-03-10,2021-03-10 01:00:00,0.0,0.0,3,1,0.3333333333333333
ej27,2021-03-10,2021-03-10 05:00:00,,,1,0,0.0
ej27,2021-03-10,2021-03-10 06:00:00,24.0,24.0,4,3,0.75
ej27,2021-03-10,2021-03-10 07:00:00,0.0,0.0,4,3,0.75
ej27,2021-03-10,2021-03-10 08:00:00,0.0,0.0,1,1,1.0
ej27,2021-03-10,2021-03-10 09:00:00,0.0,0.0,1,1,1.0
ej27,2021-03-10,2021-03-10 13:00:00,0.0,0.0,2,1,0.5
ej27,2021-03-10,2021-03-10 14:00:00,,,8,0,0.0
ej27,2021-03-11,2021-03-11 03:00:00,0.0,0.0,1,1,1.0
ej27,2021-03-11,2021-03-11 04:00:00,,,2,0,0.0
ej27,2021-03-11,2021-03-11 05:00:00,0.0,0.0,2,2,1.0
ej27,2021-03-11,2021-03-11 06:00:00,0.0,0.0,7,3,0.42857142857142855
ej27,2021-03-11,2021-03-11 07:00:00,,,1,0,0.0
ej27,2021-03-11,2021-03-11 10:00:00,0.0,0.0,2,1,0.5
ej27,2021-03-11,2021-03-11 11:00:00,0.0,0.0,1,1,1.0
ej27,2021-03-11,2021-03-11 12:00:00,,,1,0,0.0
ej27,2021-03-11,2021-03-11 13:00:00,17.0,17.0,4,2,0.5
ej27,2021-03-11,2021-03-11 14:00:00,,,1,0,0.0
ej27,2021-03-12,2021-03-12 00:00:00,,,1,0,0.0
ej27,2021-03-12,2021-03-12 01:00:00,0.0,0.0,2,1,0.5
ej27,2021-03-12,2021-03-12 02:00:00,0.0,0.0,2,2,1.0
ej27,2021-03-12,2021-03-12 03:00:00,3.9999999999999996,3.333333333333333,3,3,1.0
ej27,2021-03-12,2021-03-12 05:00:00,0.0,0.0,4,2,0.5
ej27,2021-03-12,2021-03-12 07:00:00,,,1,0,0.0
ej27,2021-03-12,2021-03-12 12:00:00,0.0,0.0,1,1,1.0
ej27,2021-03-12,2021-03-12 14:00:00,,,2,0,0.0
ej27,2021-03-13,2021-03-13 02:00:00,0.0,0.0,3,3,1.0
ej27,2021-03-13,2021-03-13 04:00:00,0.0,0.0,2,1,0.5
ej27,2021-03-13,2021-03-13 07:00:00,0.0,0.0,3,1,0.3333333333333333
ej27,2021-03-13,2021-03-13 08:00:00,3.375,3.375,2,2,1.0
ej27,2021-03-13,2021-03-13 10:00:00,,,3,0,0.0
ej27,2021-03-13,2021-03-13 11:00:00,,,4,0,0.0
ej27,2021-03-13,2021-03-13 12:00:00,,,1,0,0.0
ej27,2021-03-13,2021-03-13 13:00:00,0.0,0.0,6,4,0.6666666666666666
ej27,2021-03-13,2021-03-13 14:00:00,0.0,0.0,2,1,0.5
ej27,2021-03-14,2021-03-14 03:00:00,12.0,12.0,4,3,0.75
ej27,2021-03-14,2021-03-14 04:00:00,10.0,4.333333333333333,8,7,0.875
ej27,2021-03-14,2021-03-14 05:00:00,0.0,0.0,4,2,0.5
ej27,2021-03-14,2021-03-14 06:00:00,8.333333333333334,8.333333333333334,7,2,0.2857142857142857
ej27,2021-03-14,2021-03-14 07:00:00,0.0,0.0,4,1,0.25
ej27,2021-03-14,2021-03-14 08:00:00,0.0,0.0,9,1,0.1111111111111111
ej27,2021-03-14,2021-03-14 09:00:00,,,11,0,0.0
ej27,2021-03-14,2021-03-14 10:00:00,16.50994694960212,12.413793103448276,4,3,0.75
ej27,2021-03-14,2021-03-14 11:00:00,,,3,0,0.0
ej27,2021-03-14,2021-03-14 12:00:00,,,1,0,0.0
ej27,2021-03-14,2021-03-14 23:00:00,,,1,0,0.0
ej27,2021-03-15,2021-03-15 02:00:00,0.0,0.0,3,2,0.6666666666666666
ej27,2021-03-15,2021-03-15 03:00:00,,,3,0,0.0
ej27,2021-03-15,2021-03-15 04:00:00,0.0,0.0,7,3,0.42857142857142855
ej27,2021-03-15,2021-03-15 05:00:00,,,3,0,0.0
ej27,2021-03-15,2021-03-15 06:00:00,2.421052631578948,2.421052631578948,3,1,0.3333333333333333
ej27,2021-03-15,2021-03-15 07:00:00,0.0,0.0,10,7,0.7
ej27,2021-03-15,2021-03-15 08:00:00,,,2,0,0.0
ej27,2021-03-15,2021-03-15 09:00:00,0.0,0.0,2,1,0.5
ej27,2021-03-15,2021-03-15 10:00:00,,,2,0,0.0
ej27,2021-03-15,2021-03-15 11:00:00,,,1,0,0.0
ej27,2021-03-15,2021-03-15 13:00:00,,,1,0,0.0
ej27,2021-03-15,2021-03-15 23:00:00,0.0,0.0,1,1,1.0
ej27,2021-03-16,2021-03-16 01:00:00,,,1,0,0.0
ej27,2021-03-16,2021-03-16 05:00:00,0.0,0.0,4,2,0.5
ej27,2021-03-16,2021-03-16 07:00:00,0.0,0.0,4,2,0.5
ej27,2021-03-16,2021-03-16 08:00:00,,,5,0,0.0
ej27,2021-03-17,2021-03-17 04:00:00,,,1,0,0.0
ej27,2021-03-17,2021-03-17 05:00:00,0.0,0.0,7,3,0.42857142857142855
ej27,2021-03-17,2021-03-17 06:00:00,0.0,0.0,3,1,0.3333333333333333
ej27,2021-03-17,2021-03-17 07:00:00,,,3,0,0.0
ej27,2021-03-17,2021-03-17 08:00:00,0.0,0.0,10,1,0.1
ej27,2021-03-17,2021-03-17 09:00:00,0.0,0.0,4,1,0.25
ej27,2021-03-17,2021-03-17 10:00:00,0.0,0.0,5,3,0.6
ej27,2021-03-17,2021-03-17 11:00:00,0.0,0.0,6,2,0.3333333333333333
ej27,2021-03-18,2021-03-18 04:00:00,0.0,0.0,3,1,0.3333333333333333
ej27,2021-03-18,2021-03-18 05:00:00,0.0,0.0,8,2,0.25
ej27,2021-03-18,2021-03-18 06:00:00,,,7,0,0.0
ej27,2021-03-18,2021-03-18 07:00:00,0.0,0.0,9,3,0.3333333333333333
ej27,2021-03-18,2021-03-18 08:00:00,,,9,0,0.0
ej27,2021-03-18,2021-03-18 09:00:00,0.0,0.0,2,2,1.0
ej27,2021-03-18,2021-03-18 11:00:00,,,4,0,0.0
ej27,2021-03-19,2021-03-19 02:00:00,,,1,0,0.0
ej27,2021-03-19,2021-03-19 03:00:00,3.0,3.0,1,1,1.0
ej27,2021-03-19,2021-03-19 04:00:00,0.0,0.0,2,2,1.0
ej27,2021-03-19,2021-03-19 05:00:00,0.0,0.0,2,2,1.0
ej27,2021-03-19,2021-03-19 06:00:00,,,3,0,0.0
ej27,2021-03-19,2021-03-19 08:00:00,0.0,0.0,1,1,1.0
ej27,2021-03-19,2021-03-19 12:00:00,,,1,0,0.0
ej27,2021-03-19,2021-03-19 13:00:00,,,1,0,0.0
ej27,2021-03-20,2021-03-20 03:00:00,,,1,0,0.0
ej27,2021-03-20,2021-03-20 04:00:00,3.1666666666666665,3.1666666666666665,1,1,1.0
ej27,2021-03-20,2021-03-20 05:00:00,0.0,0.0,8,3,0.375
ej27,2021-03-20,2021-03-20 06:00:00,0.0,0.0,2,1,0.5
ej27,2021-03-20,2021-03-20 07:00:00,0.0,0.0,2,1,0.5
ej27,2021-03-20,2021-03-20 08:00:00,0.0,0.0,12,2,0.16666666666666666
ej27,2021-03-20,2021-03-20 09:00:00,,,10,0,0.0
ej27,2021-03-20,2021-03-20 10:00:00,,,2,0,0.0
ej27,2021-03-20,2021-03-20 11:00:00,,,2,0,0.0
ej27,2021-03-21,2021-03-21 02:00:00,2.5,2.5,1,1,1.0
ej27,2021-03-21,2021-03-21 03:00:00,0.0,0.0,4,2,0.5
ej27,2021-03-21,2021-03-21 05:00:00,,,2,0,0.0
ej27,2021-03-21,2021-03-21 06:00:00,,,1,0,0.0
ej27,2021-03-21,2021-03-21 07:00:00,0.0,0.0,7,2,0.2857142857142857
ej27,2021-03-21,2021-03-21 08:00:00,0.0,0.0,9,1,0.1111111111111111
ej27,2021-03-21,2021-03-21 09:00:00,0.0,0.0,6,2,0.3333333333333333
ej27,2021-03-21,2021-03-21 10:00:00,,,4,0,0.0
ej27,2021-03-21,2021-03-21 12:00:00,0.0,0.0,3,2,0.6666666666666666
ej27,2021-03-21,2021-03-21 13:00:00,0.0,0.0,5,1,0.2
ej27,2021-03-22,2021-03-22 00:00:00,0.0,0.0,2,1,0.5
ej27,2021-03-22,2021-03-22 01:00:00,0.0,0.0,4,2,0.5
ej27,2021-03-22,2021-03-22 02:00:00,0.0,0.0,1,1,1.0
ej27,2021-03-22,2021-03-22 05:00:00,0.0,0.0,1,1,1.0
ej27,2021-03-22,2021-03-22 06:00:00,,,2,0,0.0
ej27,2021-03-22,2021-03-22 07:00:00,,,3,0,0.0
ej27,2021-03-22,2021-03-22 10:00:00,2.2,2.2,1,1,1.0
ej27,2021-03-22,2021-03-22 11:00:00,0.0,0.0,1,1,1.0
ej27,2021-03-22,2021-03-22 23:00:00,0.0,0.0,4,4,1.0
ej27,2021-03-23,2021-03-23 00:00:00,0.0,0.0,2,1,0.5
ej27,2021-03-23,2021-03-23 01:00:00,,,1,0,0.0
ej27,2021-03-23,2021-03-23 02:00:00,0.0,0.0,1,1,1.0
ej27,2021-03-23,2021-03-23 06:00:00,0.0,0.0,1,1,1.0
ej27,2021-03-23,2021-03-23 09:00:00,,,1,0,0.0
ej27,2021-03-23,2021-03-23 12:00:00,,,3,0,0.0
ej27,2021-03-23,2021-03-23 23:00:00,14.0,14.0,3,2,0.6666666666666666
ej27,2021-03-24,2021-03-24 00:00:00,3.571428571428571,2.0,9,6,0.6666666666666666
ej27,2021-03-24,2021-03-24 04:00:00,0.0,0.0,3,2,0.6666666666666666
ej27,2021-03-24,2021-03-24 05:00:00,0.0,0.0,4,1,0.25
ej27,2021-03-24,2021-03-24 06:00:00,0.0,0.0,3,1,0.3333333333333333
ej27,2021-03-24,2021-03-24 07:00:00,,,1,0,0.0
ej27,2021-03-24,2021-03-24 12:00:00,,,1,0,0.0
ej27,2021-03-25,2021-03-25 01:00:00,0.0,0.0,5,5,1.0
ej27,2021-03-25,2021-03-25 02:00:00,0.0,0.0,3,3,1.0
ej27,2021-03-25,2021-03-25 05:00:00,0.0,0.0,4,2,0.5
ej27,2021-03-25,2021-03-25 06:00:00,9.0,9.0,2,2,1.0
ej27,2021-03-25,2021-03-25 07:00:00,,,1,0,0.0
ej27,2021-03-25,2021-03-25 08:00:00,0.0,0.0,9,1,0.1111111111111111
ej27,2021-03-25,2021-03-25 09:00:00,0.0,0.0,4,1,0.25
ej27,2021-03-25,2021-03-25 10:00:00,0.0,0.0,6,1,0.16666666666666666
ej27,2021-03-25,2021-03-25 11:00:00,,,3,0,0.0
ej27,2021-03-26,2021-03-26 00:00:00,2.4,2.4,7,2,0.2857142857142857
ej27,2021-03-26,2021-03-26 01:00:00,2.5,2.5,4,2,0.5
ej27,2021-03-26,2021-03-26 02:00:00,7.866666666666667,5.666666666666667,8,4,0.5
ej27,2021-03-26,2021-03-26 08:00:00,1.625,1.625,4,4,1.0
ej27,2021-03-26,2021-03-26 09:00:00,33.5,33.5,3,2,0.6666666666666666
ej27,2021-03-26,2021-03-26 10:00:00,0.0,0.0,7,3,0.42857142857142855
ej27,2021-03-26,2021-03-26 11:00:00,31.166666666666668,16.666666666666668,7,5,0.7142857142857143
ej27,2021-03-26,2021-03-26 12:00:00,,,1,0,0.0
ej27,2021-03-26,2021-03-26 13:00:00,,,1,0,0.0
ej27,2021-03-26,2021-03-26 23:00:00,0.0,0.0,3,2,0.6666666666666666
ej27,2021-03-27,2021-03-27 00:00:00,0.0,0.0,3,2,0.6666666666666666
ej27,2021-03-27,2021-03-27 02:00:00,,,1,0,0.0
ej27,2021-03-27,2021-03-27 07:00:00,,,3,0,0.0
ej27,2021-03-27,2021-03-27 09:00:00,2.5,2.5,4,1,0.25
ej27,2021-03-27,2021-03-27 11:00:00,0.0,0.0,5,1,0.2
ej27,2021-03-27,2021-03-27 12:00:00,0.0,0.0,4,1,0.25
ej27,2021-03-28,2021-03-28 01:00:00,17.5,12.5,4,2,0.5
ej27,2021-03-28,2021-03-28 02:00:00,,,2,0,0.0
ej27,2021-03-28,2021-03-28 03:00:00,0.0,0.0,4,1,0.25
ej27,2021-03-28,2021-03-28 04:00:00,,,5,0,0.0
ej27,2021-03-28,2021-03-28 05:00:00,,,5,0,0.0
ej27,2021-03-28,2021-03-28 06:00:00,0.0,0.0,5,2,0.4
ej27,2021-03-28,2021-03-28 07:00:00,0.0,0.0,7,7,1.0
ej27,2021-03-29,2021-03-29 02:00:00,0.0,0.0,3,1,0.3333333333333333
ej27,2021-03-29,2021-03-29 03:00:00,23.666666666666668,23.666666666666668,1,1,1.0
ej27,2021-03-29,2021-03-29 04:00:00,,,4,0,0.0
ej27,2021-03-29,2021-03-29 05:00:00,0.0,0.0,10,1,0.1
ej27,2021-03-29,2021-03-29 07:00:00,,,2,0,0.0
ej27,2021-03-29,2021-03-29 08:00:00,,,3,0,0.0
ej27,2021-03-29,2021-03-29 09:00:00,,,1,0,0.0
ej27,2021-03-29,2021-03-29 10:00:00,5.75,5.75,3,3,1.0
ej27,2021-03-29,2021-03-29 11:00:00,0.0,0.0,3,2,0.6666666666666666
ej27,2021-03-29,2021-03-29 12:00:00,,,6,0,0.0
ej27,2021-03-29,2021-03-29 13:00:00,0.0,0.0,3,1,0.3333333333333333
ej27,2021-03-30,2021-03-30 00:00:00,0.0,0.0,2,1,0.5
ej27,2021-03-30,2021-03-30 02:00:00,0.0,0.0,1,1,1.0
ej27,2021-03-30,2021-03-30 03:00:00,0.0,0.0,4,2,0.5
ej27,2021-03-30,2021-03-30 04:00:00,0.0,0.0,6,1,0.16666666666666666
ej27,2021-03-30,2021-03-30 05:00:00,0.0,0.0,9,2,0.2222222222222222
ej27,2021-03-30,2021-03-30 06:00:00,3.333333333333333,3.333333333333333,1,1,1.0
ej27,2021-03-30,2021-03-30 07:00:00,0.0,0.0,5,1,0.2
ej27,2021-03-30,2021-03-30 08:00:00,0.0,0.0,6,1,0.16666666666666666
ej27,2021-03-30,2021-03-30 09:00:00,,,1,0,0.0
ej27,2021-03-30,2021-03-30 11:00:00,0.0,0.0,1,1,1.0
ej27,2021-03-30,2021-03-30 13:00:00,,,1,0,0.0
ej27,2021-03-31,2021-03-31 00:00:00,0.0,0.0,3,1,0.3333333333333333
ej27,2021-03-31,2021-03-31 01:00:00,0.0,0.0,5,1,0.2
ej27,2021-03-31,2021-03-31 03:00:00,,,1,0,0.0
ej27,2021-03-31,2021-03-31 04:00:00,,,1,0,0.0
ej27,2021-03-31,2021-03-31 05:00:00,0.0,0.0,1,1,1.0
ej27,2021-03-31,2021-03-31 06:00:00,,,4,0,0.0
ej27,2021-03-31,2021-03-31 07:00:00,,,2,0,0.0
ej27,2021-03-31,2021-03-31 12:00:00,6.5,6.5,7,3,0.42857142857142855
ej27,2021-04-01,2021-04-01 02:00:00,27.375,27.375,2,2,1.0
ej27,2021-04-01,2021-04-01 03:00:00,,,2,0,0.0
ej27,2021-04-01,2021-04-01 04:00:00,0.0,0.0,4,3,0.75
ej27,2021-04-01,2021-04-01 05:00:00,2.071428571428572,2.071428571428572,6,3,0.5
ej27,2021-04-01,2021-04-01 06:00:00,0.0,0.0,5,1,0.2
ej27,2021-04-01,2021-04-01 07:00:00,0.0,0.0,4,4,1.0
ej27,2021-04-01,2021-04-01 09:00:00,0.0,0.0,2,1,0.5
ej27,2021-04-01,2021-04-01 10:00:00,,,4,0,0.0
ej27,2021-04-01,2021-04-01 11:00:00,0.0,0.0,5,1,0.2
ej27,2021-04-01,2021-04-01 12:00:00,0.0,0.0,4,1,0.25
ej27,2021-04-01,2021-04-01 13:00:00,,,3,0,0.0
ej27,2021-04-01,2021-04-01 23:00:00,0.0,0.0,2,2,1.0
ej27,2021-04-02,2021-04-02 00:00:00,0.0,0.0,8,5,0.625
ej27,2021-04-02,2021-04-02 01:00:00,0.0,0.0,9,6,0.6666666666666666
ej27,2021-04-02,2021-04-02 02:00:00,0.0,0.0,3,2,0.6666666666666666
ej27,2021-04-02,2021-04-02 03:00:00,0.0,0.0,1,1,1.0
ej27,2021-04-02,2021-04-02 04:00:00,,,1,0,0.0
ej27,2021-04-02,2021-04-02 06:00:00,4.8,4.8,1,1,1.0
ej27,2021-04-02,2021-04-02 07:00:00,0.0,0.0,9,4,0.4444444444444444
ej27,2021-04-02,2021-04-02 08:00:00,0.0,0.0,8,2,0.25
ej27,2021-04-02,2021-04-02 10:00:00,,,2,0,0.0
ej27,2021-04-02,2021-04-02 23:00:00,0.0,0.0,1,1,1.0
ej27,2021-04-03,2021-04-03 00:00:00,0.0,0.0,3,1,0.3333333333333333
ej27,2021-04-03,2021-04-03 01:00:00,0.5,0.5,5,4,0.8
ej27,2021-04-03,2021-04-03 02:00:00,0.0,0.0,3,3,1.0
ej27,2021-04-03,2021-04-03 03:00:00,0.0,0.0,3,2,0.6666666666666666
ej27,2021-04-03,2021-04-03 04:00:00,29.0,29.0,1,1,1.0
ej27,2021-04-03,2021-04-03 09:00:00,0.0,0.0,2,1,0.5
ej27,2021-04-03,2021-04-03 10:00:00,10.0,10.0,5,2,0.4
ej27,2021-04-04,2021-04-04 03:00:00,0.0,0.0,4,2,0.5
ev76,2021-03-04,2021-03-04 03:00:00,,,1,0,0.0
ev76,2021-03-08,2021-03-08 00:00:00,,,5,0,0.0
ev76,2021-03-08,2021-03-08 02:00:00,,,1,0,0.0
ev76,2021-03-08,2021-03-08 03:00:00,0.0,0.0,1,1,1.0
ev76,2021-03-08,2021-03-08 04:00:00,0.0,0.0,3,1,0.3333333333333333
ev76,2021-03-08,2021-03-08 05:00:00,,,1,0,0.0
ev76,2021-03-08,2021-03-08 06:00:00,0.0,0.0,4,1,0.25
ev76,2021-03-08,2021-03-08 07:00:00,0.0,0.0,6,4,0.6666666666666666
ev76,2021-03-08,2021-03-08 09:00:00,0.0,0.0,2,1,0.5
ev76,2021-03-08,2021-03-08 10:00:00,0.0,0.0,1,1,1.0
ev76,2021-03-08,2021-03-08 12:00:00,0.0,0.0,3,1,0.3333333333333333
ev76,2021-03-08,2021-03-08 14:00:00,,,1,0,0.0
ev76,2021-03-08,2021-03-08 15:00:00,,,1,0,0.0
ev76,2021-03-09,2021-03-09 00:00:00,,,1,0,0.0
ev76,2021-03-09,2021-03-09 03:00:00,45.5,45.5,1,1,1.0
ev76,2021-03-09,2021-03-09 06:00:00,0.0,0.0,1,1,1.0
ev76,2021-03-09,2021-03-09 09:00:00,,,3,0,0.0
ev76,2021-03-09,2021-03-09 10:00:00,,,4,0,0.0
ev76,2021-03-09,2021-03-09 11:00:00,7.051774459625228,5.425531914893617,3,3,1.0
ev76,2021-03-09,2021-03-09 13:00:00,,,1,0,0.0
ev76,2021-03-09,2021-03-09 15:00:00,,,1,0,0.0
ev76,2021-03-10,2021-03-10 01:00:00,25.33333333333333,25.33333333333333,4,3,0.75
ev76,2021-03-10,2021-03-10 02:00:00,0.0,0.0,2,1,0.5
ev76,2021-03-10,2021-03-10 04:00:00,0.0,0.0,3,1,0.3333333333333333
ev76,2021-03-10,2021-03-10 05:00:00,0.0,0.0,3,2,0.6666666666666666
ev76,2021-03-10,2021-03-10 06:00:00,0.0,0.0,4,3,0.75
ev76,2021-03-11,2021-03-11 04:00:00,,,1,0,0.0
ev76,2021-03-11,2021-03-11 07:00:00,0.0,0.0,1,1,1.0
ev76,2021-03-11,2021-03-11 08:00:00,,,6,0,0.0
ev76,2021-03-11,2021-03-11 09:00:00,0.0,0.0,1,1,1.0
ev76,2021-03-11,2021-03-11 10:00:00,4.0,4.0,4,3,0.75
ev76,2021-03-11,2021-03-11 12:00:00,0.0,0.0,1,1,1.0
ev76,2021-03-11,2021-03-11 14:00:00,,,6,0,0.0
ev76,2021-03-11,2021-03-11 17:00:00,,,1,0,0.0
ev76,2021-03-12,2021-03-12 05:00:00,,,1,0,0.0
ev76,2021-03-12,2021-03-12 06:00:00,,,1,0,0.0
ev76,2021-03-12,2021-03-12 08:00:00,,,1,0,0.0
ev76,2021-03-12,2021-03-12 09:00:00,0.0,0.0,2,2,1.0
ev76,2021-03-12,2021-03-12 10:00:00,0.0,0.0,2,2,1.0
ev76,2021-03-12,2021-03-12 11:00:00,0.0,0.0,4,2,0.5
ev76,2021-03-12,2021-03-12 12:00:00,,,1,0,0.0
ev76,2021-03-12,2021-03-12 13:00:00,,,1,0,0.0
ev76,2021-03-12,2021-03-12 14:00:00,3.25,3.25,2,1,0.5
ev76,2021-03-13,2021-03-13 02:00:00,0.0,0.0,5,1,0.2
ev76,2021-03-13,2021-03-13 03:00:00,,,3,0,0.0
ev76,2021-03-13,2021-03-13 04:00:00,0.0,0.0,12,1,0.08333333333333333
ev76,2021-03-13,2021-03-13 05:00:00,0.0,0.0,2,2,1.0
ev76,2021-03-13,2021-03-13 06:00:00,0.0,0.0,7,1,0.14285714285714285
ev76,2021-03-13,2021-03-13 07:00:00,,,2,0,0.0
ev76,2021-03-13,2021-03-13 09:00:00,,,2,0,0.0
ev76,2021-03-13,2021-03-13 10:00:00,,,3,0,0.0
ev76,2021-03-13,2021-03-13 11:00:00,0.0,0.0,4,3,0.75
ev76,2021-03-13,2021-03-13 12:00:00,,,2,0,0.0
ev76,2021-03-13,2021-03-13 13:00:00,,,3,0,0.0
ev76,2021-03-13,2021-03-13 14:00:00,0.0,0.0,1,1,1.0
ev76,2021-03-14,2021-03-14 01:00:00,5.0,5.0,3,2,0.6666666666666666
ev76,2021-03-14,2021-03-14 02:00:00,25.333333333333336,11.333333333333334,7,4,0.5714285714285714
ev76,2021-03-14,2021-03-14 03:00:00,24.0,24.0,4,4,1.0
ev76,2021-03-14,2021-03-14 04:00:00,0.0,0.0,7,1,0.14285714285714285
ev76,2021-03-14,2021-03-14 05:00:00,0.0,0.0,6,1,0.16666666666666666
ev76,2021-03-14,2021-03-14 06:00:00,5.0,5.0,6,5,0.8333333333333334
ev76,2021-03-14,2021-03-14 07:00:00,0.0,0.0,4,1,0.25
ev76,2021-03-14,2021-03-14 08:00:00,9.333333333333332,7.333333333333333,3,3,1.0
ev76,2021-03-14,2021-03-14 09:00:00,1.4285714285714286,1.4285714285714286,4,4,1.0
ev76,2021-03-14,2021-03-14 10:00:00,5.5,5.5,7,6,0.8571428571428571
ev76,2021-03-14,2021-03-14 12:00:00,0.0,0.0,4,3,0.75
ev76,2021-03-14,2021-03-14 13:00:00,0.0,0.0,4,1,0.25
ev76,2021-03-14,2021-03-14 14:00:00,0.0,0.0,2,2,1.0
ev76,2021-03-15,2021-03-15 02:00:00,0.0,0.0,2,2,1.0
ev76,2021-03-15,2021-03-15 03:00:00,,,1,0,0.0
ev76,2021-03-15,2021-03-15 04:00:00,0.0,0.0,2,2,1.0
ev76,2021-03-15,2021-03-15 05:00:00,0.0,0.0,5,3,0.6
ev76,2021-03-15,2021-03-15 06:00:00,0.0,0.0,2,2,1.0
ev76,2021-03-15,2021-03-15 07:00:00,0.0,0.0,3,2,0.6666666666666666
ev76,2021-03-15,2021-03-15 10:00:00,0.0,0.0,2,1,0.5
ev76,2021-03-15,2021-03-15 12:00:00,,,4,0,0.0
ev76,2021-03-15,2021-03-15 13:00:00,0.0,0.0,7,3,0.42857142857142855
ev76,2021-03-15,2021-03-15 14:00:00,0.0,0.0,2,1,0.5
ev76,2021-03-15,2021-03-15 15:00:00,,,4,0,0.0
ev76,2021-03-16,2021-03-16 00:00:00,0.0,0.0,2,2,1.0
ev76,2021-03-16,2021-03-16 01:00:00,0.0,0.0,2,2,1.0
ev76,2021-03-16,2021-03-16 04:00:00,,,1,0,0.0
ev76,2021-03-16,2021-03-16 05:00:00,,,4,0,0.0
ev76,2021-03-16,2021-03-16 07:00:00,,,1,0,0.0
ev76,2021-03-16,2021-03-16 08:00:00,,,1,0,0.0
ev76,2021-03-16,2021-03-16 09:00:00,,,1,0,0.0
ev76,2021-03-16,2021-03-16 10:00:00,0.0,0.0,2,1,0.5
ev76,2021-03-17,2021-03-17 01:00:00,0.0,0.0,2,2,1.0
ev76,2021-03-17,2021-03-17 02:00:00,0.0,0.0,1,1,1.0
ev76,2021-03-17,2021-03-17 03:00:00,,,1,0,0.0
ev76,2021-03-17,2021-03-17 07:00:00,0.0,0.0,3,2,0.6666666666666666
ev76,2021-03-17,2021-03-17 09:00:00,,,1,0,0.0
ev76,2021-03-17,2021-03-17 10:00:00,0.0,0.0,2,1,0.5
ev76,2021-03-17,2021-03-17 12:00:00,0.0,0.0,3,2,0.6666666666666666
ev76,2021-03-17,2021-03-17 13:00:00,0.0,0.0,1,1,1.0
ev76,2021-03-17,2021-03-17 14:00:00,0.0,0.0,1,1,1.0
ev76,2021-03-17,2021-03-17 15:00:00,0.0,0.0,1,1,1.0
ev76,2021-03-17,2021-03-17 16:00:00,0.0,0.0,1,1,1.0
ev76,2021-03-17,2021-03-17 17:00:00,,,1,0,0.0
ev76,2021-03-18,2021-03-18 00:00:00,0.0,0.0,7,7,1.0
ev76,2021-03-18,2021-03-18 01:00:00,6.5,6.5,5,3,0.6
ev76,2021-03-18,2021-03-18 02:00:00,0.0,0.0,2,2,1.0
ev76,2021-03-18,2021-03-18 04:00:00,0.0,0.0,6,3,0.5
ev76,2021-03-18,2021-03-18 05:00:00,0.0,0.0,3,1,0.3333333333333333
ev76,2021-03-18,2021-03-18 06:00:00,0.0,0.0,6,4,0.6666666666666666
ev76,2021-03-18,2021-03-18 07:00:00,0.0,0.0,4,1,0.25
ev76,2021-03-18,2021-03-18 08:00:00,,,1,0,0.0
ev76,2021-03-18,2021-03-18 10:00:00,0.0,0.0,1,1,1.0
ev76,2021-03-18,2021-03-18 11:00:00,0.0,0.0,4,1,0.25
ev76,2021-03-18,2021-03-18 13:00:00,0.0,0.0,1,1,1.0
ev76,2021-03-18,2021-03-18 14:00:00,2.5,2.5,1,1,1.0
ev76,2021-03-18,2021-03-18 15:00:00,0.0,0.0,2,1,0.5
ev76,2021-03-18,2021-03-18 16:00:00,,,1,0,0.0
ev76,2021-03-19,2021-03-19 00:00:00,0.0,0.0,6,5,0.8333333333333334
ev76,2021-03-19,2021-03-19 01:00:00,0.0,0.0,1,1,1.0
ev76,2021-03-19,2021-03-19 06:00:00,,,1,0,0.0
ev76,2021-03-19,2021-03-19 07:00:00,0.0,0.0,3,1,0.3333333333333333
ev76,2021-03-19,2021-03-19 08:00:00,,,2,0,0.0
ev76,2021-03-19,2021-03-19 13:00:00,0.0,0.0,1,1,1.0
ev76,2021-03-19,2021-03-19 14:00:00,0.0,0.0,2,2,1.0
ev76,2021-03-19,2021-03-19 15:00:00,,,1,0,0.0
ev76,2021-03-20,2021-03-20 01:00:00,0.0,0.0,3,1,0.3333333333333333
ev76,2021-03-20,2021-03-20 03:00:00,0.0,0.0,5,1,0.2
ev76,2021-03-20,2021-03-20 04:00:00,0.0,0.0,4,1,0.25
ev76,2021-03-20,2021-03-20 05:00:00,0.0,0.0,1,1,1.0
ev76,2021-03-20,2021-03-20 06:00:00,0.0,0.0,4,2,0.5
ev76,2021-03-20,2021-03-20 07:00:00,0.0,0.0,4,2,0.5
ev76,2021-03-20,2021-03-20 08:00:00,0.0,0.0,4,4,1.0
ev76,2021-03-20,2021-03-20 09:00:00,,,2,0,0.0
ev76,2021-03-20,2021-03-20 10:00:00,,,2,0,0.0
ev76,2021-03-20,2021-03-20 11:00:00,,,1,0,0.0
ev76,2021-03-20,2021-03-20 12:00:00,0.0,0.0,1,1,1.0
ev76,2021-03-20,2021-03-20 13:00:00,0.0,0.0,3,1,0.3333333333333333
ev76,2021-03-21,2021-03-21 02:00:00,,,1,0,0.0
ev76,2021-03-21,2021-03-21 03:00:00,13.321428571428571,8.571428571428571,6,5,0.8333333333333334
ev76,2021-03-21,2021-03-21 04:00:00,0.0,0.0,7,5,0.7142857142857143
ev76,2021-03-21,2021-03-21 05:00:00,4.0,4.0,5,3,0.6
ev76,2021-03-21,2021-03-21 06:00:00,0.0,0.0,5,4,0.8
ev76,2021-03-21,2021-03-21 07:00:00,0.0,0.0,4,1,0.25
ev76,2021-03-21,2021-03-21 08:00:00,4.679768729958216,3.024390243902439,2,2,1.0
ev76,2021-03-22,2021-03-22 08:00:00,0.0,0.0,3,1,0.3333333333333333
ev76,2021-03-22,2021-03-22 09:00:00,0.0,0.0,4,2,0.5
ev76,2021-03-22,2021-03-22 12:00:00,,,1,0,0.0
ev76,2021-03-22,2021-03-22 14:00:00,0.0,0.0,1,1,1.0
ev76,2021-03-22,2021-03-22 15:00:00,,,2,0,0.0
ev76,2021-03-22,2021-03-22 23:00:00,3.333333333333333,3.333333333333333,2,2,1.0
ev76,2021-03-23,2021-03-23 00:00:00,0.0,0.0,5,4,0.8
ev76,2021-03-23,2021-03-23 01:00:00,0.0,0.0,1,1,1.0
ev76,2021-03-23,2021-03-23 02:00:00,0.0,0.0,5,3,0.6
ev76,2021-03-23,2021-03-23 08:00:00,,,1,0,0.0
ev76,2021-03-23,2021-03-23 09:00:00,0.0,0.0,2,1,0.5
ev76,2021-03-23,2021-03-23 10:00:00,3.0,3.0,7,3,0.42857142857142855
ev76,2021-03-23,2021-03-23 11:00:00,1.6593186372745492,1.6593186372745492,1,1,1.0
ev76,2021-03-24,2021-03-24 02:00:00,,,1,0,0.0
ev76,2021-03-24,2021-03-24 03:00:00,0.0,0.0,1,1,1.0
ev76,2021-03-24,2021-03-24 04:00:00,15.166666666666666,11.5,9,6,0.6666666666666666
ev76,2021-03-24,2021-03-24 05:00:00,0.0,0.0,1,1,1.0
ev76,2021-03-24,2021-03-24 06:00:00,0.0,0.0,4,3,0.75
ev76,2021-03-24,2021-03-24 09:00:00,0.0,0.0,4,1,0.25
ev76,2021-03-24,2021-03-24 10:00:00,0.0,0.0,4,3,0.75
ev76,2021-03-24,2021-03-24 23:00:00,,,1,0,0.0
ev76,2021-03-25,2021-03-25 02:00:00,,,1,0,0.0
ev76,2021-03-25,2021-03-25 04:00:00,0.0,0.0,3,1,0.3333333333333333
ev76,2021-03-25,2021-03-25 10:00:00,,,1,0,0.0
ev76,2021-03-26,2021-03-26 03:00:00,0.0,0.0,1,1,1.0
ev76,2021-03-26,2021-03-26 04:00:00,,,1,0,0.0
ev76,2021-03-27,2021-03-27 02:00:00,0.0,0.0,6,4,0.6666666666666666
ev76,2021-03-27,2021-03-27 03:00:00,0.0,0.0,5,1,0.2
ev76,2021-03-27,2021-03-27 04:00:00,2.6666666666666665,2.6666666666666665,4,4,1.0
ev76,2021-03-27,2021-03-27 05:00:00,0.0,0.0,2,1,0.5
ev76,2021-03-27,2021-03-27 06:00:00,0.0,0.0,6,2,0.3333333333333333
ev76,2021-03-27,2021-03-27 07:00:00,,,1,0,0.0
ev76,2021-03-27,2021-03-27 08:00:00,,,2,0,0.0
ev76,2021-03-27,2021-03-27 10:00:00,11.0,6.5,4,3,0.75
ev76,2021-03-27,2021-03-27 11:00:00,,,3,0,0.0
ev76,2021-03-27,2021-03-27 14:00:00,,,1,0,0.0
ev76,2021-03-28,2021-03-28 01:00:00,0.0,0.0,2,2,1.0
ev76,2021-03-28,2021-03-28 02:00:00,0.0,0.0,1,1,1.0
ev76,2021-03-28,2021-03-28 03:00:00,,,2,0,0.0
ev76,2021-03-28,2021-03-28 04:00:00,,,1,0,0.0
ev76,2021-03-28,2021-03-28 08:00:00,3.6,3.6,1,1,1.0
ev76,2021-03-28,2021-03-28 10:00:00,4.666666666666667,4.666666666666667,4,2,0.5
ev76,2021-03-28,2021-03-28 11:00:00,0.0,0.0,1,1,1.0
ev76,2021-03-28,2021-03-28 13:00:00,,,1,0,0.0
ev76,2021-03-28,2021-03-28 14:00:00,,,1,0,0.0
ev76,2021-03-29,2021-03-29 01:00:00,0.0,0.0,2,1,0.5
ev76,2021-03-29,2021-03-29 02:00:00,,,1,0,0.0
ev76,2021-03-29,2021-03-29 03:00:00,,,2,0,0.0
ev76,2021-03-29,2021-03-29 04:00:00,0.0,0.0,5,1,0.2
ev76,2021-03-29,2021-03-29 05:00:00,0.0,0.0,5,2,0.4
ev76,2021-03-29,2021-03-29 07:00:00,0.0,0.0,4,2,0.5
ev76,2021-03-29,2021-03-29 09:00:00,,,3,0,0.0
ev76,2021-03-29,2021-03-29 10:00:00,0.0,0.0,8,1,0.125
ev76,2021-03-29,2021-03-29 13:00:00,,,1,0,0.0
ev76,2021-03-29,2021-03-29 14:00:00,0.0,0.0,3,2,0.6666666666666666
ev76,2021-03-30,2021-03-30 00:00:00,0.0,0.0,1,1,1.0
ev76,2021-03-30,2021-03-30 01:00:00,,,2,0,0.0
ev76,2021-03-30,2021-03-30 04:00:00,0.0,0.0,1,1,1.0
ev76,2021-03-30,2021-03-30 05:00:00,23.0,23.0,2,1,0.5
ev76,2021-03-30,2021-03-30 06:00:00,0.0,0.0,3,2,0.6666666666666666
ev76,2021-03-30,2021-03-30 07:00:00,,,2,0,0.0
ev76,2021-03-31,2021-03-31 00:00:00,0.0,0.0,2,2,1.0
ev76,2021-03-31,2021-03-31 01:00:00,0.0,0.0,1,1,1.0
ev76,2021-03-31,2021-03-31 02:00:00,0.0,0.0,3,1,0.3333333333333333
ev76,2021-03-31,2021-03-31 03:00:00,0.0,0.0,2,2,1.0
ev76,2021-03-31,2021-03-31 04:00:00,0.0,0.0,6,3,0.5
ev76,2021-03-31,2021-03-31 05:00:00,0.0,0.0,1,1,1.0
ev76,2021-03-31,2021-03-31 06:00:00,,,2,0,0.0
ev76,2021-03-31,2021-03-31 07:00:00,5.2,5.2,2,1,0.5
ev76,2021-03-31,2021-03-31 08:00:00,,,1,0,0.0
ev76,2021-03-31,2021-03-31 09:00:00,0.0,0.0,2,1,0.5
ev76,2021-03-31,2021-03-31 10:00:00,0.0,0.0,3,2,0.6666666666666666
ev76,2021-03-31,2021-03-31 13:00:00,0.0,0.0,2,1,0.5
ev76,2021-03-31,2021-03-31 14:00:00,,,1,0,0.0
ev76,2021-04-01,2021-04-01 00:00:00,0.5,0.5,3,3,1.0
ev76,2021-04-01,2021-04-01 05:00:00,,,1,0,0.0
ev76,2021-04-01,2021-04-01 06:00:00,19.0,19.0,1,1,1.0
ev76,2021-04-01,2021-04-01 09:00:00,,,1,0,0.0
ev76,2021-04-01,2021-04-01 10:00:00,0.0,0.0,3,1,0.3333333333333333
ev76,2021-04-01,2021-04-01 11:00:00,0.0,0.0,3,1,0.3333333333333333
ev76,2021-04-01,2021-04-01 12:00:00,,,2,0,0.0
ev76,2021-04-01,2021-04-01 13:00:00,0.0,0.0,3,1,0.3333333333333333
ev76,2021-04-01,2021-04-01 15:00:00,,,2,0,0.0
ev76,2021-04-02,2021-04-02 04:00:00,0.0,0.0,5,1,0.2
ev76,2021-04-02,2021-04-02 07:00:00,0.0,0.0,1,1,1.0
ev76,2021-04-03,2021-04-03 04:00:00,,,1,0,0.0
ev76,2021-04-03,2021-04-03 05:00:00,0.0,0.0,5,3,0.6
ev76,2021-04-03,2021-04-03 06:00:00,0.0,0.0,5,1,0.2
ev76,2021-04-03,2021-04-03 07:00:00,4.4,4.4,4,3,0.75
ev76,2021-04-03,2021-04-03 08:00:00,0.0,0.0,4,1,0.25
ev76,2021-04-03,2021-04-03 09:00:00,0.0,0.0,2,1,0.5
ev76,2021-04-03,2021-04-03 10:00:00,,,2,0,0.0
ev76,2021-04-03,2021-04-03 12:00:00,0.0,0.0,3,1,0.3333333333333333
ev76,2021-04-03,2021-04-03 13:00:00,0.0,0.0,4,3,0.75
ev76,2021-04-03,2021-04-03 14:00:00,0.0,0.0,8,2,0.25
ev76,2021-04-04,2021-04-04 03:00:00,,,1,0,0.0
ev76,2021-04-04,2021-04-04 04:00:00,,,1,0,0.0
ev76,2021-04-04,2021-04-04 05:00:00,0.0,0.0,4,2,0.5
ev76,2021-04-04,2021-04-04 06:00:00,0.0,0.0,2,2,1.0
ev76,2021-04-04,2021-04-04 07:00:00,0.0,0.0,1,1,1.0
ev76,2021-04-04,2021-04-04 08:00:00,,,1,0,0.0
ev76,2021-04-04,2021-04-04 09:00:00,,,2,0,0.0
ev76,2021-04-04,2021-04-04 14:00:00,,,4,0,0.0
ev76,2021-04-04,2021-04-04 15:00:00,,,2,0,0.0
ga64,2021-03-07,2021-03-07 22:00:00,0.0,0.0,3,3,1.0
ga64,2021-03-07,2021-03-07 23:00:00,0.0,0.0,4,3,0.75
ga64,2021-03-08,2021-03-08 00:00:00,,,1,0,0.0
ga64,2021-03-08,2021-03-08 05:00:00,0.0,0.0,3,3,1.0
ga64,2021-03-08,2021-03-08 06:00:00,0.8333333333333334,0.8333333333333334,9,8,0.8888888888888888
ga64,2021-03-08,2021-03-08 09:00:00,,,2,0,0.0
ga64,2021-03-08,2021-03-08 10:00:00,2.5,2.5,8,5,0.625
ga64,2021-03-08,2021-03-08 11:00:00,0.0,0.0,1,1,1.0
ga64,2021-03-08,2021-03-08 12:00:00,0.0,0.0,3,3,1.0
ga64,2021-03-09,2021-03-09 00:00:00,0.0,0.0,9,6,0.6666666666666666
ga64,2021-03-09,2021-03-09 01:00:00,0.0,0.0,2,2,1.0
ga64,2021-03-09,2021-03-09 03:00:00,5.8,5.8,6,4,0.6666666666666666
ga64,2021-03-09,2021-03-09 04:00:00,17.166666666666664,8.666666666666666,9,5,0.5555555555555556
ga64,2021-03-09,2021-03-09 05:00:00,1.75,1.75,4,3,0.75
ga64,2021-03-09,2021-03-09 07:00:00,,,3,0,0.0
ga64,2021-03-09,2021-03-09 10:00:00,,,1,0,0.0
ga64,2021-03-09,2021-03-09 11:00:00,0.0,0.0,3,2,0.6666666666666666
ga64,2021-03-09,2021-03-09 12:00:00,0.0,0.0,1,1,1.0
ga64,2021-03-09,2021-03-09 14:00:00,0.0,0.0,4,1,0.25
ga64,2021-03-09,2021-03-09 15:00:00,,,1,0,0.0
ga64,2021-03-10,2021-03-10 03:00:00,,,1,0,0.0
ga64,2021-03-10,2021-03-10 05:00:00,0.0,0.0,1,1,1.0
ga64,2021-03-10,2021-03-10 06:00:00,,,2,0,0.0
ga64,2021-03-10,2021-03-10 07:00:00,0.0,0.0,2,2,1.0
ga64,2021-03-10,2021-03-10 08:00:00,,,1,0,0.0
ga64,2021-03-10,2021-03-10 16:00:00,,,2,0,0.0
ga64,2021-03-11,2021-03-11 03:00:00,,,2,0,0.0
ga64,2021-03-11,2021-03-11 04:00:00,0.0,0.0,7,4,0.5714285714285714
ga64,2021-03-11,2021-03-11 05:00:00,0.0,0.0,2,1,0.5
ga64,2021-03-11,2021-03-11 06:00:00,0.0,0.0,5,2,0.4
ga64,2021-03-11,2021-03-11 07:00:00,,,3,0,0.0
ga64,2021-03-11,2021-03-11 12:00:00,0.0,0.0,1,1,1.0
ga64,2021-03-11,2021-03-11 13:00:00,0.0,0.0,5,3,0.6
ga64,2021-03-11,2021-03-11 14:00:00,12.0,12.0,3,1,0.3333333333333333
ga64,2021-03-11,2021-03-11 15:00:00,0.0,0.0,3,1,0.3333333333333333
ga64,2021-03-11,2021-03-11 16:00:00,0.0,0.0,3,2,0.6666666666666666
ga64,2021-03-12,2021-03-12 03:00:00,,,1,0,0.0
ga64,2021-03-12,2021-03-12 04:00:00,0.0,0.0,6,5,0.8333333333333334
ga64,2021-03-12,2021-03-12 05:00:00,,,1,0,0.0
ga64,2021-03-12,2021-03-12 06:00:00,,,1,0,0.0
ga64,2021-03-12,2021-03-12 08:00:00,0.0,0.0,2,1,0.5
ga64,2021-03-12,2021-03-12 10:00:00,0.0,0.0,1,1,1.0
ga64,2021-03-12,2021-03-12 13:00:00,5.25,5.25,6,5,0.8333333333333334
ga64,2021-03-12,2021-03-12 14:00:00,0.0,0.0,4,4,1.0
ga64,2021-03-13,2021-03-13 03:00:00,0.0,0.0,5,2,0.4
ga64,2021-03-13,2021-03-13 06:00:00,0.0,0.0,1,1,1.0
ga64,2021-03-13,2021-03-13 10:00:00,0.0,0.0,2,2,1.0
ga64,2021-03-13,2021-03-13 16:00:00,,,1,0,0.0
ga64,2021-03-14,2021-03-14 02:00:00,0.0,0.0,1,1,1.0
ga64,2021-03-14,2021-03-14 03:00:00,11.0,11.0,9,7,0.7777777777777778
ga64,2021-03-14,2021-03-14 04:00:00,7.414285714285715,3.2,5,5,1.0
ga64,2021-03-14,2021-03-14 05:00:00,0.0,0.0,2,2,1.0
ga64,2021-03-14,2021-03-14 06:00:00,6.366666666666667,2.5,7,7,1.0
ga64,2021-03-14,2021-03-14 07:00:00,0.0,0.0,2,2,1.0
ga64,2021-03-14,2021-03-14 22:00:00,0.0,0.0,4,4,1.0
ga64,2021-03-14,2021-03-14 23:00:00,0.0,0.0,9,1,0.1111111111111111
ga64,2021-03-15,2021-03-15 00:00:00,0.0,0.0,10,2,0.2
ga64,2021-03-15,2021-03-15 01:00:00,0.0,0.0,10,1,0.1
ga64,2021-03-15,2021-03-15 03:00:00,0.0,0.0,1,1,1.0
ga64,2021-03-15,2021-03-15 05:00:00,0.0,0.0,6,6,1.0
ga64,2021-03-15,2021-03-15 06:00:00,0.0,0.0,4,4,1.0
ga64,2021-03-15,2021-03-15 07:00:00,0.0,0.0,1,1,1.0
ga64,2021-03-15,2021-03-15 08:00:00,,,1,0,0.0
ga64,2021-03-15,2021-03-15 09:00:00,,,1,0,0.0
ga64,2021-03-15,2021-03-15 10:00:00,0.0,0.0,2,2,1.0
ga64,2021-03-16,2021-03-16 05:00:00,0.0,0.0,3,2,0.6666666666666666
ga64,2021-03-16,2021-03-16 06:00:00,0.0,0.0,6,3,0.5
ga64,2021-03-16,2021-03-16 08:00:00,0.0,0.0,1,1,1.0
ga64,2021-03-16,2021-03-16 23:00:00,,,1,0,0.0
ga64,2021-03-17,2021-03-17 00:00:00,,,3,0,0.0
ga64,2021-03-17,2021-03-17 01:00:00,,,4,0,0.0
ga64,2021-03-17,2021-03-17 03:00:00,,,1,0,0.0
ga64,2021-03-17,2021-03-17 04:00:00,,,6,0,0.0
ga64,2021-03-17,2021-03-17 05:00:00,,,1,0,0.0
ga64,2021-03-17,2021-03-17 13:00:00,,,1,0,0.0
ga64,2021-03-17,2021-03-17 14:00:00,,,1,0,0.0
ga64,2021-03-18,2021-03-18 04:00:00,0.0,0.0,7,5,0.7142857142857143
ga64,2021-03-18,2021-03-18 06:00:00,0.0,0.0,7,3,0.42857142857142855
ga64,2021-03-18,2021-03-18 12:00:00,0.0,0.0,2,2,1.0
ga64,2021-03-18,2021-03-18 13:00:00,0.0,0.0,1,1,1.0
ga64,2021-03-18,2021-03-18 14:00:00,,,1,0,0.0
ga64,2021-03-19,2021-03-19 03:00:00,0.0,0.0,1,1,1.0
ga64,2021-03-19,2021-03-19 04:00:00,0.0,0.0,3,1,0.3333333333333333
ga64,2021-03-19,2021-03-19 05:00:00,0.0,0.0,4,2,0.5
ga64,2021-03-19,2021-03-19 06:00:00,0.0,0.0,3,3,1.0
ga64,2021-03-19,2021-03-19 07:00:00,0.0,0.0,11,7,0.6363636363636364
ga64,2021-03-19,2021-03-19 08:00:00,0.0,0.0,6,1,0.16666666666666666
ga64,2021-03-19,2021-03-19 10:00:00,5.0,5.0,2,2,1.0
ga64,2021-03-19,2021-03-19 11:00:00,22.5,22.5,2,1,0.5
ga64,2021-03-19,2021-03-19 12:00:00,0.0,0.0,2,2,1.0
ga64,2021-03-19,2021-03-19 13:00:00,,,1,0,0.0
ga64,2021-03-19,2021-03-19 14:00:00,,,2,0,0.0
ga64,2021-03-20,2021-03-20 03:00:00,0.0,0.0,2,1,0.5
ga64,2021-03-20,2021-03-20 04:00:00,0.0,0.0,9,1,0.1111111111111111
ga64,2021-03-20,2021-03-20 05:00:00,2.5,2.5,4,4,1.0
ga64,2021-03-20,2021-03-20 12:00:00,0.0,0.0,2,2,1.0
ga64,2021-03-20,2021-03-20 13:00:00,0.0,0.0,2,2,1.0
ga64,2021-03-20,2021-03-20 14:00:00,0.0,0.0,2,1,0.5
ga64,2021-03-21,2021-03-21 02:00:00,,,1,0,0.0
ga64,2021-03-21,2021-03-21 03:00:00,,,3,0,0.0
ga64,2021-03-21,2021-03-21 04:00:00,0.0,0.0,1,1,1.0
ga64,2021-03-21,2021-03-21 05:00:00,2.1666666666666665,2.1666666666666665,1,1,1.0
ga64,2021-03-21,2021-03-21 06:00:00,0.0,0.0,1,1,1.0
ga64,2021-03-21,2021-03-21 07:00:00,0.0,0.0,1,1,1.0
ga64,2021-03-21,2021-03-21 13:00:00,0.0,0.0,2,1,0.5
ga64,2021-03-22,2021-03-22 06:00:00,14.0,14.0,5,2,0.4
ga64,2021-03-22,2021-03-22 07:00:00,4.333333333333333,4.333333333333333,5,3,0.6
ga64,2021-03-22,2021-03-22 08:00:00,,,1,0,0.0
ga64,2021-03-22,2021-03-22 09:00:00,,,2,0,0.0
ga64,2021-03-22,2021-03-22 10:00:00,0.0,0.0,4,3,0.75
ga64,2021-03-22,2021-03-22 14:00:00,,,2,0,0.0
ga64,2021-03-23,2021-03-23 04:00:00,0.0,0.0,1,1,1.0
ga64,2021-03-23,2021-03-23 08:00:00,0.0,0.0,1,1,1.0
ga64,2021-03-23,2021-03-23 11:00:00,0.0,0.0,3,3,1.0
ga64,2021-03-23,2021-03-23 13:00:00,0.0,0.0,2,1,0.5
ga64,2021-03-23,2021-03-23 14:00:00,0.0,0.0,5,4,0.8
ga64,2021-03-24,2021-03-24 06:00:00,2.5,2.5,7,5,0.7142857142857143
ga64,2021-03-24,2021-03-24 08:00:00,0.0,0.0,6,5,0.8333333333333334
ga64,2021-03-24,2021-03-24 09:00:00,2.6666666666666665,2.6666666666666665,1,1,1.0
ga64,2021-03-24,2021-03-24 10:00:00,2.5,2.5,3,3,1.0
ga64,2021-03-24,2021-03-24 11:00:00,1.625,1.625,4,4,1.0
ga64,2021-03-24,2021-03-24 13:00:00,0.0,0.0,2,1,0.5
ga64,2021-03-24,2021-03-24 14:00:00,0.0,0.0,5,3,0.6
ga64,2021-03-24,2021-03-24 15:00:00,0.0,0.0,7,5,0.7142857142857143
ga64,2021-03-25,2021-03-25 01:00:00,0.0,0.0,2,1,0.5
ga64,2021-03-25,2021-03-25 02:00:00,0.0,0.0,2,1,0.5
ga64,2021-03-25,2021-03-25 03:00:00,0.0,0.0,2,1,0.5
ga64,2021-03-25,2021-03-25 04:00:00,,,3,0,0.0
ga64,2021-03-25,2021-03-25 05:00:00,0.0,0.0,1,1,1.0
ga64,2021-03-25,2021-03-25 06:00:00,0.0,0.0,5,4,0.8
ga64,2021-03-26,2021-03-26 05:00:00,5.25,5.25,2,2,1.0
ga64,2021-03-26,2021-03-26 07:00:00,0.0,0.0,8,5,0.625
ga64,2021-03-26,2021-03-26 08:00:00,0.0,0.0,5,2,0.4
ga64,2021-03-26,2021-03-26 09:00:00,0.0,0.0,5,1,0.2
ga64,2021-03-26,2021-03-26 10:00:00,7.333333333333333,7.333333333333333,5,3,0.6
ga64,2021-03-26,2021-03-26 11:00:00,0.0,0.0,2,1,0.5
ga64,2021-03-27,2021-03-27 02:00:00,0.0,0.0,2,1,0.5
ga64,2021-03-27,2021-03-27 03:00:00,,,1,0,0.0
ga64,2021-03-27,2021-03-27 06:00:00,0.0,0.0,1,1,1.0
ga64,2021-03-27,2021-03-27 08:00:00,,,1,0,0.0
ga64,2021-03-27,2021-03-27 10:00:00,0.0,0.0,4,2,0.5
ga64,2021-03-27,2021-03-27 11:00:00,,,2,0,0.0
ga64,2021-03-27,2021-03-27 12:00:00,0.0,0.0,1,1,1.0
ga64,2021-03-27,2021-03-27 13:00:00,,,1,0,0.0
ga64,2021-03-28,2021-03-28 02:00:00,0.0,0.0,1,1,1.0
ga64,2021-03-28,2021-03-28 03:00:00,0.0,0.0,3,3,1.0
ga64,2021-03-28,2021-03-28 05:00:00,,,1,0,0.0
ga64,2021-03-28,2021-03-28 07:00:00,,,1,0,0.0
ga64,2021-03-28,2021-03-28 10:00:00,0.0,0.0,1,1,1.0
ga64,2021-03-28,2021-03-28 11:00:00,0.0,0.0,6,5,0.8333333333333334
ga64,2021-03-28,2021-03-28 12:00:00,0.0,0.0,3,2,0.6666666666666666
ga64,2021-03-28,2021-03-28 23:00:00,,,1,0,0.0
ga64,2021-03-29,2021-03-29 04:00:00,,,1,0,0.0
ga64,2021-03-29,2021-03-29 06:00:00,0.0,0.0,2,2,1.0
ga64,2021-03-29,2021-03-29 09:00:00,5.5,5.5,5,4,0.8
ga64,2021-03-29,2021-03-29 10:00:00,0.0,0.0,3,2,0.6666666666666666
ga64,2021-03-29,2021-03-29 12:00:00,0.0,0.0,1,1,1.0
ga64,2021-03-30,2021-03-30 07:00:00,,,1,0,0.0
ga64,2021-03-30,2021-03-30 11:00:00,14.166666666666666,14.166666666666666,1,1,1.0
ga64,2021-03-30,2021-03-30 12:00:00,0.0,0.0,1,1,1.0
ga64,2021-03-30,2021-03-30 13:00:00,0.0,0.0,3,2,0.6666666666666666
ga64,2021-03-31,2021-03-31 00:00:00,0.0,0.0,2,2,1.0
ga64,2021-03-31,2021-03-31 04:00:00,0.0,0.0,9,9,1.0
ga64,2021-03-31,2021-03-31 05:00:00,0.0,0.0,9,8,0.8888888888888888
ga64,2021-03-31,2021-03-31 06:00:00,0.0,0.0,7,6,0.8571428571428571
ga64,2021-03-31,2021-03-31 12:00:00,,,1,0,0.0
ga64,2021-04-01,2021-04-01 01:00:00,0.0,0.0,1,1,1.0
ga64,2021-04-01,2021-04-01 02:00:00,0.0,0.0,2,2,1.0
ga64,2021-04-01,2021-04-01 03:00:00,0.0,0.0,3,3,1.0
ga64,2021-04-01,2021-04-01 04:00:00,0.0,0.0,2,1,0.5
ga64,2021-04-01,2021-04-01 05:00:00,,,2,0,0.0
ga64,2021-04-01,2021-04-01 08:00:00,0.0,0.0,3,3,1.0
ga64,2021-04-01,2021-04-01 13:00:00,,,1,0,0.0
ga64,2021-04-02,2021-04-02 02:00:00,,,1,0,0.0
ga64,2021-04-02,2021-04-02 05:00:00,0.0,0.0,2,2,1.0
ga64,2021-04-02,2021-04-02 06:00:00,10.5,10.5,6,6,1.0
ga64,2021-04-02,2021-04-02 07:00:00,0.0,0.0,10,7,0.7
ga64,2021-04-02,2021-04-02 08:00:00,0.0,0.0,5,3,0.6
ga64,2021-04-02,2021-04-02 09:00:00,,,2,0,0.0
ga64,2021-04-02,2021-04-02 10:00:00,0.0,0.0,2,2,1.0
ga64,2021-04-02,2021-04-02 11:00:00,0.0,0.0,3,1,0.3333333333333333
ga64,2021-04-02,2021-04-02 12:00:00,0.0,0.0,4,3,0.75
ga64,2021-04-02,2021-04-02 14:00:00,,,1,0,0.0
ga64,2021-04-02,2021-04-02 15:00:00,0.0,0.0,2,2,1.0
ga64,2021-04-03,2021-04-03 02:00:00,0.0,0.0,3,2,0.6666666666666666
ga64,2021-04-03,2021-04-03 07:00:00,,,1,0,0.0
ga64,2021-04-03,2021-04-03 08:00:00,0.0,0.0,3,2,0.6666666666666666
ga64,2021-04-03,2021-04-03 09:00:00,0.0,0.0,1,1,1.0
ga64,2021-04-03,2021-04-03 11:00:00,,,1,0,0.0
ga64,2021-04-03,2021-04-03 12:00:00,0.0,0.0,7,3,0.42857142857142855
ga64,2021-04-03,2021-04-03 13:00:00,0.0,0.0,10,7,0.7
ga64,2021-04-03,2021-04-03 14:00:00,0.0,0.0,2,1,0.5
ga64,2021-04-03,2021-04-03 15:00:00,0.0,0.0,6,6,1.0
gd81,2021-03-05,2021-03-05 06:00:00,,,6,0,0.0
gd81,2021-03-05,2021-03-05 07:00:00,,,5,0,0.0
gd81,2021-03-05,2021-03-05 08:00:00,,,1,0,0.0
gd81,2021-03-05,2021-03-05 09:00:00,,,6,0,0.0
gd81,2021-03-05,2021-03-05 11:00:00,,,7,0,0.0
gd81,2021-03-05,2021-03-05 12:00:00,,,3,0,0.0
gd81,2021-03-05,2021-03-05 13:00:00,,,6,0,0.0
gd81,2021-03-05,2021-03-05 14:00:00,,,6,0,0.0
gd81,2021-03-05,2021-03-05 15:00:00,,,2,0,0.0
gd81,2021-03-06,2021-03-06 04:00:00,,,1,0,0.0
gd81,2021-03-06,2021-03-06 05:00:00,,,1,0,0.0
gd81,2021-03-06,2021-03-06 06:00:00,,,4,0,0.0
gd81,2021-03-06,2021-03-06 07:00:00,,,5,0,0.0
gd81,2021-03-06,2021-03-06 08:00:00,,,12,0,0.0
gd81,2021-03-06,2021-03-06 09:00:00,,,9,0,0.0
gd81,2021-03-06,2021-03-06 10:00:00,,,5,0,0.0
gd81,2021-03-06,2021-03-06 11:00:00,,,1,0,0.0
gd81,2021-03-06,2021-03-06 12:00:00,,,6,0,0.0
gd81,2021-03-06,2021-03-06 13:00:00,,,5,0,0.0
gd81,2021-03-06,2021-03-06 14:00:00,,,1,0,0.0
gd81,2021-03-06,2021-03-06 15:00:00,,,3,0,0.0
gd81,2021-03-07,2021-03-07 12:00:00,,,4,0,0.0
gd81,2021-03-07,2021-03-07 13:00:00,,,2,0,0.0
gd81,2021-03-07,2021-03-07 14:00:00,,,8,0,0.0
gd81,2021-03-07,2021-03-07 15:00:00,0.0,0.0,1,1,1.0
gd81,2021-03-07,2021-03-07 23:00:00,0.0,0.0,2,1,0.5
gd81,2021-03-08,2021-03-08 00:00:00,0.0,0.0,1,1,1.0
gd81,2021-03-08,2021-03-08 01:00:00,,,1,0,0.0
gd81,2021-03-08,2021-03-08 03:00:00,0.0,0.0,5,2,0.4
gd81,2021-03-08,2021-03-08 04:00:00,,,1,0,0.0
gd81,2021-03-08,2021-03-08 05:00:00,2.75,2.75,9,2,0.2222222222222222
gd81,2021-03-08,2021-03-08 06:00:00,0.0,0.0,2,1,0.5
gd81,2021-03-08,2021-03-08 07:00:00,,,2,0,0.0
gd81,2021-03-08,2021-03-08 08:00:00,0.0,0.0,7,1,0.14285714285714285
gd81,2021-03-08,2021-03-08 10:00:00,,,3,0,0.0
gd81,2021-03-08,2021-03-08 11:00:00,,,4,0,0.0
gd81,2021-03-08,2021-03-08 12:00:00,,,1,0,0.0
gd81,2021-03-08,2021-03-08 13:00:00,0.0,0.0,6,2,0.3333333333333333
gd81,2021-03-08,2021-03-08 14:00:00,0.0,0.0,3,1,0.3333333333333333
gd81,2021-03-08,2021-03-08 22:00:00,,,1,0,0.0
gd81,2021-03-09,2021-03-09 00:00:00,0.0,0.0,1,1,1.0
gd81,2021-03-09,2021-03-09 02:00:00,0.0,0.0,1,1,1.0
gd81,2021-03-09,2021-03-09 03:00:00,,,4,0,0.0
gd81,2021-03-09,2021-03-09 04:00:00,0.0,0.0,3,1,0.3333333333333333
gd81,2021-03-09,2021-03-09 05:00:00,0.0,0.0,7,3,0.42857142857142855
gd81,2021-03-09,2021-03-09 08:00:00,,,4,0,0.0
gd81,2021-03-09,2021-03-09 09:00:00,,,1,0,0.0
gd81,2021-03-09,2021-03-09 10:00:00,,,1,0,0.0
gd81,2021-03-09,2021-03-09 11:00:00,,,2,0,0.0
gd81,2021-03-09,2021-03-09 13:00:00,0.0,0.0,5,2,0.4
gd81,2021-03-09,2021-03-09 14:00:00,0.0,0.0,6,1,0.16666666666666666
gd81,2021-03-09,2021-03-09 23:00:00,0.0,0.0,2,2,1.0
gd81,2021-03-10,2021-03-10 02:00:00,,,1,0,0.0
gd81,2021-03-10,2021-03-10 03:00:00,,,3,0,0.0
gd81,2021-03-10,2021-03-10 04:00:00,0.0,0.0,3,1,0.3333333333333333
gd81,2021-03-10,2021-03-10 05:00:00,0.0,0.0,3,2,0.6666666666666666
gd81,2021-03-10,2021-03-10 06:00:00,0.0,0.0,5,4,0.8
gd81,2021-03-10,2021-03-10 08:00:00,,,1,0,0.0
gd81,2021-03-10,2021-03-10 10:00:00,,,1,0,0.0
gd81,2021-03-10,2021-03-10 11:00:00,,,6,0,0.0
gd81,2021-03-10,2021-03-10 12:00:00,0.0,0.0,6,3,0.5
gd81,2021-03-10,2021-03-10 13:00:00,0.0,0.0,3,2,0.6666666666666666
gd81,2021-03-10,2021-03-10 14:00:00,,,3,0,0.0
gd81,2021-03-10,2021-03-10 23:00:00,,,1,0,0.0
gd81,2021-03-11,2021-03-11 00:00:00,,,1,0,0.0
gd81,2021-03-11,2021-03-11 01:00:00,0.0,0.0,5,1,0.2
gd81,2021-03-11,2021-03-11 02:00:00,,,1,0,0.0
gd81,2021-03-11,2021-03-11 03:00:00,0.0,0.0,4,1,0.25
gd81,2021-03-11,2021-03-11 04:00:00,0.0,0.0,6,6,1.0
gd81,2021-03-11,2021-03-11 05:00:00,0.0,0.0,1,1,1.0
gd81,2021-03-11,2021-03-11 06:00:00,,,1,0,0.0
gd81,2021-03-11,2021-03-11 07:00:00,0.0,0.0,2,1,0.5
gd81,2021-03-11,2021-03-11 08:00:00,,,2,0,0.0
gd81,2021-03-11,2021-03-11 09:00:00,3.2857142857142856,3.2857142857142856,4,2,0.5
gd81,2021-03-11,2021-03-11 11:00:00,10.0,10.0,2,2,1.0
gd81,2021-03-11,2021-03-11 12:00:00,0.0,0.0,3,2,0.6666666666666666
gd81,2021-03-11,2021-03-11 14:00:00,0.0,0.0,3,2,0.6666666666666666
gd81,2021-03-12,2021-03-12 01:00:00,0.0,0.0,7,4,0.5714285714285714
gd81,2021-03-12,2021-03-12 02:00:00,,,2,0,0.0
gd81,2021-03-12,2021-03-12 03:00:00,,,2,0,0.0
gd81,2021-03-12,2021-03-12 04:00:00,0.0,0.0,3,1,0.3333333333333333
gd81,2021-03-12,2021-03-12 05:00:00,0.0,0.0,4,4,1.0
gd81,2021-03-12,2021-03-12 06:00:00,0.0,0.0,4,1,0.25
gd81,2021-03-12,2021-03-12 07:00:00,0.0,0.0,2,2,1.0
gd81,2021-03-12,2021-03-12 08:00:00,0.0,0.0,3,1,0.3333333333333333
gd81,2021-03-12,2021-03-12 10:00:00,,,8,0,0.0
gd81,2021-03-12,2021-03-12 12:00:00,,,3,0,0.0
gd81,2021-03-12,2021-03-12 13:00:00,,,6,0,0.0
gd81,2021-03-12,2021-03-12 14:00:00,,,2,0,0.0
gd81,2021-03-12,2021-03-12 23:00:00,0.0,0.0,8,1,0.125
gd81,2021-03-13,2021-03-13 00:00:00,0.0,0.0,7,2,0.2857142857142857
gd81,2021-03-13,2021-03-13 01:00:00,0.0,0.0,8,1,0.125
gd81,2021-03-13,2021-03-13 02:00:00,,,5,0,0.0
gd81,2021-03-13,2021-03-13 05:00:00,4.333333333333333,4.333333333333333,7,1,0.14285714285714285
gd81,2021-03-13,2021-03-13 06:00:00,,,2,0,0.0
gd81,2021-03-13,2021-03-13 07:00:00,,,4,0,0.0
gd81,2021-03-13,2021-03-13 23:00:00,0.0,0.0,5,1,0.2
gd81,2021-03-14,2021-03-14 00:00:00,4.333333333333333,4.333333333333333,11,2,0.18181818181818182
gd81,2021-03-14,2021-03-14 01:00:00,0.0,0.0,10,1,0.1
gd81,2021-03-14,2021-03-14 02:00:00,0.0,0.0,7,2,0.2857142857142857
gd81,2021-03-14,2021-03-14 03:00:00,,,6,0,0.0
gd81,2021-03-14,2021-03-14 04:00:00,0.0,0.0,1,1,1.0
gd81,2021-03-14,2021-03-14 05:00:00,0.0,0.0,3,1,0.3333333333333333
gd81,2021-03-14,2021-03-14 06:00:00,0.0,0.0,5,1,0.2
gd81,2021-03-14,2021-03-14 07:00:00,0.0,0.0,8,1,0.125
gd81,2021-03-14,2021-03-14 08:00:00,,,8,0,0.0
gd81,2021-03-14,2021-03-14 09:00:00,,,8,0,0.0
gd81,2021-03-14,2021-03-14 10:00:00,,,5,0,0.0
gd81,2021-03-14,2021-03-14 12:00:00,,,1,0,0.0
gd81,2021-03-14,2021-03-14 13:00:00,,,7,0,0.0
gd81,2021-03-14,2021-03-14 15:00:00,0.0,0.0,4,4,1.0
gd81,2021-03-14,2021-03-14 22:00:00,,,2,0,0.0
gd81,2021-03-15,2021-03-15 00:00:00,0.0,0.0,3,2,0.6666666666666666
gd81,2021-03-15,2021-03-15 02:00:00,0.0,0.0,1,1,1.0
gd81,2021-03-15,2021-03-15 03:00:00,0.0,0.0,3,2,0.6666666666666666
gd81,2021-03-15,2021-03-15 04:00:00,,,1,0,0.0
gd81,2021-03-15,2021-03-15 05:00:00,0.0,0.0,6,3,0.5
gd81,2021-03-15,2021-03-15 06:00:00,0.0,0.0,2,2,1.0
gd81,2021-03-15,2021-03-15 07:00:00,0.0,0.0,2,1,0.5
gd81,2021-03-15,2021-03-15 08:00:00,0.0,0.0,1,1,1.0
gd81,2021-03-15,2021-03-15 10:00:00,0.0,0.0,3,1,0.3333333333333333
gd81,2021-03-15,2021-03-15 12:00:00,0.0,0.0,5,1,0.2
gd81,2021-03-15,2021-03-15 13:00:00,,,1,0,0.0
gd81,2021-03-15,2021-03-15 14:00:00,0.0,0.0,8,4,0.5
gd81,2021-03-15,2021-03-15 15:00:00,,,1,0,0.0
gd81,2021-03-15,2021-03-15 22:00:00,,,3,0,0.0
gd81,2021-03-15,2021-03-15 23:00:00,0.0,0.0,6,1,0.16666666666666666
gd81,2021-03-16,2021-03-16 00:00:00,0.0,0.0,3,1,0.3333333333333333
gd81,2021-03-16,2021-03-16 05:00:00,,,1,0,0.0
gd81,2021-03-16,2021-03-16 06:00:00,3.0,3.0,2,2,1.0
gd81,2021-03-16,2021-03-16 07:00:00,0.0,0.0,8,2,0.25
gd81,2021-03-16,2021-03-16 08:00:00,0.0,0.0,10,1,0.1
gd81,2021-03-16,2021-03-16 09:00:00,,,1,0,0.0
gd81,2021-03-16,2021-03-16 10:00:00,,,1,0,0.0
gd81,2021-03-16,2021-03-16 12:00:00,0.0,0.0,1,1,1.0
gd81,2021-03-16,2021-03-16 13:00:00,0.0,0.0,4,1,0.25
gd81,2021-03-16,2021-03-16 14:00:00,0.0,0.0,4,1,0.25
gd81,2021-03-16,2021-03-16 23:00:00,,,1,0,0.0
gd81,2021-03-17,2021-03-17 02:00:00,,,1,0,0.0
gd81,2021-03-17,2021-03-17 03:00:00,0.0,0.0,4,1,0.25
gd81,2021-03-17,2021-03-17 04:00:00,0.0,0.0,4,2,0.5
gd81,2021-03-17,2021-03-17 05:00:00,0.0,0.0,4,3,0.75
gd81,2021-03-17,2021-03-17 07:00:00,0.0,0.0,5,1,0.2
gd81,2021-03-17,2021-03-17 08:00:00,0.0,0.0,1,1,1.0
gd81,2021-03-17,2021-03-17 10:00:00,,,1,0,0.0
gd81,2021-03-17,2021-03-17 11:00:00,,,2,0,0.0
gd81,2021-03-17,2021-03-17 12:00:00,,,1,0,0.0
gd81,2021-03-17,2021-03-17 13:00:00,0.0,0.0,3,1,0.3333333333333333
gd81,2021-03-17,2021-03-17 14:00:00,,,3,0,0.0
gd81,2021-03-17,2021-03-17 22:00:00,,,1,0,0.0
gd81,2021-03-18,2021-03-18 01:00:00,,,1,0,0.0
gd81,2021-03-18,2021-03-18 02:00:00,0.0,0.0,2,2,1.0
gd81,2021-03-18,2021-03-18 03:00:00,0.0,0.0,2,1,0.5
gd81,2021-03-18,2021-03-18 04:00:00,0.0,0.0,2,1,0.5
gd81,2021-03-18,2021-03-18 05:00:00,0.0,0.0,5,3,0.6
gd81,2021-03-18,2021-03-18 06:00:00,0.0,0.0,2,2,1.0
gd81,2021-03-18,2021-03-18 07:00:00,0.0,0.0,2,2,1.0
gd81,2021-03-18,2021-03-18 08:00:00,,,3,0,0.0
gd81,2021-03-18,2021-03-18 10:00:00,0.0,0.0,7,2,0.2857142857142857
gd81,2021-03-18,2021-03-18 11:00:00,0.0,0.0,2,1,0.5
gd81,2021-03-18,2021-03-18 12:00:00,,,4,0,0.0
gd81,2021-03-18,2021-03-18 13:00:00,,,1,0,0.0
gd81,2021-03-18,2021-03-18 14:00:00,,,2,0,0.0
gd81,2021-03-18,2021-03-18 15:00:00,0.0,0.0,2,1,0.5
gd81,2021-03-19,2021-03-19 00:00:00,0.0,0.0,4,4,1.0
gd81,2021-03-19,2021-03-19 01:00:00,0.0,0.0,3,2,0.6666666666666666
gd81,2021-03-19,2021-03-19 02:00:00,0.0,0.0,3,1,0.3333333333333333
gd81,2021-03-19,2021-03-19 03:00:00,0.0,0.0,4,1,0.25
gd81,2021-03-19,2021-03-19 04:00:00,0.0,0.0,3,3,1.0
gd81,2021-03-19,2021-03-19 05:00:00,0.0,0.0,2,2,1.0
gd81,2021-03-19,2021-03-19 06:00:00,0.0,0.0,2,1,0.5
gd81,2021-03-19,2021-03-19 07:00:00,0.0,0.0,2,1,0.5
gd81,2021-03-19,2021-03-19 08:00:00,0.0,0.0,2,2,1.0
gd81,2021-03-19,2021-03-19 10:00:00,0.0,0.0,3,2,0.6666666666666666
gd81,2021-03-19,2021-03-19 11:00:00,5.0,5.0,2,1,0.5
gd81,2021-03-19,2021-03-19 12:00:00,,,3,0,0.0
gd81,2021-03-19,2021-03-19 13:00:00,0.0,0.0,5,3,0.6
gd81,2021-03-19,2021-03-19 14:00:00,0.0,0.0,5,3,0.6
gd81,2021-03-19,2021-03-19 15:00:00,,,1,0,0.0
gd81,2021-03-19,2021-03-19 23:00:00,,,4,0,0.0
gd81,2021-03-20,2021-03-20 00:00:00,,,5,0,0.0
gd81,2021-03-20,2021-03-20 01:00:00,0.0,0.0,10,2,0.2
gd81,2021-03-20,2021-03-20 02:00:00,0.0,0.0,8,1,0.125
gd81,2021-03-20,2021-03-20 03:00:00,,,3,0,0.0
gd81,2021-03-20,2021-03-20 06:00:00,0.0,0.0,3,2,0.6666666666666666
gd81,2021-03-20,2021-03-20 07:00:00,0.0,0.0,2,1,0.5
gd81,2021-03-20,2021-03-20 08:00:00,0.0,0.0,8,2,0.25
gd81,2021-03-20,2021-03-20 09:00:00,0.0,0.0,8,1,0.125
gd81,2021-03-20,2021-03-20 10:00:00,,,5,0,0.0
gd81,2021-03-20,2021-03-20 12:00:00,0.0,0.0,1,1,1.0
gd81,2021-03-20,2021-03-20 14:00:00,0.0,0.0,2,1,0.5
gd81,2021-03-20,2021-03-20 23:00:00,,,1,0,0.0
gd81,2021-03-21,2021-03-21 00:00:00,,,2,0,0.0
gd81,2021-03-21,2021-03-21 01:00:00,0.0,0.0,7,3,0.42857142857142855
gd81,2021-03-21,2021-03-21 02:00:00,0.0,0.0,5,2,0.4
gd81,2021-03-21,2021-03-21 03:00:00,0.0,0.0,3,3,1.0
gd81,2021-03-21,2021-03-21 06:00:00,0.0,0.0,6,2,0.3333333333333333
gd81,2021-03-21,2021-03-21 07:00:00,0.0,0.0,4,1,0.25
gd81,2021-03-21,2021-03-21 08:00:00,,,7,0,0.0
gd81,2021-03-21,2021-03-21 09:00:00,,,6,0,0.0
gd81,2021-03-21,2021-03-21 11:00:00,,,1,0,0.0
gd81,2021-03-21,2021-03-21 12:00:00,,,2,0,0.0
gd81,2021-03-21,2021-03-21 13:00:00,6.0,6.0,7,5,0.7142857142857143
gd81,2021-03-21,2021-03-21 14:00:00,0.0,0.0,3,1,0.3333333333333333
gd81,2021-03-21,2021-03-21 15:00:00,0.0,0.0,6,2,0.3333333333333333
gd81,2021-03-21,2021-03-21 22:00:00,,,1,0,0.0
gd81,2021-03-22,2021-03-22 03:00:00,,,3,0,0.0
gd81,2021-03-22,2021-03-22 05:00:00,0.0,0.0,2,1,0.5
gd81,2021-03-22,2021-03-22 07:00:00,,,2,0,0.0
gd81,2021-03-22,2021-03-22 08:00:00,0.0,0.0,1,1,1.0
gd81,2021-03-22,2021-03-22 10:00:00,0.0,0.0,1,1,1.0
gd81,2021-03-22,2021-03-22 11:00:00,,,1,0,0.0
gd81,2021-03-22,2021-03-22 12:00:00,,,1,0,0.0
gd81,2021-03-22,2021-03-22 13:00:00,0.0,0.0,3,1,0.3333333333333333
gd81,2021-03-22,2021-03-22 14:00:00,0.0,0.0,5,1,0.2
gd81,2021-03-23,2021-03-23 00:00:00,,,2,0,0.0
gd81,2021-03-23,2021-03-23 01:00:00,,,1,0,0.0
gd81,2021-03-23,2021-03-23 02:00:00,,,4,0,0.0
gd81,2021-03-23,2021-03-23 03:00:00,0.0,0.0,7,2,0.2857142857142857
gd81,2021-03-23,2021-03-23 04:00:00,0.0,0.0,4,3,0.75
gd81,2021-03-23,2021-03-23 05:00:00,,,2,0,0.0
gd81,2021-03-23,2021-03-23 06:00:00,0.0,0.0,3,3,1.0
gd81,2021-03-23,2021-03-23 07:00:00,0.0,0.0,4,3,0.75
gd81,2021-03-23,2021-03-23 10:00:00,0.0,0.0,3,1,0.3333333333333333
gd81,2021-03-23,2021-03-23 11:00:00,0.0,0.0,1,1,1.0
gd81,2021-03-23,2021-03-23 12:00:00,0.0,0.0,4,2,0.5
gd81,2021-03-23,2021-03-23 13:00:00,,,1,0,0.0
gd81,2021-03-23,2021-03-23 15:00:00,,,2,0,0.0
gd81,2021-03-23,2021-03-23 22:00:00,,,1,0,0.0
gd81,2021-03-24,2021-03-24 00:00:00,0.0,0.0,2,1,0.5
gd81,2021-03-24,2021-03-24 06:00:00,,,1,0,0.0
gd81,2021-03-24,2021-03-24 11:00:00,,,3,0,0.0
gd81,2021-03-24,2021-03-24 12:00:00,0.0,0.0,6,1,0.16666666666666666
gd81,2021-03-24,2021-03-24 13:00:00,,,2,0,0.0
gd81,2021-03-24,2021-03-24 14:00:00,,,2,0,0.0
gd81,2021-03-24,2021-03-24 15:00:00,,,1,0,0.0
gd81,2021-03-24,2021-03-24 23:00:00,,,1,0,0.0
gd81,2021-03-25,2021-03-25 00:00:00,0.0,0.0,4,2,0.5
gd81,2021-03-25,2021-03-25 01:00:00,0.0,0.0,1,1,1.0
gd81,2021-03-25,2021-03-25 02:00:00,,,1,0,0.0
gd81,2021-03-25,2021-03-25 04:00:00,0.0,0.0,3,1,0.3333333333333333
gd81,2021-03-25,2021-03-25 05:00:00,0.0,0.0,4,1,0.25
gd81,2021-03-25,2021-03-25 07:00:00,0.0,0.0,4,1,0.25
gd81,2021-03-25,2021-03-25 08:00:00,0.0,0.0,2,2,1.0
gd81,2021-03-25,2021-03-25 09:00:00,0.0,0.0,2,2,1.0
gd81,2021-03-25,2021-03-25 11:00:00,,,2,0,0.0
gd81,2021-03-25,2021-03-25 12:00:00,,,4,0,0.0
gd81,2021-03-25,2021-03-25 13:00:00,,,1,0,0.0
gd81,2021-03-25,2021-03-25 14:00:00,0.0,0.0,4,2,0.5
gd81,2021-03-25,2021-03-25 22:00:00,,,3,0,0.0
gd81,2021-03-25,2021-03-25 23:00:00,0.0,0.0,3,1,0.3333333333333333
gd81,2021-03-26,2021-03-26 00:00:00,18.0,18.0,6,2,0.3333333333333333
gd81,2021-03-26,2021-03-26 01:00:00,0.0,0.0,2,1,0.5
gd81,2021-03-26,2021-03-26 05:00:00,,,2,0,0.0
gd81,2021-03-26,2021-03-26 07:00:00,0.0,0.0,4,1,0.25
gd81,2021-03-26,2021-03-26 11:00:00,,,6,0,0.0
gd81,2021-03-26,2021-03-26 12:00:00,0.0,0.0,9,1,0.1111111111111111
gd81,2021-03-26,2021-03-26 13:00:00,,,1,0,0.0
gd81,2021-03-27,2021-03-27 01:00:00,0.0,0.0,6,2,0.3333333333333333
gd81,2021-03-27,2021-03-27 02:00:00,0.0,0.0,9,1,0.1111111111111111
gd81,2021-03-27,2021-03-27 03:00:00,,,9,0,0.0
gd81,2021-03-27,2021-03-27 04:00:00,,,1,0,0.0
gd81,2021-03-27,2021-03-27 05:00:00,,,3,0,0.0
gd81,2021-03-27,2021-03-27 06:00:00,,,3,0,0.0
gd81,2021-03-27,2021-03-27 07:00:00,,,1,0,0.0
gd81,2021-03-27,2021-03-27 08:00:00,0.0,0.0,9,1,0.1111111111111111
gd81,2021-03-27,2021-03-27 09:00:00,0.0,0.0,7,2,0.2857142857142857
gd81,2021-03-27,2021-03-27 10:00:00,0.0,0.0,4,1,0.25
gd81,2021-03-27,2021-03-27 11:00:00,,,2,0,0.0
gd81,2021-03-27,2021-03-27 12:00:00,,,3,0,0.0
gd81,2021-03-27,2021-03-27 13:00:00,0.0,0.0,1,1,1.0
gd81,2021-03-28,2021-03-28 00:00:00,,,2,0,0.0
gd81,2021-03-28,2021-03-28 02:00:00,,,2,0,0.0
gd81,2021-03-28,2021-03-28 03:00:00,0.0,0.0,4,1,0.25
gd81,2021-03-28,2021-03-28 04:00:00,,,3,0,0.0
gd81,2021-03-28,2021-03-28 05:00:00,,,6,0,0.0
gd81,2021-03-28,2021-03-28 06:00:00,,,8,0,0.0
gd81,2021-03-28,2021-03-28 07:00:00,,,9,0,0.0
gd81,2021-03-28,2021-03-28 08:00:00,0.0,0.0,5,1,0.2
gd81,2021-03-28,2021-03-28 09:00:00,,,1,0,0.0
gd81,2021-03-28,2021-03-28 12:00:00,,,2,0,0.0
gd81,2021-03-28,2021-03-28 13:00:00,,,3,0,0.0
gd81,2021-03-28,2021-03-28 14:00:00,,,2,0,0.0
gd81,2021-03-28,2021-03-28 22:00:00,,,1,0,0.0
gd81,2021-03-28,2021-03-28 23:00:00,0.0,0.0,1,1,1.0
gd81,2021-03-29,2021-03-29 00:00:00,0.0,0.0,3,2,0.6666666666666666
gd81,2021-03-29,2021-03-29 01:00:00,0.0,0.0,1,1,1.0
gd81,2021-03-29,2021-03-29 02:00:00,0.0,0.0,6,3,0.5
gd81,2021-03-29,2021-03-29 03:00:00,,,5,0,0.0
gd81,2021-03-29,2021-03-29 04:00:00,0.0,0.0,7,1,0.14285714285714285
gd81,2021-03-29,2021-03-29 05:00:00,0.0,0.0,7,4,0.5714285714285714
gd81,2021-03-29,2021-03-29 06:00:00,0.0,0.0,3,1,0.3333333333333333
gd81,2021-03-29,2021-03-29 07:00:00,0.0,0.0,4,2,0.5
gd81,2021-03-29,2021-03-29 10:00:00,0.0,0.0,1,1,1.0
gd81,2021-03-29,2021-03-29 11:00:00,,,2,0,0.0
gd81,2021-03-29,2021-03-29 12:00:00,,,1,0,0.0
gd81,2021-03-29,2021-03-29 13:00:00,,,1,0,0.0
gd81,2021-03-29,2021-03-29 14:00:00,,,4,0,0.0
gd81,2021-03-29,2021-03-29 22:00:00,,,3,0,0.0
gd81,2021-03-29,2021-03-29 23:00:00,0.0,0.0,2,1,0.5
gd81,2021-03-30,2021-03-30 00:00:00,0.0,0.0,3,2,0.6666666666666666
gd81,2021-03-30,2021-03-30 01:00:00,0.0,0.0,2,1,0.5
gd81,2021-03-30,2021-03-30 02:00:00,,,3,0,0.0
gd81,2021-03-30,2021-03-30 04:00:00,0.0,0.0,3,2,0.6666666666666666
gd81,2021-03-30,2021-03-30 05:00:00,,,2,0,0.0
gd81,2021-03-30,2021-03-30 06:00:00,0.0,0.0,4,1,0.25
gd81,2021-03-30,2021-03-30 07:00:00,0.0,0.0,6,3,0.5
gd81,2021-03-30,2021-03-30 08:00:00,,,1,0,0.0
gd81,2021-03-30,2021-03-30 09:00:00,,,2,0,0.0
gd81,2021-03-30,2021-03-30 10:00:00,,,2,0,0.0
gd81,2021-03-30,2021-03-30 11:00:00,,,2,0,0.0
gd81,2021-03-30,2021-03-30 12:00:00,0.0,0.0,2,2,1.0
gd81,2021-03-30,2021-03-30 13:00:00,,,3,0,0.0
gd81,2021-03-30,2021-03-30 14:00:00,,,1,0,0.0
gd81,2021-03-31,2021-03-31 00:00:00,0.0,0.0,5,4,0.8
gd81,2021-03-31,2021-03-31 01:00:00,0.0,0.0,6,3,0.5
gd81,2021-03-31,2021-03-31 02:00:00,0.0,0.0,2,2,1.0
gd81,2021-03-31,2021-03-31 03:00:00,0.0,0.0,8,2,0.25
gd81,2021-03-31,2021-03-31 04:00:00,0.0,0.0,5,1,0.2
gd81,2021-03-31,2021-03-31 05:00:00,3.0,3.0,5,2,0.4
gd81,2021-03-31,2021-03-31 06:00:00,0.0,0.0,2,2,1.0
gd81,2021-03-31,2021-03-31 07:00:00,0.0,0.0,1,1,1.0
gd81,2021-03-31,2021-03-31 08:00:00,0.0,0.0,8,2,0.25
gd81,2021-03-31,2021-03-31 09:00:00,0.0,0.0,2,2,1.0
gd81,2021-03-31,2021-03-31 10:00:00,,,1,0,0.0
gd81,2021-03-31,2021-03-31 12:00:00,,,2,0,0.0
gd81,2021-03-31,2021-03-31 13:00:00,0.0,0.0,2,1,0.5
gd81,2021-03-31,2021-03-31 14:00:00,0.0,0.0,1,1,1.0
gd81,2021-03-31,2021-03-31 15:00:00,,,2,0,0.0
gd81,2021-03-31,2021-03-31 22:00:00,,,1,0,0.0
gd81,2021-03-31,2021-03-31 23:00:00,,,2,0,0.0
gd81,2021-04-01,2021-04-01 00:00:00,0.0,0.0,1,1,1.0
gd81,2021-04-01,2021-04-01 01:00:00,0.0,0.0,1,1,1.0
gd81,2021-04-01,2021-04-01 02:00:00,0.0,0.0,2,1,0.5
gd81,2021-04-01,2021-04-01 03:00:00,,,6,0,0.0
gd81,2021-04-01,2021-04-01 04:00:00,0.0,0.0,5,1,0.2
gd81,2021-04-01,2021-04-01 05:00:00,4.0,4.0,2,1,0.5
gd81,2021-04-01,2021-04-01 06:00:00,0.0,0.0,1,1,1.0
gd81,2021-04-01,2021-04-01 07:00:00,0.0,0.0,3,1,0.3333333333333333
gd81,2021-04-01,2021-04-01 10:00:00,,,2,0,0.0
gd81,2021-04-01,2021-04-01 13:00:00,,,1,0,0.0
gd81,2021-04-01,2021-04-01 14:00:00,,,1,0,0.0
gd81,2021-04-01,2021-04-01 22:00:00,0.0,0.0,1,1,1.0
gd81,2021-04-01,2021-04-01 23:00:00,0.0,0.0,2,1,0.5
gd81,2021-04-02,2021-04-02 00:00:00,0.0,0.0,3,2,0.6666666666666666
gd81,2021-04-02,2021-04-02 02:00:00,0.0,0.0,1,1,1.0
gd81,2021-04-02,2021-04-02 03:00:00,0.0,0.0,5,1,0.2
gd81,2021-04-02,2021-04-02 04:00:00,0.0,0.0,3,2,0.6666666666666666
gd81,2021-04-02,2021-04-02 05:00:00,,,3,0,0.0
gd81,2021-04-02,2021-04-02 06:00:00,0.0,0.0,2,2,1.0
gd81,2021-04-02,2021-04-02 07:00:00,,,4,0,0.0
gd81,2021-04-02,2021-04-02 08:00:00,,,4,0,0.0
gd81,2021-04-02,2021-04-02 09:00:00,0.0,0.0,1,1,1.0
gd81,2021-04-02,2021-04-02 10:00:00,0.0,0.0,1,1,1.0
gd81,2021-04-02,2021-04-02 11:00:00,,,5,0,0.0
gd81,2021-04-02,2021-04-02 14:00:00,0.0,0.0,1,1,1.0
gd81,2021-04-03,2021-04-03 01:00:00,0.0,0.0,2,1,0.5
gd81,2021-04-03,2021-04-03 02:00:00,0.0,0.0,6,3,0.5
gd81,2021-04-03,2021-04-03 08:00:00,0.0,0.0,7,2,0.2857142857142857
gd81,2021-04-03,2021-04-03 09:00:00,,,2,0,0.0
gd81,2021-04-03,2021-04-03 10:00:00,2.857142857142857,2.857142857142857,4,3,0.75
gd81,2021-04-03,2021-04-03 13:00:00,10.0,10.0,4,3,0.75
gd81,2021-04-03,2021-04-03 14:00:00,0.0,0.0,2,1,0.5
gd81,2021-04-03,2021-04-03 15:00:00,,,1,0,0.0
gd81,2021-04-04,2021-04-04 00:00:00,,,1,0,0.0
gd81,2021-04-04,2021-04-04 01:00:00,,,2,0,0.0
gd81,2021-04-04,2021-04-04 02:00:00,0.0,0.0,6,1,0.16666666666666666
gd81,2021-04-04,2021-04-04 03:00:00,,,5,0,0.0
gd81,2021-04-04,2021-04-04 04:00:00,,,2,0,0.0
gd81,2021-04-04,2021-04-04 07:00:00,,,1,0,0.0
gd81,2021-04-04,2021-04-04 08:00:00,0.0,0.0,3,1,0.3333333333333333
gd81,2021-04-04,2021-04-04 09:00:00,,,7,0,0.0
gm49,2021-03-07,2021-03-07 10:00:00,,,2,0,0.0
gm49,2021-03-07,2021-03-07 11:00:00,,,2,0,0.0
gm49,2021-03-07,2021-03-07 13:00:00,,,3,0,0.0
gm49,2021-03-07,2021-03-07 14:00:00,,,6,0,0.0
gm49,2021-03-09,2021-03-09 04:00:00,,,3,0,0.0
gm49,2021-03-09,2021-03-09 05:00:00,,,4,0,0.0
gm49,2021-03-09,2021-03-09 08:00:00,,,6,0,0.0
gm49,2021-03-09,2021-03-09 09:00:00,,,6,0,0.0
gm49,2021-03-09,2021-03-09 14:00:00,,,3,0,0.0
gm49,2021-03-11,2021-03-11 10:00:00,0.0,0.0,1,1,1.0
gm49,2021-03-12,2021-03-12 16:00:00,,,1,0,0.0
gm49,2021-03-12,2021-03-12 17:00:00,,,11,0,0.0
gm49,2021-03-12,2021-03-12 18:00:00,,,5,0,0.0
gm49,2021-03-12,2021-03-12 19:00:00,0.0,0.0,11,1,0.09090909090909091
gm49,2021-03-12,2021-03-12 20:00:00,0.0,0.0,7,1,0.14285714285714285
gm49,2021-03-12,2021-03-12 21:00:00,,,1,0,0.0
gm49,2021-03-13,2021-03-13 05:00:00,,,1,0,0.0
gm49,2021-03-13,2021-03-13 06:00:00,,,1,0,0.0
gm49,2021-03-13,2021-03-13 17:00:00,,,6,0,0.0
gm49,2021-03-13,2021-03-13 18:00:00,,,2,0,0.0
gm49,2021-03-14,2021-03-14 04:00:00,,,6,0,0.0
gm49,2021-03-14,2021-03-14 05:00:00,,,10,0,0.0
gm49,2021-03-14,2021-03-14 06:00:00,0.0,0.0,4,1,0.25
gm49,2021-03-14,2021-03-14 15:00:00,,,1,0,0.0
gm49,2021-03-14,2021-03-14 16:00:00,0.0,0.0,2,1,0.5
gm49,2021-03-14,2021-03-14 17:00:00,,,1,0,0.0
gm49,2021-03-15,2021-03-15 07:00:00,,,1,0,0.0
gm49,2021-03-15,2021-03-15 11:00:00,,,2,0,0.0
gm49,2021-03-15,2021-03-15 12:00:00,,,3,0,0.0
gm49,2021-03-15,2021-03-15 13:00:00,,,7,0,0.0
gm49,2021-03-15,2021-03-15 14:00:00,,,1,0,0.0
gm49,2021-03-16,2021-03-16 04:00:00,,,3,0,0.0
gm49,2021-03-16,2021-03-16 15:00:00,,,2,0,0.0
gm49,2021-03-16,2021-03-16 16:00:00,,,2,0,0.0
gm49,2021-03-16,2021-03-16 17:00:00,,,2,0,0.0
gm49,2021-03-17,2021-03-17 12:00:00,0.0,0.0,1,1,1.0
gm49,2021-03-18,2021-03-18 10:00:00,,,2,0,0.0
gm49,2021-03-19,2021-03-19 00:00:00,,,2,0,0.0
gm49,2021-03-19,2021-03-19 12:00:00,,,1,0,0.0
gm49,2021-03-19,2021-03-19 14:00:00,,,1,0,0.0
gm49,2021-03-19,2021-03-19 15:00:00,,,1,0,0.0
gm49,2021-03-20,2021-03-20 11:00:00,,,1,0,0.0
gm49,2021-03-20,2021-03-20 12:00:00,,,1,0,0.0
gm49,2021-03-21,2021-03-21 03:00:00,,,1,0,0.0
gm49,2021-03-21,2021-03-21 12:00:00,,,1,0,0.0
gm49,2021-03-22,2021-03-22 02:00:00,,,1,0,0.0
gm49,2021-03-22,2021-03-22 09:00:00,,,2,0,0.0
gm49,2021-03-22,2021-03-22 10:00:00,0.0,0.0,3,1,0.3333333333333333
gm49,2021-03-22,2021-03-22 12:00:00,,,1,0,0.0
gm49,2021-03-23,2021-03-23 03:00:00,,,1,0,0.0
gm49,2021-03-23,2021-03-23 08:00:00,,,2,0,0.0
gm49,2021-03-23,2021-03-23 09:00:00,,,7,0,0.0
gm49,2021-03-23,2021-03-23 10:00:00,,,2,0,0.0
gm49,2021-03-24,2021-03-24 07:00:00,,,1,0,0.0
gm49,2021-03-24,2021-03-24 08:00:00,,,1,0,0.0
gm49,2021-03-24,2021-03-24 10:00:00,0.0,0.0,1,1,1.0
gm49,2021-03-24,2021-03-24 11:00:00,,,2,0,0.0
gm49,2021-03-24,2021-03-24 12:00:00,,,1,0,0.0
gm49,2021-03-24,2021-03-24 14:00:00,,,1,0,0.0
gm49,2021-03-26,2021-03-26 09:00:00,0.0,0.0,1,1,1.0
gm49,2021-03-26,2021-03-26 11:00:00,0.0,0.0,7,2,0.2857142857142857
gm49,2021-03-27,2021-03-27 13:00:00,0.0,0.0,3,1,0.3333333333333333
gm49,2021-03-29,2021-03-29 00:00:00,,,2,0,0.0
gm49,2021-03-29,2021-03-29 01:00:00,,,2,0,0.0
gm49,2021-03-29,2021-03-29 02:00:00,,,4,0,0.0
gm49,2021-03-29,2021-03-29 09:00:00,,,2,0,0.0
gm49,2021-03-29,2021-03-29 10:00:00,,,1,0,0.0
gm49,2021-03-30,2021-03-30 15:00:00,0.0,0.0,2,1,0.5
gm49,2021-04-01,2021-04-01 05:00:00,,,3,0,0.0
gm49,2021-04-01,2021-04-01 08:00:00,,,4,0,0.0
gm49,2021-04-01,2021-04-01 09:00:00,0.0,0.0,1,1,1.0
gm49,2021-04-02,2021-04-02 08:00:00,0.0,0.0,4,1,0.25
gm49,2021-04-02,2021-04-02 09:00:00,0.0,0.0,6,3,0.5
gm49,2021-04-02,2021-04-02 10:00:00,,,1,0,0.0
gm49,2021-04-02,2021-04-02 13:00:00,,,3,0,0.0
gm49,2021-04-04,2021-04-04 14:00:00,,,1,0,0.0
gw39,2021-03-05,2021-03-05 01:00:00,,,2,0,0.0
gw39,2021-03-05,2021-03-05 03:00:00,,,1,0,0.0
gw39,2021-03-05,2021-03-05 04:00:00,,,1,0,0.0
gw39,2021-03-05,2021-03-05 06:00:00,,,1,0,0.0
gw39,2021-03-05,2021-03-05 07:00:00,,,1,0,0.0
gw39,2021-03-05,2021-03-05 10:00:00,,,9,0,0.0
gw39,2021-03-05,2021-03-05 11:00:00,,,9,0,0.0
gw39,2021-03-09,2021-03-09 03:00:00,0.0,0.0,1,1,1.0
gw39,2021-03-09,2021-03-09 04:00:00,0.0,0.0,3,1,0.3333333333333333
gw39,2021-03-09,2021-03-09 06:00:00,0.875,0.875,2,2,1.0
gw39,2021-03-09,2021-03-09 10:00:00,0.0,0.0,2,2,1.0
gw39,2021-03-09,2021-03-09 11:00:00,,,1,0,0.0
gw39,2021-03-09,2021-03-09 12:00:00,0.0,0.0,2,1,0.5
gw39,2021-03-10,2021-03-10 04:00:00,,,2,0,0.0
gw39,2021-03-10,2021-03-10 05:00:00,0.0,0.0,2,1,0.5
gw39,2021-03-11,2021-03-11 03:00:00,0.0,0.0,2,2,1.0
gw39,2021-03-11,2021-03-11 04:00:00,0.0,0.0,1,1,1.0
gw39,2021-03-11,2021-03-11 07:00:00,0.0,0.0,2,1,0.5
gw39,2021-03-11,2021-03-11 12:00:00,0.0,0.0,1,1,1.0
gw39,2021-03-12,2021-03-12 00:00:00,,,1,0,0.0
gw39,2021-03-12,2021-03-12 04:00:00,0.0,0.0,2,1,0.5
gw39,2021-03-12,2021-03-12 05:00:00,,,1,0,0.0
gw39,2021-03-12,2021-03-12 06:00:00,,,2,0,0.0
gw39,2021-03-12,2021-03-12 09:00:00,,,1,0,0.0
gw39,2021-03-12,2021-03-12 10:00:00,,,1,0,0.0
gw39,2021-03-12,2021-03-12 11:00:00,,,1,0,0.0
gw39,2021-03-12,2021-03-12 12:00:00,,,1,0,0.0
gw39,2021-03-12,2021-03-12 13:00:00,0.0,0.0,5,4,0.8
gw39,2021-03-12,2021-03-12 14:00:00,0.0,0.0,1,1,1.0
gw39,2021-03-13,2021-03-13 04:00:00,,,1,0,0.0
gw39,2021-03-13,2021-03-13 05:00:00,0.0,0.0,1,1,1.0
gw39,2021-03-14,2021-03-14 01:00:00,0.0,0.0,1,1,1.0
gw39,2021-03-14,2021-03-14 02:00:00,45.91666666666667,16.5,3,3,1.0
gw39,2021-03-14,2021-03-14 03:00:00,12.8,12.8,1,1,1.0
gw39,2021-03-14,2021-03-14 05:00:00,0.0,0.0,1,1,1.0
gw39,2021-03-14,2021-03-14 06:00:00,6.714285714285714,6.714285714285714,1,1,1.0
gw39,2021-03-14,2021-03-14 07:00:00,0.0,0.0,3,2,0.6666666666666666
gw39,2021-03-14,2021-03-14 08:00:00,,,3,0,0.0
gw39,2021-03-14,2021-03-14 11:00:00,0.0,0.0,1,1,1.0
gw39,2021-03-14,2021-03-14 12:00:00,,,2,0,0.0
gw39,2021-03-14,2021-03-14 13:00:00,0.0,0.0,3,1,0.3333333333333333
gw39,2021-03-14,2021-03-14 14:00:00,0.0,0.0,3,1,0.3333333333333333
gw39,2021-03-15,2021-03-15 14:00:00,0.0,0.0,1,1,1.0
gw39,2021-03-16,2021-03-16 00:00:00,0.0,0.0,1,1,1.0
gw39,2021-03-16,2021-03-16 02:00:00,,,1,0,0.0
gw39,2021-03-16,2021-03-16 13:00:00,3.5972222222222223,3.5972222222222223,2,1,0.5
gw39,2021-03-17,2021-03-17 07:00:00,,,1,0,0.0
gw39,2021-03-17,2021-03-17 12:00:00,3.0,3.0,1,1,1.0
gw39,2021-03-18,2021-03-18 04:00:00,,,2,0,0.0
gw39,2021-03-18,2021-03-18 11:00:00,0.0,0.0,2,1,0.5
gw39,2021-03-18,2021-03-18 12:00:00,9.0,9.0,1,1,1.0
gw39,2021-03-19,2021-03-19 02:00:00,0.0,0.0,1,1,1.0
gw39,2021-03-19,2021-03-19 05:00:00,,,1,0,0.0
gw39,2021-03-19,2021-03-19 07:00:00,,,4,0,0.0
gw39,2021-03-19,2021-03-19 08:00:00,,,2,0,0.0
gw39,2021-03-19,2021-03-19 09:00:00,,,4,0,0.0
gw39,2021-03-19,2021-03-19 11:00:00,0.0,0.0,2,2,1.0
gw39,2021-03-19,2021-03-19 12:00:00,0.0,0.0,4,1,0.25
gw39,2021-03-19,2021-03-19 13:00:00,0.0,0.0,7,7,1.0
gw39,2021-03-20,2021-03-20 01:00:00,61.0,61.0,1,1,1.0
gw39,2021-03-20,2021-03-20 02:00:00,,,2,0,0.0
gw39,2021-03-20,2021-03-20 03:00:00,,,1,0,0.0
gw39,2021-03-20,2021-03-20 04:00:00,,,2,0,0.0
gw39,2021-03-20,2021-03-20 10:00:00,0.0,0.0,7,1,0.14285714285714285
gw39,2021-03-20,2021-03-20 11:00:00,,,3,0,0.0
gw39,2021-03-20,2021-03-20 13:00:00,40.0,40.0,1,1,1.0
gw39,2021-03-21,2021-03-21 00:00:00,0.0,0.0,3,1,0.3333333333333333
gw39,2021-03-21,2021-03-21 01:00:00,0.0,0.0,5,3,0.6
gw39,2021-03-21,2021-03-21 06:00:00,,,2,0,0.0
gw39,2021-03-21,2021-03-21 07:00:00,,,7,0,0.0
gw39,2021-03-21,2021-03-21 08:00:00,,,1,0,0.0
gw39,2021-03-21,2021-03-21 10:00:00,0.0,0.0,2,1,0.5
gw39,2021-03-21,2021-03-21 12:00:00,0.0,0.0,2,1,0.5
gw39,2021-03-21,2021-03-21 13:00:00,0.0,0.0,2,1,0.5
gw39,2021-03-22,2021-03-22 12:00:00,,,2,0,0.0
gw39,2021-03-22,2021-03-22 13:00:00,3.6666666666666665,3.6666666666666665,5,2,0.4
gw39,2021-03-23,2021-03-23 09:00:00,0.0,0.0,3,1,0.3333333333333333
gw39,2021-03-23,2021-03-23 14:00:00,,,3,0,0.0
gw39,2021-03-24,2021-03-24 13:00:00,5.24,5.24,1,1,1.0
gw39,2021-03-24,2021-03-24 14:00:00,0.0,0.0,2,1,0.5
gw39,2021-03-24,2021-03-24 15:00:00,,,1,0,0.0
gw39,2021-03-25,2021-03-25 10:00:00,0.0,0.0,1,1,1.0
gw39,2021-03-25,2021-03-25 12:00:00,0.0,0.0,1,1,1.0
gw39,2021-03-26,2021-03-26 03:00:00,0.0,0.0,8,6,0.75
gw39,2021-03-26,2021-03-26 11:00:00,,,1,0,0.0
gw39,2021-03-26,2021-03-26 13:00:00,,,1,0,0.0
gw39,2021-03-27,2021-03-27 01:00:00,0.0,0.0,3,1,0.3333333333333333
gw39,2021-03-27,2021-03-27 02:00:00,,,1,0,0.0
gw39,2021-03-27,2021-03-27 03:00:00,,,4,0,0.0
gw39,2021-03-27,2021-03-27 10:00:00,0.0,0.0,4,3,0.75
gw39,2021-03-27,2021-03-27 12:00:00,0.0,0.0,2,1,0.5
gw39,2021-03-28,2021-03-28 02:00:00,0.0,0.0,4,2,0.5
gw39,2021-03-29,2021-03-29 03:00:00,,,2,0,0.0
gw39,2021-03-29,2021-03-29 04:00:00,,,1,0,0.0
gw39,2021-03-29,2021-03-29 06:00:00,0.0,0.0,3,2,0.6666666666666666
gw39,2021-03-30,2021-03-30 09:00:00,0.0,0.0,1,1,1.0
gw39,2021-03-31,2021-03-31 09:00:00,0.0,0.0,2,1,0.5
gw39,2021-04-01,2021-04-01 13:00:00,1.7142857142857142,1.7142857142857142,2,2,1.0
gw39,2021-04-01,2021-04-01 14:00:00,0.0,0.0,2,2,1.0
gw39,2021-04-02,2021-04-02 05:00:00,0.0,0.0,1,1,1.0
gw39,2021-04-02,2021-04-02 12:00:00,,,1,0,0.0
gw39,2021-04-02,2021-04-02 14:00:00,,,3,0,0.0
gw39,2021-04-03,2021-04-03 04:00:00,,,2,0,0.0
gw39,2021-04-03,2021-04-03 05:00:00,,,1,0,0.0
gw39,2021-04-03,2021-04-03 06:00:00,,,1,0,0.0
gw39,2021-04-03,2021-04-03 10:00:00,0.0,0.0,2,2,1.0
gw39,2021-04-03,2021-04-03 12:00:00,,,1,0,0.0
gw39,2021-04-03,2021-04-03 13:00:00,,,1,0,0.0
gw39,2021-04-04,2021-04-04 08:00:00,,,3,0,0.0
gw39,2021-04-04,2021-04-04 11:00:00,0.0,0.0,1,1,1.0
gw57,2021-03-05,2021-03-05 11:00:00,,,2,0,0.0
gw57,2021-03-05,2021-03-05 12:00:00,,,9,0,0.0
gw57,2021-03-07,2021-03-07 22:00:00,20.0,20.0,1,1,1.0
gw57,2021-03-08,2021-03-08 00:00:00,,,1,0,0.0
gw57,2021-03-08,2021-03-08 01:00:00,,,5,0,0.0
gw57,2021-03-08,2021-03-08 02:00:00,,,1,0,0.0
gw57,2021-03-08,2021-03-08 03:00:00,,,4,0,0.0
gw57,2021-03-08,2021-03-08 04:00:00,,,3,0,0.0
gw57,2021-03-08,2021-03-08 05:00:00,,,5,0,0.0
gw57,2021-03-08,2021-03-08 06:00:00,0.0,0.0,5,2,0.4
gw57,2021-03-08,2021-03-08 07:00:00,0.0,0.0,6,1,0.16666666666666666
gw57,2021-03-08,2021-03-08 08:00:00,,,4,0,0.0
gw57,2021-03-08,2021-03-08 09:00:00,0.0,0.0,1,1,1.0
gw57,2021-03-08,2021-03-08 10:00:00,,,2,0,0.0
gw57,2021-03-08,2021-03-08 12:00:00,,,1,0,0.0
gw57,2021-03-08,2021-03-08 13:00:00,,,2,0,0.0
gw57,2021-03-09,2021-03-09 00:00:00,,,2,0,0.0
gw57,2021-03-09,2021-03-09 01:00:00,,,1,0,0.0
gw57,2021-03-09,2021-03-09 02:00:00,,,1,0,0.0
gw57,2021-03-09,2021-03-09 03:00:00,,,3,0,0.0
gw57,2021-03-09,2021-03-09 14:00:00,,,3,0,0.0
gw57,2021-03-09,2021-03-09 15:00:00,,,8,0,0.0
gw57,2021-03-09,2021-03-09 16:00:00,,,2,0,0.0
gw57,2021-03-10,2021-03-10 00:00:00,,,1,0,0.0
gw57,2021-03-10,2021-03-10 02:00:00,,,2,0,0.0
gw57,2021-03-10,2021-03-10 03:00:00,,,1,0,0.0
gw57,2021-03-10,2021-03-10 06:00:00,,,2,0,0.0
gw57,2021-03-10,2021-03-10 07:00:00,,,2,0,0.0
gw57,2021-03-10,2021-03-10 13:00:00,386.75,330.0,2,2,1.0
gw57,2021-03-10,2021-03-10 14:00:00,,,3,0,0.0
gw57,2021-03-11,2021-03-11 02:00:00,,,1,0,0.0
gw57,2021-03-11,2021-03-11 03:00:00,,,1,0,0.0
gw57,2021-03-11,2021-03-11 08:00:00,,,1,0,0.0
gw57,2021-03-11,2021-03-11 09:00:00,,,3,0,0.0
gw57,2021-03-11,2021-03-11 10:00:00,,,1,0,0.0
gw57,2021-03-11,2021-03-11 14:00:00,,,1,0,0.0
gw57,2021-03-12,2021-03-12 00:00:00,,,1,0,0.0
gw57,2021-03-12,2021-03-12 04:00:00,,,1,0,0.0
gw57,2021-03-12,2021-03-12 11:00:00,,,1,0,0.0
gw57,2021-03-12,2021-03-12 14:00:00,,,1,0,0.0
gw57,2021-03-12,2021-03-12 15:00:00,,,5,0,0.0
gw57,2021-03-13,2021-03-13 03:00:00,,,2,0,0.0
gw57,2021-03-13,2021-03-13 05:00:00,,,3,0,0.0
gw57,2021-03-13,2021-03-13 14:00:00,,,1,0,0.0
gw57,2021-03-13,2021-03-13 15:00:00,,,4,0,0.0
gw57,2021-03-14,2021-03-14 06:00:00,,,2,0,0.0
gw57,2021-03-14,2021-03-14 08:00:00,,,1,0,0.0
gw57,2021-03-14,2021-03-14 10:00:00,,,3,0,0.0
gw57,2021-03-14,2021-03-14 11:00:00,,,3,0,0.0
gw57,2021-03-14,2021-03-14 14:00:00,,,5,0,0.0
gw57,2021-03-14,2021-03-14 23:00:00,,,1,0,0.0
gw57,2021-03-15,2021-03-15 00:00:00,,,1,0,0.0
gw57,2021-03-15,2021-03-15 02:00:00,,,1,0,0.0
gw57,2021-03-15,2021-03-15 04:00:00,,,3,0,0.0
gw57,2021-03-15,2021-03-15 05:00:00,,,1,0,0.0
gw57,2021-03-15,2021-03-15 10:00:00,,,1,0,0.0
gw57,2021-03-15,2021-03-15 13:00:00,,,3,0,0.0
gw57,2021-03-15,2021-03-15 14:00:00,,,5,0,0.0
gw57,2021-03-15,2021-03-15 15:00:00,,,9,0,0.0
gw57,2021-03-15,2021-03-15 16:00:00,,,2,0,0.0
gw57,2021-03-16,2021-03-16 00:00:00,,,1,0,0.0
gw57,2021-03-16,2021-03-16 15:00:00,,,9,0,0.0
gw57,2021-03-16,2021-03-16 16:00:00,,,1,0,0.0
gw57,2021-03-17,2021-03-17 05:00:00,,,1,0,0.0
gw57,2021-03-17,2021-03-17 06:00:00,,,5,0,0.0
gw57,2021-03-17,2021-03-17 07:00:00,,,5,0,0.0
gw57,2021-03-17,2021-03-17 08:00:00,,,2,0,0.0
gw57,2021-03-17,2021-03-17 09:00:00,,,1,0,0.0
gw57,2021-03-17,2021-03-17 12:00:00,,,2,0,0.0
gw57,2021-03-17,2021-03-17 13:00:00,,,1,0,0.0
gw57,2021-03-18,2021-03-18 00:00:00,,,1,0,0.0
gw57,2021-03-18,2021-03-18 02:00:00,,,1,0,0.0
gw57,2021-03-18,2021-03-18 06:00:00,,,2,0,0.0
gw57,2021-03-18,2021-03-18 11:00:00,,,1,0,0.0
gw57,2021-03-18,2021-03-18 12:00:00,,,1,0,0.0
gw57,2021-03-18,2021-03-18 13:00:00,,,2,0,0.0
gw57,2021-03-18,2021-03-18 14:00:00,,,2,0,0.0
gw57,2021-03-19,2021-03-19 06:00:00,,,1,0,0.0
gw57,2021-03-19,2021-03-19 14:00:00,0.0,0.0,3,1,0.3333333333333333
gw57,2021-03-19,2021-03-19 15:00:00,,,4,0,0.0
gw57,2021-03-20,2021-03-20 00:00:00,,,1,0,0.0
gw57,2021-03-20,2021-03-20 01:00:00,,,5,0,0.0
gw57,2021-03-20,2021-03-20 02:00:00,,,2,0,0.0
gw57,2021-03-20,2021-03-20 11:00:00,,,4,0,0.0
gw57,2021-03-20,2021-03-20 13:00:00,,,1,0,0.0
gw57,2021-03-20,2021-03-20 14:00:00,,,5,0,0.0
gw57,2021-03-20,2021-03-20 15:00:00,,,2,0,0.0
gw57,2021-03-21,2021-03-21 05:00:00,,,1,0,0.0
gw57,2021-03-21,2021-03-21 07:00:00,,,3,0,0.0
gw57,2021-03-21,2021-03-21 11:00:00,,,1,0,0.0
gw57,2021-03-21,2021-03-21 13:00:00,,,2,0,0.0
gw57,2021-03-21,2021-03-21 14:00:00,,,4,0,0.0
gw57,2021-03-22,2021-03-22 10:00:00,0.0,0.0,3,2,0.6666666666666666
gw57,2021-03-22,2021-03-22 11:00:00,,,1,0,0.0
gw57,2021-03-22,2021-03-22 14:00:00,,,7,0,0.0
gw57,2021-03-22,2021-03-22 15:00:00,,,4,0,0.0
gw57,2021-03-23,2021-03-23 08:00:00,,,3,0,0.0
gw57,2021-03-23,2021-03-23 10:00:00,,,2,0,0.0
gw57,2021-03-23,2021-03-23 13:00:00,,,1,0,0.0
gw57,2021-03-24,2021-03-24 10:00:00,,,1,0,0.0
gw57,2021-03-24,2021-03-24 14:00:00,0.0,0.0,1,1,1.0
gw57,2021-03-25,2021-03-25 11:00:00,,,1,0,0.0
gw57,2021-03-25,2021-03-25 13:00:00,,,6,0,0.0
gw57,2021-03-25,2021-03-25 14:00:00,,,4,0,0.0
gw57,2021-03-26,2021-03-26 02:00:00,0.0,0.0,3,1,0.3333333333333333
gw57,2021-03-26,2021-03-26 05:00:00,8.25,8.25,6,1,0.16666666666666666
gw57,2021-03-26,2021-03-26 07:00:00,,,1,0,0.0
gw57,2021-03-26,2021-03-26 11:00:00,399.0,399.0,1,1,1.0
gw57,2021-03-26,2021-03-26 13:00:00,1.375,1.375,1,1,1.0
gw57,2021-03-26,2021-03-26 14:00:00,,,1,0,0.0
gw57,2021-03-26,2021-03-26 15:00:00,,,1,0,0.0
gw57,2021-03-27,2021-03-27 09:00:00,,,2,0,0.0
gw57,2021-03-27,2021-03-27 10:00:00,,,1,0,0.0
gw57,2021-03-27,2021-03-27 11:00:00,,,6,0,0.0
gw57,2021-03-27,2021-03-27 12:00:00,,,12,0,0.0
gw57,2021-03-27,2021-03-27 13:00:00,0.0,0.0,8,1,0.125
gw57,2021-03-28,2021-03-28 05:00:00,,,3,0,0.0
gw57,2021-03-28,2021-03-28 06:00:00,,,10,0,0.0
gw57,2021-03-28,2021-03-28 07:00:00,,,5,0,0.0
gw57,2021-03-28,2021-03-28 12:00:00,,,2,0,0.0
gw57,2021-03-29,2021-03-29 12:00:00,,,1,0,0.0
gw57,2021-03-29,2021-03-29 13:00:00,,,2,0,0.0
gw57,2021-03-29,2021-03-29 14:00:00,,,1,0,0.0
gw57,2021-03-30,2021-03-30 14:00:00,,,1,0,0.0
gw57,2021-03-31,2021-03-31 03:00:00,,,2,0,0.0
gw57,2021-03-31,2021-03-31 12:00:00,,,2,0,0.0
gw57,2021-03-31,2021-03-31 14:00:00,,,1,0,0.0
gw57,2021-03-31,2021-03-31 15:00:00,,,1,0,0.0
gw57,2021-04-01,2021-04-01 06:00:00,6.0,6.0,3,1,0.3333333333333333
gw57,2021-04-01,2021-04-01 12:00:00,,,3,0,0.0
gw57,2021-04-01,2021-04-01 13:00:00,,,1,0,0.0
gw57,2021-04-02,2021-04-02 00:00:00,,,3,0,0.0
gw57,2021-04-02,2021-04-02 01:00:00,0.0,0.0,1,1,1.0
gw57,2021-04-02,2021-04-02 02:00:00,0.0,0.0,2,1,0.5
gw57,2021-04-02,2021-04-02 04:00:00,,,1,0,0.0
gw57,2021-04-02,2021-04-02 05:00:00,,,3,0,0.0
gw57,2021-04-02,2021-04-02 11:00:00,,,2,0,0.0
gw57,2021-04-02,2021-04-02 12:00:00,,,1,0,0.0
gw57,2021-04-03,2021-04-03 04:00:00,6.0,6.0,2,1,0.5
gw57,2021-04-03,2021-04-03 05:00:00,,,4,0,0.0
gw57,2021-04-03,2021-04-03 09:00:00,,,7,0,0.0
gw57,2021-04-03,2021-04-03 10:00:00,0.0,0.0,2,1,0.5
gw57,2021-04-03,2021-04-03 13:00:00,,,2,0,0.0
gw57,2021-04-04,2021-04-04 05:00:00,,,1,0,0.0
gw57,2021-04-04,2021-04-04 06:00:00,,,1,0,0.0
gw57,2021-04-04,2021-04-04 07:00:00,,,3,0,0.0
gw57,2021-04-04,2021-04-04 08:00:00,,,3,0,0.0
gw57,2021-04-04,2021-04-04 09:00:00,,,3,0,0.0
gw57,2021-04-04,2021-04-04 10:00:00,,,3,0,0.0
gw57,2021-04-04,2021-04-04 12:00:00,,,1,0,0.0
gw57,2021-04-04,2021-04-04 14:00:00,,,3,0,0.0
hk52,2021-03-05,2021-03-05 05:00:00,,,8,0,0.0
hk52,2021-03-08,2021-03-08 00:00:00,,,5,0,0.0
hk52,2021-03-08,2021-03-08 01:00:00,,,5,0,0.0
hk52,2021-03-08,2021-03-08 02:00:00,0.0,0.0,7,1,0.14285714285714285
hk52,2021-03-08,2021-03-08 03:00:00,0.0,0.0,2,1,0.5
hk52,2021-03-08,2021-03-08 04:00:00,40.75,40.75,9,1,0.1111111111111111
hk52,2021-03-08,2021-03-08 05:00:00,,,4,0,0.0
hk52,2021-03-08,2021-03-08 06:00:00,,,6,0,0.0
hk52,2021-03-08,2021-03-08 08:00:00,,,2,0,0.0
hk52,2021-03-08,2021-03-08 13:00:00,,,5,0,0.0
hk52,2021-03-08,2021-03-08 14:00:00,,,2,0,0.0
hk52,2021-03-09,2021-03-09 00:00:00,10.0,10.0,2,1,0.5
hk52,2021-03-09,2021-03-09 01:00:00,0.0,0.0,1,1,1.0
hk52,2021-03-09,2021-03-09 02:00:00,,,4,0,0.0
hk52,2021-03-09,2021-03-09 04:00:00,,,2,0,0.0
hk52,2021-03-09,2021-03-09 13:00:00,,,6,0,0.0
hk52,2021-03-10,2021-03-10 05:00:00,,,1,0,0.0
hk52,2021-03-10,2021-03-10 06:00:00,5.25,5.25,4,1,0.25
hk52,2021-03-10,2021-03-10 07:00:00,0.0,0.0,2,1,0.5
hk52,2021-03-10,2021-03-10 08:00:00,,,1,0,0.0
hk52,2021-03-10,2021-03-10 23:00:00,,,1,0,0.0
hk52,2021-03-11,2021-03-11 00:00:00,,,2,0,0.0
hk52,2021-03-11,2021-03-11 04:00:00,,,4,0,0.0
hk52,2021-03-11,2021-03-11 07:00:00,,,1,0,0.0
hk52,2021-03-11,2021-03-11 08:00:00,,,1,0,0.0
hk52,2021-03-11,2021-03-11 10:00:00,,,1,0,0.0
hk52,2021-03-11,2021-03-11 11:00:00,,,1,0,0.0
hk52,2021-03-11,2021-03-11 12:00:00,,,4,0,0.0
hk52,2021-03-11,2021-03-11 13:00:00,,,3,0,0.0
hk52,2021-03-12,2021-03-12 02:00:00,,,1,0,0.0
hk52,2021-03-12,2021-03-12 04:00:00,0.0,0.0,2,1,0.5
hk52,2021-03-12,2021-03-12 05:00:00,,,8,0,0.0
hk52,2021-03-12,2021-03-12 06:00:00,,,1,0,0.0
hk52,2021-03-12,2021-03-12 07:00:00,,,1,0,0.0
hk52,2021-03-12,2021-03-12 14:00:00,,,1,0,0.0
hk52,2021-03-13,2021-03-13 07:00:00,,,2,0,0.0
hk52,2021-03-13,2021-03-13 08:00:00,,,1,0,0.0
hk52,2021-03-13,2021-03-13 12:00:00,0.0,0.0,2,1,0.5
hk52,2021-03-14,2021-03-14 02:00:00,,,1,0,0.0
hk52,2021-03-14,2021-03-14 03:00:00,,,5,0,0.0
hk52,2021-03-14,2021-03-14 04:00:00,,,3,0,0.0
hk52,2021-03-14,2021-03-14 05:00:00,,,4,0,0.0
hk52,2021-03-14,2021-03-14 06:00:00,,,10,0,0.0
hk52,2021-03-14,2021-03-14 07:00:00,13.0,13.0,8,2,0.25
hk52,2021-03-14,2021-03-14 08:00:00,,,2,0,0.0
hk52,2021-03-14,2021-03-14 09:00:00,,,4,0,0.0
hk52,2021-03-14,2021-03-14 10:00:00,,,3,0,0.0
hk52,2021-03-14,2021-03-14 11:00:00,5.0,5.0,8,1,0.125
hk52,2021-03-14,2021-03-14 12:00:00,,,7,0,0.0
hk52,2021-03-15,2021-03-15 11:00:00,1.0,1.0,2,1,0.5
hk52,2021-03-15,2021-03-15 23:00:00,19.75,15.75,2,2,1.0
hk52,2021-03-16,2021-03-16 00:00:00,0.0,0.0,4,1,0.25
hk52,2021-03-16,2021-03-16 01:00:00,0.0,0.0,10,3,0.3
hk52,2021-03-16,2021-03-16 04:00:00,,,2,0,0.0
hk52,2021-03-16,2021-03-16 05:00:00,,,5,0,0.0
hk52,2021-03-16,2021-03-16 06:00:00,,,2,0,0.0
hk52,2021-03-16,2021-03-16 07:00:00,,,1,0,0.0
hk52,2021-03-16,2021-03-16 09:00:00,,,1,0,0.0
hk52,2021-03-16,2021-03-16 11:00:00,,,1,0,0.0
hk52,2021-03-17,2021-03-17 00:00:00,,,2,0,0.0
hk52,2021-03-17,2021-03-17 01:00:00,,,3,0,0.0
hk52,2021-03-17,2021-03-17 02:00:00,0.0,0.0,1,1,1.0
hk52,2021-03-17,2021-03-17 03:00:00,,,2,0,0.0
hk52,2021-03-17,2021-03-17 04:00:00,5.0,5.0,8,2,0.25
hk52,2021-03-17,2021-03-17 05:00:00,,,4,0,0.0
hk52,2021-03-17,2021-03-17 06:00:00,,,3,0,0.0
hk52,2021-03-17,2021-03-17 07:00:00,0.0,0.0,9,1,0.1111111111111111
hk52,2021-03-17,2021-03-17 08:00:00,,,7,0,0.0
hk52,2021-03-17,2021-03-17 10:00:00,,,1,0,0.0
hk52,2021-03-17,2021-03-17 11:00:00,,,4,0,0.0
hk52,2021-03-17,2021-03-17 12:00:00,,,1,0,0.0
hk52,2021-03-17,2021-03-17 13:00:00,,,7,0,0.0
hk52,2021-03-18,2021-03-18 01:00:00,,,3,0,0.0
hk52,2021-03-18,2021-03-18 02:00:00,,,5,0,0.0
hk52,2021-03-19,2021-03-19 01:00:00,,,4,0,0.0
hk52,2021-03-19,2021-03-19 02:00:00,1.0,1.0,2,1,0.5
hk52,2021-03-19,2021-03-19 03:00:00,67.5,67.5,3,1,0.3333333333333333
hk52,2021-03-19,2021-03-19 04:00:00,0.0,0.0,7,1,0.14285714285714285
hk52,2021-03-19,2021-03-19 05:00:00,23.0,23.0,9,1,0.1111111111111111
hk52,2021-03-19,2021-03-19 06:00:00,,,10,0,0.0
hk52,2021-03-19,2021-03-19 07:00:00,,,10,0,0.0
hk52,2021-03-19,2021-03-19 08:00:00,,,2,0,0.0
hk52,2021-03-19,2021-03-19 09:00:00,0.0,0.0,3,1,0.3333333333333333
hk52,2021-03-19,2021-03-19 10:00:00,,,2,0,0.0
hk52,2021-03-19,2021-03-19 11:00:00,,,6,0,0.0
hk52,2021-03-19,2021-03-19 12:00:00,,,4,0,0.0
hk52,2021-03-19,2021-03-19 13:00:00,,,7,0,0.0
hk52,2021-03-20,2021-03-20 01:00:00,,,6,0,0.0
hk52,2021-03-20,2021-03-20 02:00:00,1.0,1.0,4,2,0.5
hk52,2021-03-20,2021-03-20 03:00:00,,,6,0,0.0
hk52,2021-03-20,2021-03-20 04:00:00,0.0,0.0,4,2,0.5
hk52,2021-03-20,2021-03-20 05:00:00,,,4,0,0.0
hk52,2021-03-20,2021-03-20 06:00:00,,,7,0,0.0
hk52,2021-03-20,2021-03-20 07:00:00,,,12,0,0.0
hk52,2021-03-20,2021-03-20 08:00:00,,,8,0,0.0
hk52,2021-03-20,2021-03-20 09:00:00,0.0,0.0,5,2,0.4
hk52,2021-03-20,2021-03-20 10:00:00,4.0,4.0,2,1,0.5
hk52,2021-03-20,2021-03-20 11:00:00,,,4,0,0.0
hk52,2021-03-21,2021-03-21 02:00:00,,,1,0,0.0
hk52,2021-03-21,2021-03-21 03:00:00,102.5,97.0,8,2,0.25
hk52,2021-03-21,2021-03-21 05:00:00,,,2,0,0.0
hk52,2021-03-21,2021-03-21 06:00:00,,,1,0,0.0
hk52,2021-03-21,2021-03-21 07:00:00,,,9,0,0.0
hk52,2021-03-21,2021-03-21 08:00:00,0.0,0.0,3,1,0.3333333333333333
hk52,2021-03-21,2021-03-21 09:00:00,6.5,6.5,7,2,0.2857142857142857
hk52,2021-03-21,2021-03-21 10:00:00,,,4,0,0.0
hk52,2021-03-21,2021-03-21 11:00:00,,,3,0,0.0
hk52,2021-03-22,2021-03-22 00:00:00,,,3,0,0.0
hk52,2021-03-22,2021-03-22 01:00:00,,,2,0,0.0
hk52,2021-03-22,2021-03-22 02:00:00,,,1,0,0.0
hk52,2021-03-22,2021-03-22 03:00:00,,,2,0,0.0
hk52,2021-03-22,2021-03-22 04:00:00,7.0,7.0,2,1,0.5
hk52,2021-03-22,2021-03-22 05:00:00,6.5,6.5,2,1,0.5
hk52,2021-03-22,2021-03-22 06:00:00,,,3,0,0.0
hk52,2021-03-22,2021-03-22 07:00:00,,,3,0,0.0
hk52,2021-03-22,2021-03-22 08:00:00,0.0,0.0,3,1,0.3333333333333333
hk52,2021-03-22,2021-03-22 10:00:00,0.0,0.0,2,1,0.5
hk52,2021-03-22,2021-03-22 12:00:00,0.0,0.0,2,1,0.5
hk52,2021-03-22,2021-03-22 14:00:00,,,1,0,0.0
hk52,2021-03-22,2021-03-22 15:00:00,,,2,0,0.0
hk52,2021-03-23,2021-03-23 00:00:00,6.0,6.0,6,2,0.3333333333333333
hk52,2021-03-23,2021-03-23 01:00:00,1.5,1.5,10,1,0.1
hk52,2021-03-23,2021-03-23 02:00:00,1.3333333333333333,1.3333333333333333,8,1,0.125
hk52,2021-03-23,2021-03-23 03:00:00,2.75,2.75,7,1,0.14285714285714285
hk52,2021-03-23,2021-03-23 04:00:00,,,11,0,0.0
hk52,2021-03-23,2021-03-23 05:00:00,,,11,0,0.0
hk52,2021-03-23,2021-03-23 06:00:00,,,11,0,0.0
hk52,2021-03-23,2021-03-23 07:00:00,,,4,0,0.0
hk52,2021-03-23,2021-03-23 08:00:00,,,3,0,0.0
hk52,2021-03-23,2021-03-23 10:00:00,,,4,0,0.0
hk52,2021-03-23,2021-03-23 11:00:00,,,4,0,0.0
hk52,2021-03-23,2021-03-23 12:00:00,,,4,0,0.0
hk52,2021-03-23,2021-03-23 13:00:00,,,4,0,0.0
hk52,2021-03-24,2021-03-24 01:00:00,0.0,0.0,7,1,0.14285714285714285
hk52,2021-03-24,2021-03-24 02:00:00,,,6,0,0.0
hk52,2021-03-24,2021-03-24 03:00:00,1.5,1.5,2,2,1.0
hk52,2021-03-24,2021-03-24 04:00:00,,,5,0,0.0
hk52,2021-03-24,2021-03-24 05:00:00,,,7,0,0.0
hk52,2021-03-24,2021-03-24 06:00:00,,,5,0,0.0
hk52,2021-03-24,2021-03-24 07:00:00,,,2,0,0.0
hk52,2021-03-24,2021-03-24 11:00:00,,,1,0,0.0
hk52,2021-03-25,2021-03-25 00:00:00,,,1,0,0.0
hk52,2021-03-25,2021-03-25 01:00:00,112.5,112.5,5,1,0.2
hk52,2021-03-25,2021-03-25 02:00:00,,,3,0,0.0
hk52,2021-03-25,2021-03-25 03:00:00,,,1,0,0.0
hk52,2021-03-25,2021-03-25 04:00:00,,,1,0,0.0
hk52,2021-03-25,2021-03-25 05:00:00,,,2,0,0.0
hk52,2021-03-25,2021-03-25 06:00:00,,,7,0,0.0
hk52,2021-03-25,2021-03-25 07:00:00,,,5,0,0.0
hk52,2021-03-25,2021-03-25 09:00:00,,,1,0,0.0
hk52,2021-03-25,2021-03-25 11:00:00,,,3,0,0.0
hk52,2021-03-26,2021-03-26 00:00:00,0.0,0.0,1,1,1.0
hk52,2021-03-26,2021-03-26 01:00:00,,,1,0,0.0
hk52,2021-03-26,2021-03-26 02:00:00,,,2,0,0.0
hk52,2021-03-26,2021-03-26 03:00:00,,,2,0,0.0
hk52,2021-03-26,2021-03-26 04:00:00,,,5,0,0.0
hk52,2021-03-26,2021-03-26 05:00:00,,,6,0,0.0
hk52,2021-03-26,2021-03-26 06:00:00,,,2,0,0.0
hk52,2021-03-26,2021-03-26 07:00:00,,,3,0,0.0
hk52,2021-03-26,2021-03-26 08:00:00,,,2,0,0.0
hk52,2021-03-26,2021-03-26 10:00:00,,,2,0,0.0
hk52,2021-03-26,2021-03-26 11:00:00,,,1,0,0.0
hk52,2021-03-27,2021-03-27 01:00:00,,,4,0,0.0
hk52,2021-03-27,2021-03-27 02:00:00,,,7,0,0.0
hk52,2021-03-27,2021-03-27 03:00:00,,,9,0,0.0
hk52,2021-03-27,2021-03-27 04:00:00,,,9,0,0.0
hk52,2021-03-27,2021-03-27 05:00:00,,,1,0,0.0
hk52,2021-03-27,2021-03-27 06:00:00,,,3,0,0.0
hk52,2021-03-27,2021-03-27 07:00:00,,,6,0,0.0
hk52,2021-03-27,2021-03-27 09:00:00,0.0,0.0,2,2,1.0
hk52,2021-03-27,2021-03-27 10:00:00,,,4,0,0.0
hk52,2021-03-28,2021-03-28 02:00:00,10.0,10.0,1,1,1.0
hk52,2021-03-28,2021-03-28 03:00:00,,,9,0,0.0
hk52,2021-03-28,2021-03-28 04:00:00,5.75,5.75,12,1,0.08333333333333333
hk52,2021-03-28,2021-03-28 05:00:00,1.5,1.5,10,1,0.1
hk52,2021-03-28,2021-03-28 06:00:00,,,7,0,0.0
hk52,2021-03-28,2021-03-28 07:00:00,,,2,0,0.0
hk52,2021-03-28,2021-03-28 10:00:00,,,1,0,0.0
hk52,2021-03-28,2021-03-28 11:00:00,,,2,0,0.0
hk52,2021-03-28,2021-03-28 12:00:00,,,3,0,0.0
hk52,2021-03-29,2021-03-29 01:00:00,,,3,0,0.0
hk52,2021-03-29,2021-03-29 02:00:00,,,3,0,0.0
hk52,2021-03-29,2021-03-29 04:00:00,,,10,0,0.0
hk52,2021-03-29,2021-03-29 05:00:00,,,9,0,0.0
hk52,2021-03-29,2021-03-29 06:00:00,,,6,0,0.0
hk52,2021-03-29,2021-03-29 09:00:00,,,5,0,0.0
hk52,2021-03-29,2021-03-29 10:00:00,,,1,0,0.0
hk52,2021-03-29,2021-03-29 11:00:00,5.0,5.0,3,1,0.3333333333333333
hk52,2021-03-29,2021-03-29 12:00:00,,,2,0,0.0
hk52,2021-03-30,2021-03-30 01:00:00,3.6666666666666665,3.6666666666666665,6,2,0.3333333333333333
hk52,2021-03-30,2021-03-30 02:00:00,,,6,0,0.0
hk52,2021-03-30,2021-03-30 04:00:00,10.571428571428571,10.571428571428571,8,1,0.125
hk52,2021-03-30,2021-03-30 05:00:00,0.0,0.0,8,1,0.125
hk52,2021-03-30,2021-03-30 06:00:00,5.833333333333333,3.333333333333333,5,2,0.4
hk52,2021-03-30,2021-03-30 07:00:00,0.0,0.0,6,1,0.16666666666666666
hk52,2021-03-30,2021-03-30 08:00:00,3.5,3.5,3,1,0.3333333333333333
hk52,2021-03-30,2021-03-30 09:00:00,0.0,0.0,1,1,1.0
hk52,2021-03-30,2021-03-30 10:00:00,0.0,0.0,1,1,1.0
hk52,2021-03-30,2021-03-30 23:00:00,8.0,8.0,1,1,1.0
hk52,2021-03-31,2021-03-31 01:00:00,0.0,0.0,7,1,0.14285714285714285
hk52,2021-03-31,2021-03-31 02:00:00,,,3,0,0.0
hk52,2021-03-31,2021-03-31 03:00:00,0.0,0.0,2,2,1.0
hk52,2021-03-31,2021-03-31 05:00:00,,,8,0,0.0
hk52,2021-03-31,2021-03-31 06:00:00,,,3,0,0.0
hk52,2021-03-31,2021-03-31 11:00:00,,,3,0,0.0
hk52,2021-03-31,2021-03-31 12:00:00,,,5,0,0.0
hk52,2021-03-31,2021-03-31 23:00:00,0.0,0.0,4,1,0.25
hk52,2021-04-01,2021-04-01 00:00:00,,,4,0,0.0
hk52,2021-04-01,2021-04-01 02:00:00,,,4,0,0.0
hk52,2021-04-01,2021-04-01 03:00:00,,,3,0,0.0
hk52,2021-04-01,2021-04-01 04:00:00,0.5,0.5,6,1,0.16666666666666666
hk52,2021-04-01,2021-04-01 05:00:00,,,3,0,0.0
hk52,2021-04-01,2021-04-01 06:00:00,,,6,0,0.0
hk52,2021-04-01,2021-04-01 07:00:00,,,6,0,0.0
hk52,2021-04-01,2021-04-01 08:00:00,,,1,0,0.0
hk52,2021-04-01,2021-04-01 11:00:00,,,2,0,0.0
hk52,2021-04-01,2021-04-01 12:00:00,,,3,0,0.0
hk52,2021-04-01,2021-04-01 23:00:00,,,1,0,0.0
hk52,2021-04-02,2021-04-02 00:00:00,,,3,0,0.0
hk52,2021-04-02,2021-04-02 01:00:00,,,7,0,0.0
hk52,2021-04-02,2021-04-02 02:00:00,,,4,0,0.0
hk52,2021-04-02,2021-04-02 03:00:00,,,8,0,0.0
hk52,2021-04-02,2021-04-02 04:00:00,0.0,0.0,2,1,0.5
hk52,2021-04-02,2021-04-02 05:00:00,5.0,5.0,4,1,0.25
hk52,2021-04-02,2021-04-02 06:00:00,,,4,0,0.0
hk52,2021-04-02,2021-04-02 07:00:00,,,5,0,0.0
hk52,2021-04-02,2021-04-02 08:00:00,7.111111111111111,7.111111111111111,3,1,0.3333333333333333
hk52,2021-04-03,2021-04-03 01:00:00,,,1,0,0.0
hk52,2021-04-03,2021-04-03 02:00:00,,,8,0,0.0
hk52,2021-04-03,2021-04-03 03:00:00,,,9,0,0.0
hk52,2021-04-03,2021-04-03 04:00:00,1.0,1.0,4,1,0.25
hk52,2021-04-03,2021-04-03 05:00:00,,,2,0,0.0
hk52,2021-04-03,2021-04-03 06:00:00,,,2,0,0.0
hk52,2021-04-03,2021-04-03 07:00:00,0.0,0.0,1,1,1.0
hk52,2021-04-03,2021-04-03 08:00:00,,,1,0,0.0
hk52,2021-04-03,2021-04-03 09:00:00,,,2,0,0.0
hk52,2021-04-03,2021-04-03 11:00:00,,,3,0,0.0
hk52,2021-04-03,2021-04-03 12:00:00,4.0,4.0,4,1,0.25
hk52,2021-04-03,2021-04-03 13:00:00,,,1,0,0.0
hk52,2021-04-03,2021-04-03 15:00:00,,,1,0,0.0
hk52,2021-04-03,2021-04-03 16:00:00,5.833333333333333,5.833333333333333,5,2,0.4
hk52,2021-04-04,2021-04-04 03:00:00,0.0,0.0,4,3,0.75
hk52,2021-04-04,2021-04-04 05:00:00,,,2,0,0.0
hk52,2021-04-04,2021-04-04 06:00:00,,,4,0,0.0
hk52,2021-04-04,2021-04-04 07:00:00,0.0,0.0,7,1,0.14285714285714285
hk52,2021-04-04,2021-04-04 08:00:00,0.0,0.0,8,1,0.125
hk52,2021-04-04,2021-04-04 09:00:00,,,2,0,0.0
hk52,2021-04-04,2021-04-04 10:00:00,,,7,0,0.0
hk52,2021-04-04,2021-04-04 11:00:00,,,4,0,0.0
hp91,2021-03-04,2021-03-04 04:00:00,,,8,0,0.0
hp91,2021-03-04,2021-03-04 05:00:00,,,9,0,0.0
hp91,2021-03-04,2021-03-04 06:00:00,,,4,0,0.0
hp91,2021-03-04,2021-03-04 07:00:00,,,9,0,0.0
hp91,2021-03-04,2021-03-04 08:00:00,,,12,0,0.0
hp91,2021-03-04,2021-03-04 09:00:00,,,12,0,0.0
hp91,2021-03-04,2021-03-04 10:00:00,,,12,0,0.0
hp91,2021-03-04,2021-03-04 11:00:00,,,12,0,0.0
hp91,2021-03-04,2021-03-04 12:00:00,,,10,0,0.0
hp91,2021-03-04,2021-03-04 13:00:00,,,12,0,0.0
hp91,2021-03-04,2021-03-04 14:00:00,,,11,0,0.0
hp91,2021-03-04,2021-03-04 15:00:00,,,11,0,0.0
hp91,2021-03-04,2021-03-04 16:00:00,,,10,0,0.0
hp91,2021-03-04,2021-03-04 17:00:00,,,10,0,0.0
hp91,2021-03-04,2021-03-04 18:00:00,,,10,0,0.0
hp91,2021-03-04,2021-03-04 19:00:00,,,10,0,0.0
hp91,2021-03-04,2021-03-04 20:00:00,,,11,0,0.0
hp91,2021-03-04,2021-03-04 21:00:00,,,5,0,0.0
hp91,2021-03-08,2021-03-08 11:00:00,,,1,0,0.0
hp91,2021-03-08,2021-03-08 12:00:00,,,1,0,0.0
hp91,2021-03-08,2021-03-08 14:00:00,0.0,0.0,2,1,0.5
hp91,2021-03-08,2021-03-08 15:00:00,,,1,0,0.0
hp91,2021-03-09,2021-03-09 08:00:00,0.0,0.0,1,1,1.0
hp91,2021-03-09,2021-03-09 16:00:00,,,1,0,0.0
hp91,2021-03-10,2021-03-10 08:00:00,,,1,0,0.0
hp91,2021-03-10,2021-03-10 09:00:00,,,1,0,0.0
hp91,2021-03-10,2021-03-10 11:00:00,,,1,0,0.0
hp91,2021-03-11,2021-03-11 05:00:00,,,2,0,0.0
hp91,2021-03-11,2021-03-11 12:00:00,,,2,0,0.0
hp91,2021-03-12,2021-03-12 01:00:00,,,2,0,0.0
hp91,2021-03-12,2021-03-12 02:00:00,0.0,0.0,4,1,0.25
hp91,2021-03-12,2021-03-12 03:00:00,,,1,0,0.0
hp91,2021-03-12,2021-03-12 04:00:00,,,2,0,0.0
hp91,2021-03-12,2021-03-12 08:00:00,,,1,0,0.0
hp91,2021-03-12,2021-03-12 15:00:00,,,8,0,0.0
hp91,2021-03-12,2021-03-12 16:00:00,,,9,0,0.0
hp91,2021-03-12,2021-03-12 17:00:00,,,6,0,0.0
hp91,2021-03-13,2021-03-13 07:00:00,0.0,0.0,2,1,0.5
hp91,2021-03-14,2021-03-14 08:00:00,,,1,0,0.0
hp91,2021-03-15,2021-03-15 05:00:00,,,1,0,0.0
hp91,2021-03-15,2021-03-15 12:00:00,,,1,0,0.0
hp91,2021-03-15,2021-03-15 14:00:00,,,3,0,0.0
hp91,2021-03-15,2021-03-15 15:00:00,0.0,0.0,1,1,1.0
hp91,2021-03-16,2021-03-16 18:00:00,,,4,0,0.0
hp91,2021-03-16,2021-03-16 19:00:00,,,11,0,0.0
hp91,2021-03-16,2021-03-16 20:00:00,0.0,0.0,9,1,0.1111111111111111
hp91,2021-03-16,2021-03-16 21:00:00,0.0,0.0,7,1,0.14285714285714285
hp91,2021-03-16,2021-03-16 22:00:00,,,2,0,0.0
hp91,2021-03-16,2021-03-16 23:00:00,,,6,0,0.0
hp91,2021-03-17,2021-03-17 00:00:00,,,2,0,0.0
hp91,2021-03-17,2021-03-17 01:00:00,,,3,0,0.0
hp91,2021-03-17,2021-03-17 07:00:00,,,1,0,0.0
hp91,2021-03-17,2021-03-17 13:00:00,,,1,0,0.0
hp91,2021-03-18,2021-03-18 05:00:00,7.666666666666667,7.666666666666667,1,1,1.0
hp91,2021-03-19,2021-03-19 07:00:00,,,5,0,0.0
hp91,2021-03-19,2021-03-19 08:00:00,,,1,0,0.0
hp91,2021-03-19,2021-03-19 14:00:00,,,1,0,0.0
hp91,2021-03-21,2021-03-21 05:00:00,,,1,0,0.0
hp91,2021-03-21,2021-03-21 06:00:00,0.0,0.0,4,1,0.25
hp91,2021-03-22,2021-03-22 06:00:00,,,1,0,0.0
hp91,2021-03-22,2021-03-22 11:00:00,,,1,0,0.0
hp91,2021-03-22,2021-03-22 12:00:00,,,1,0,0.0
hp91,2021-03-22,2021-03-22 15:00:00,,,4,0,0.0
hp91,2021-03-22,2021-03-22 16:00:00,,,1,0,0.0
hp91,2021-03-23,2021-03-23 02:00:00,0.0,0.0,1,1,1.0
hp91,2021-03-23,2021-03-23 11:00:00,,,1,0,0.0
hp91,2021-03-23,2021-03-23 12:00:00,0.0,0.0,1,1,1.0
hp91,2021-03-23,2021-03-23 13:00:00,,,1,0,0.0
hp91,2021-03-23,2021-03-23 15:00:00,,,1,0,0.0
hp91,2021-03-24,2021-03-24 00:00:00,,,1,0,0.0
hp91,2021-03-24,2021-03-24 11:00:00,,,1,0,0.0
hp91,2021-03-24,2021-03-24 13:00:00,,,1,0,0.0
hp91,2021-03-24,2021-03-24 14:00:00,0.0,0.0,1,1,1.0
hp91,2021-03-24,2021-03-24 15:00:00,,,1,0,0.0
hp91,2021-03-25,2021-03-25 00:00:00,,,1,0,0.0
hp91,2021-03-25,2021-03-25 03:00:00,,,1,0,0.0
hp91,2021-03-25,2021-03-25 04:00:00,,,1,0,0.0
hp91,2021-03-25,2021-03-25 05:00:00,0.0,0.0,3,2,0.6666666666666666
hp91,2021-03-25,2021-03-25 10:00:00,,,2,0,0.0
hp91,2021-03-25,2021-03-25 11:00:00,,,2,0,0.0
hp91,2021-03-27,2021-03-27 04:00:00,0.0,0.0,1,1,1.0
hp91,2021-03-27,2021-03-27 07:00:00,,,1,0,0.0
hp91,2021-03-27,2021-03-27 13:00:00,,,1,0,0.0
hp91,2021-03-28,2021-03-28 16:00:00,,,2,0,0.0
hp91,2021-03-29,2021-03-29 03:00:00,,,2,0,0.0
hp91,2021-03-29,2021-03-29 04:00:00,,,1,0,0.0
hp91,2021-03-29,2021-03-29 12:00:00,0.0,0.0,3,1,0.3333333333333333
hp91,2021-03-29,2021-03-29 13:00:00,,,1,0,0.0
hp91,2021-03-30,2021-03-30 01:00:00,,,1,0,0.0
hp91,2021-03-30,2021-03-30 04:00:00,0.0,0.0,3,1,0.3333333333333333
hp91,2021-03-30,2021-03-30 05:00:00,,,2,0,0.0
hp91,2021-03-31,2021-03-31 02:00:00,,,4,0,0.0
hp91,2021-03-31,2021-03-31 03:00:00,,,1,0,0.0
hp91,2021-03-31,2021-03-31 05:00:00,,,1,0,0.0
hp91,2021-03-31,2021-03-31 06:00:00,,,3,0,0.0
hp91,2021-04-01,2021-04-01 01:00:00,,,1,0,0.0
hp91,2021-04-01,2021-04-01 02:00:00,,,2,0,0.0
hp91,2021-04-01,2021-04-01 06:00:00,9.48,9.48,1,1,1.0
hp91,2021-04-01,2021-04-01 10:00:00,,,1,0,0.0
hp91,2021-04-01,2021-04-01 11:00:00,0.0,0.0,2,1,0.5
hp91,2021-04-01,2021-04-01 12:00:00,0.0,0.0,2,1,0.5
hp91,2021-04-01,2021-04-01 15:00:00,0.0,0.0,2,1,0.5
hp91,2021-04-03,2021-04-03 08:00:00,0.0,0.0,1,1,1.0
hp91,2021-04-03,2021-04-03 14:00:00,,,1,0,0.0
it48,2021-03-05,2021-03-05 05:00:00,,,2,0,0.0
it48,2021-03-08,2021-03-08 01:00:00,,,1,0,0.0
it48,2021-03-08,2021-03-08 02:00:00,0.0,0.0,1,1,1.0
it48,2021-03-08,2021-03-08 03:00:00,0.0,0.0,1,1,1.0
it48,2021-03-08,2021-03-08 04:00:00,0.0,0.0,5,1,0.2
it48,2021-03-08,2021-03-08 05:00:00,0.0,0.0,3,2,0.6666666666666666
it48,2021-03-08,2021-03-08 06:00:00,4.666666666666667,4.666666666666667,1,1,1.0
it48,2021-03-08,2021-03-08 07:00:00,0.0,0.0,5,1,0.2
it48,2021-03-08,2021-03-08 08:00:00,,,1,0,0.0
it48,2021-03-08,2021-03-08 11:00:00,0.0,0.0,3,1,0.3333333333333333
it48,2021-03-08,2021-03-08 12:00:00,,,2,0,0.0
it48,2021-03-08,2021-03-08 13:00:00,0.0,0.0,4,2,0.5
it48,2021-03-08,2021-03-08 14:00:00,2.5,2.5,6,3,0.5
it48,2021-03-09,2021-03-09 00:00:00,0.0,0.0,1,1,1.0
it48,2021-03-09,2021-03-09 02:00:00,,,1,0,0.0
it48,2021-03-09,2021-03-09 05:00:00,0.0,0.0,2,1,0.5
it48,2021-03-09,2021-03-09 12:00:00,4.142857142857143,4.142857142857143,2,1,0.5
it48,2021-03-09,2021-03-09 13:00:00,,,1,0,0.0
it48,2021-03-09,2021-03-09 14:00:00,,,1,0,0.0
it48,2021-03-10,2021-03-10 06:00:00,,,1,0,0.0
it48,2021-03-10,2021-03-10 07:00:00,,,2,0,0.0
it48,2021-03-10,2021-03-10 12:00:00,,,1,0,0.0
it48,2021-03-10,2021-03-10 14:00:00,0.0,0.0,2,1,0.5
it48,2021-03-10,2021-03-10 15:00:00,2.5,2.5,4,3,0.75
it48,2021-03-10,2021-03-10 16:00:00,0.0,0.0,1,1,1.0
it48,2021-03-11,2021-03-11 01:00:00,0.0,0.0,5,1,0.2
it48,2021-03-11,2021-03-11 04:00:00,0.0,0.0,1,1,1.0
it48,2021-03-11,2021-03-11 05:00:00,,,1,0,0.0
it48,2021-03-11,2021-03-11 07:00:00,,,2,0,0.0
it48,2021-03-11,2021-03-11 08:00:00,,,4,0,0.0
it48,2021-03-11,2021-03-11 12:00:00,,,3,0,0.0
it48,2021-03-11,2021-03-11 13:00:00,0.0,0.0,3,1,0.3333333333333333
it48,2021-03-11,2021-03-11 14:00:00,,,3,0,0.0
it48,2021-03-12,2021-03-12 00:00:00,,,3,0,0.0
it48,2021-03-12,2021-03-12 01:00:00,,,1,0,0.0
it48,2021-03-12,2021-03-12 02:00:00,,,1,0,0.0
it48,2021-03-12,2021-03-12 03:00:00,0.0,0.0,1,1,1.0
it48,2021-03-12,2021-03-12 11:00:00,,,3,0,0.0
it48,2021-03-12,2021-03-12 12:00:00,,,1,0,0.0
it48,2021-03-12,2021-03-12 14:00:00,0.0,0.0,1,1,1.0
it48,2021-03-14,2021-03-14 06:00:00,0.0,0.0,7,5,0.7142857142857143
it48,2021-03-14,2021-03-14 07:00:00,0.0,0.0,4,1,0.25
it48,2021-03-14,2021-03-14 08:00:00,,,5,0,0.0
it48,2021-03-14,2021-03-14 09:00:00,,,5,0,0.0
it48,2021-03-14,2021-03-14 10:00:00,0.0,0.0,4,1,0.25
it48,2021-03-14,2021-03-14 11:00:00,0.0,0.0,7,3,0.42857142857142855
it48,2021-03-14,2021-03-14 12:00:00,0.0,0.0,7,3,0.42857142857142855
it48,2021-03-14,2021-03-14 13:00:00,0.0,0.0,5,1,0.2
it48,2021-03-15,2021-03-15 00:00:00,,,3,0,0.0
it48,2021-03-15,2021-03-15 01:00:00,,,3,0,0.0
it48,2021-03-15,2021-03-15 04:00:00,,,2,0,0.0
it48,2021-03-15,2021-03-15 05:00:00,0.0,0.0,1,1,1.0
it48,2021-03-15,2021-03-15 06:00:00,,,2,0,0.0
it48,2021-03-15,2021-03-15 11:00:00,,,4,0,0.0
it48,2021-03-15,2021-03-15 12:00:00,0.0,0.0,7,2,0.2857142857142857
it48,2021-03-15,2021-03-15 13:00:00,3.25,3.25,7,1,0.14285714285714285
it48,2021-03-15,2021-03-15 14:00:00,,,1,0,0.0
it48,2021-03-16,2021-03-16 03:00:00,,,1,0,0.0
it48,2021-03-16,2021-03-16 04:00:00,0.0,0.0,2,2,1.0
it48,2021-03-16,2021-03-16 05:00:00,,,2,0,0.0
it48,2021-03-16,2021-03-16 06:00:00,5.2,5.2,4,2,0.5
it48,2021-03-16,2021-03-16 07:00:00,0.0,0.0,7,1,0.14285714285714285
it48,2021-03-16,2021-03-16 08:00:00,,,1,0,0.0
it48,2021-03-16,2021-03-16 10:00:00,,,1,0,0.0
it48,2021-03-16,2021-03-16 11:00:00,4.0,4.0,2,1,0.5
it48,2021-03-16,2021-03-16 12:00:00,,,6,0,0.0
it48,2021-03-16,2021-03-16 13:00:00,,,1,0,0.0
it48,2021-03-17,2021-03-17 00:00:00,,,1,0,0.0
it48,2021-03-17,2021-03-17 06:00:00,,,1,0,0.0
it48,2021-03-17,2021-03-17 08:00:00,,,2,0,0.0
it48,2021-03-17,2021-03-17 09:00:00,0.0,0.0,9,1,0.1111111111111111
it48,2021-03-17,2021-03-17 11:00:00,0.0,0.0,1,1,1.0
it48,2021-03-17,2021-03-17 12:00:00,0.0,0.0,3,2,0.6666666666666666
it48,2021-03-17,2021-03-17 13:00:00,,,7,0,0.0
it48,2021-03-17,2021-03-17 14:00:00,,,1,0,0.0
it48,2021-03-18,2021-03-18 01:00:00,,,1,0,0.0
it48,2021-03-18,2021-03-18 02:00:00,,,2,0,0.0
it48,2021-03-18,2021-03-18 04:00:00,,,1,0,0.0
it48,2021-03-18,2021-03-18 05:00:00,,,2,0,0.0
it48,2021-03-18,2021-03-18 06:00:00,,,1,0,0.0
it48,2021-03-18,2021-03-18 07:00:00,0.0,0.0,1,1,1.0
it48,2021-03-18,2021-03-18 09:00:00,,,3,0,0.0
it48,2021-03-18,2021-03-18 10:00:00,,,2,0,0.0
it48,2021-03-18,2021-03-18 14:00:00,,,1,0,0.0
it48,2021-03-19,2021-03-19 00:00:00,,,1,0,0.0
it48,2021-03-19,2021-03-19 01:00:00,0.0,0.0,5,1,0.2
it48,2021-03-19,2021-03-19 02:00:00,,,1,0,0.0
it48,2021-03-19,2021-03-19 04:00:00,0.0,0.0,2,1,0.5
it48,2021-03-19,2021-03-19 05:00:00,0.0,0.0,3,1,0.3333333333333333
it48,2021-03-19,2021-03-19 06:00:00,,,1,0,0.0
it48,2021-03-19,2021-03-19 07:00:00,0.0,0.0,4,1,0.25
it48,2021-03-19,2021-03-19 08:00:00,,,2,0,0.0
it48,2021-03-19,2021-03-19 09:00:00,0.0,0.0,2,1,0.5
it48,2021-03-19,2021-03-19 13:00:00,0.0,0.0,4,1,0.25
it48,2021-03-19,2021-03-19 14:00:00,0.0,0.0,1,1,1.0
it48,2021-03-20,2021-03-20 02:00:00,,,6,0,0.0
it48,2021-03-20,2021-03-20 03:00:00,,,4,0,0.0
it48,2021-03-20,2021-03-20 04:00:00,,,4,0,0.0
it48,2021-03-20,2021-03-20 05:00:00,0.0,0.0,2,2,1.0
it48,2021-03-20,2021-03-20 06:00:00,,,2,0,0.0
it48,2021-03-20,2021-03-20 07:00:00,0.0,0.0,3,1,0.3333333333333333
it48,2021-03-20,2021-03-20 08:00:00,0.0,0.0,1,1,1.0
it48,2021-03-20,2021-03-20 09:00:00,0.0,0.0,2,2,1.0
it48,2021-03-20,2021-03-20 10:00:00,0.0,0.0,3,1,0.3333333333333333
it48,2021-03-20,2021-03-20 11:00:00,,,7,0,0.0
it48,2021-03-20,2021-03-20 12:00:00,0.0,0.0,5,1,0.2
it48,2021-03-21,2021-03-21 02:00:00,0.0,0.0,7,7,1.0
it48,2021-03-21,2021-03-21 03:00:00,0.0,0.0,3,1,0.3333333333333333
it48,2021-03-21,2021-03-21 05:00:00,2.0,2.0,7,6,0.8571428571428571
it48,2021-03-21,2021-03-21 06:00:00,0.0,0.0,5,4,0.8
it48,2021-03-21,2021-03-21 07:00:00,0.0,0.0,6,2,0.3333333333333333
it48,2021-03-21,2021-03-21 08:00:00,2.0,2.0,4,3,0.75
it48,2021-03-21,2021-03-21 09:00:00,0.0,0.0,6,2,0.3333333333333333
it48,2021-03-21,2021-03-21 10:00:00,,,7,0,0.0
it48,2021-03-21,2021-03-21 11:00:00,0.0,0.0,2,1,0.5
it48,2021-03-21,2021-03-21 12:00:00,0.0,0.0,3,2,0.6666666666666666
it48,2021-03-21,2021-03-21 13:00:00,0.0,0.0,5,3,0.6
it48,2021-03-21,2021-03-21 14:00:00,0.0,0.0,2,2,1.0
it48,2021-03-21,2021-03-21 15:00:00,0.0,0.0,4,1,0.25
it48,2021-03-21,2021-03-21 23:00:00,,,4,0,0.0
it48,2021-03-22,2021-03-22 00:00:00,,,1,0,0.0
it48,2021-03-22,2021-03-22 01:00:00,0.0,0.0,2,1,0.5
it48,2021-03-22,2021-03-22 02:00:00,0.0,0.0,2,2,1.0
it48,2021-03-22,2021-03-22 03:00:00,,,4,0,0.0
it48,2021-03-22,2021-03-22 04:00:00,,,2,0,0.0
it48,2021-03-22,2021-03-22 05:00:00,0.0,0.0,4,2,0.5
it48,2021-03-22,2021-03-22 07:00:00,,,4,0,0.0
it48,2021-03-22,2021-03-22 09:00:00,,,1,0,0.0
it48,2021-03-22,2021-03-22 11:00:00,0.0,0.0,2,2,1.0
it48,2021-03-22,2021-03-22 12:00:00,0.0,0.0,6,3,0.5
it48,2021-03-22,2021-03-22 13:00:00,,,1,0,0.0
it48,2021-03-23,2021-03-23 01:00:00,,,2,0,0.0
it48,2021-03-23,2021-03-23 02:00:00,,,1,0,0.0
it48,2021-03-23,2021-03-23 06:00:00,,,1,0,0.0
it48,2021-03-23,2021-03-23 12:00:00,8.5,6.0,5,3,0.6
it48,2021-03-23,2021-03-23 14:00:00,,,1,0,0.0
it48,2021-03-24,2021-03-24 00:00:00,,,1,0,0.0
it48,2021-03-24,2021-03-24 02:00:00,,,1,0,0.0
it48,2021-03-24,2021-03-24 03:00:00,,,1,0,0.0
it48,2021-03-24,2021-03-24 04:00:00,,,3,0,0.0
it48,2021-03-24,2021-03-24 06:00:00,0.0,0.0,2,1,0.5
it48,2021-03-24,2021-03-24 08:00:00,,,2,0,0.0
it48,2021-03-24,2021-03-24 09:00:00,,,3,0,0.0
it48,2021-03-24,2021-03-24 13:00:00,1.6666666666666667,1.6666666666666667,5,1,0.2
it48,2021-03-24,2021-03-24 15:00:00,0.0,0.0,7,4,0.5714285714285714
it48,2021-03-24,2021-03-24 16:00:00,,,3,0,0.0
it48,2021-03-25,2021-03-25 00:00:00,0.0,0.0,1,1,1.0
it48,2021-03-25,2021-03-25 01:00:00,,,1,0,0.0
it48,2021-03-25,2021-03-25 02:00:00,,,1,0,0.0
it48,2021-03-25,2021-03-25 03:00:00,,,7,0,0.0
it48,2021-03-25,2021-03-25 06:00:00,,,2,0,0.0
it48,2021-03-25,2021-03-25 11:00:00,,,2,0,0.0
it48,2021-03-25,2021-03-25 12:00:00,,,1,0,0.0
it48,2021-03-25,2021-03-25 14:00:00,,,5,0,0.0
it48,2021-03-26,2021-03-26 00:00:00,,,2,0,0.0
it48,2021-03-26,2021-03-26 02:00:00,6.777777777777778,6.777777777777778,1,1,1.0
it48,2021-03-26,2021-03-26 03:00:00,7.0,7.0,8,3,0.375
it48,2021-03-26,2021-03-26 04:00:00,0.0,0.0,4,2,0.5
it48,2021-03-26,2021-03-26 06:00:00,1.0,1.0,2,1,0.5
it48,2021-03-26,2021-03-26 09:00:00,,,3,0,0.0
it48,2021-03-26,2021-03-26 11:00:00,,,2,0,0.0
it48,2021-03-26,2021-03-26 12:00:00,,,2,0,0.0
it48,2021-03-26,2021-03-26 13:00:00,,,9,0,0.0
it48,2021-03-26,2021-03-26 14:00:00,,,4,0,0.0
it48,2021-03-27,2021-03-27 04:00:00,,,1,0,0.0
it48,2021-03-27,2021-03-27 08:00:00,,,1,0,0.0
it48,2021-03-27,2021-03-27 11:00:00,,,1,0,0.0
it48,2021-03-27,2021-03-27 13:00:00,0.0,0.0,2,2,1.0
it48,2021-03-27,2021-03-27 15:00:00,0.0,0.0,2,1,0.5
it48,2021-03-28,2021-03-28 05:00:00,,,1,0,0.0
it48,2021-03-28,2021-03-28 06:00:00,,,1,0,0.0
it48,2021-03-28,2021-03-28 07:00:00,0.0,0.0,1,1,1.0
it48,2021-03-28,2021-03-28 11:00:00,,,5,0,0.0
it48,2021-03-28,2021-03-28 12:00:00,,,2,0,0.0
it48,2021-03-29,2021-03-29 03:00:00,,,1,0,0.0
it48,2021-03-29,2021-03-29 04:00:00,0.0,0.0,1,1,1.0
it48,2021-03-29,2021-03-29 05:00:00,0.0,0.0,5,2,0.4
it48,2021-03-29,2021-03-29 06:00:00,,,3,0,0.0
it48,2021-03-29,2021-03-29 07:00:00,0.0,0.0,6,1,0.16666666666666666
it48,2021-03-29,2021-03-29 08:00:00,,,2,0,0.0
it48,2021-03-29,2021-03-29 12:00:00,,,6,0,0.0
it48,2021-03-29,2021-03-29 13:00:00,,,2,0,0.0
it48,2021-03-30,2021-03-30 01:00:00,,,3,0,0.0
it48,2021-03-30,2021-03-30 02:00:00,,,2,0,0.0
it48,2021-03-30,2021-03-30 03:00:00,0.0,0.0,5,1,0.2
it48,2021-03-30,2021-03-30 04:00:00,,,1,0,0.0
it48,2021-03-30,2021-03-30 05:00:00,0.0,0.0,4,3,0.75
it48,2021-03-30,2021-03-30 06:00:00,,,6,0,0.0
it48,2021-03-30,2021-03-30 07:00:00,0.0,0.0,3,3,1.0
it48,2021-03-30,2021-03-30 08:00:00,,,2,0,0.0
it48,2021-03-30,2021-03-30 09:00:00,,,1,0,0.0
it48,2021-03-30,2021-03-30 10:00:00,,,1,0,0.0
it48,2021-03-30,2021-03-30 12:00:00,0.0,0.0,3,1,0.3333333333333333
it48,2021-03-30,2021-03-30 14:00:00,,,1,0,0.0
it48,2021-03-31,2021-03-31 04:00:00,0.0,0.0,1,1,1.0
it48,2021-03-31,2021-03-31 07:00:00,0.0,0.0,2,2,1.0
it48,2021-04-01,2021-04-01 00:00:00,,,3,0,0.0
it48,2021-04-01,2021-04-01 01:00:00,0.0,0.0,4,1,0.25
it48,2021-04-01,2021-04-01 02:00:00,,,1,0,0.0
it48,2021-04-01,2021-04-01 04:00:00,,,1,0,0.0
it48,2021-04-01,2021-04-01 05:00:00,0.0,0.0,2,2,1.0
it48,2021-04-01,2021-04-01 06:00:00,,,1,0,0.0
it48,2021-04-01,2021-04-01 07:00:00,,,1,0,0.0
it48,2021-04-01,2021-04-01 09:00:00,15.5,15.5,5,2,0.4
it48,2021-04-02,2021-04-02 00:00:00,0.0,0.0,2,1,0.5
it48,2021-04-02,2021-04-02 01:00:00,0.0,0.0,1,1,1.0
it48,2021-04-02,2021-04-02 02:00:00,,,2,0,0.0
it48,2021-04-02,2021-04-02 04:00:00,,,1,0,0.0
it48,2021-04-02,2021-04-02 05:00:00,0.0,0.0,6,1,0.16666666666666666
it48,2021-04-02,2021-04-02 06:00:00,0.0,0.0,1,1,1.0
it48,2021-04-02,2021-04-02 07:00:00,0.0,0.0,1,1,1.0
it48,2021-04-03,2021-04-03 01:00:00,,,4,0,0.0
it48,2021-04-03,2021-04-03 10:00:00,,,5,0,0.0
it48,2021-04-03,2021-04-03 11:00:00,,,11,0,0.0
it48,2021-04-03,2021-04-03 12:00:00,,,2,0,0.0
it48,2021-04-04,2021-04-04 03:00:00,,,2,0,0.0
it48,2021-04-04,2021-04-04 04:00:00,,,3,0,0.0
it48,2021-04-04,2021-04-04 05:00:00,0.0,0.0,1,1,1.0
it48,2021-04-04,2021-04-04 07:00:00,26.666666666666668,26.666666666666668,1,1,1.0
ka67,2021-03-04,2021-03-04 07:00:00,,,1,0,0.0
ka67,2021-03-04,2021-03-04 08:00:00,,,2,0,0.0
ka67,2021-03-04,2021-03-04 09:00:00,,,3,0,0.0
ka67,2021-03-04,2021-03-04 10:00:00,,,7,0,0.0
ka67,2021-03-04,2021-03-04 11:00:00,,,10,0,0.0
ka67,2021-03-04,2021-03-04 12:00:00,,,5,0,0.0
ka67,2021-03-08,2021-03-08 02:00:00,0.0,0.0,5,1,0.2
ka67,2021-03-08,2021-03-08 06:00:00,0.0,0.0,2,2,1.0
ka67,2021-03-08,2021-03-08 08:00:00,0.0,0.0,5,2,0.4
ka67,2021-03-08,2021-03-08 09:00:00,0.0,0.0,3,2,0.6666666666666666
ka67,2021-03-08,2021-03-08 10:00:00,0.0,0.0,2,1,0.5
ka67,2021-03-08,2021-03-08 11:00:00,,,1,0,0.0
ka67,2021-03-08,2021-03-08 13:00:00,0.0,0.0,4,1,0.25
ka67,2021-03-08,2021-03-08 15:00:00,,,2,0,0.0
ka67,2021-03-08,2021-03-08 16:00:00,0.0,0.0,1,1,1.0
ka67,2021-03-09,2021-03-09 02:00:00,0.0,0.0,1,1,1.0
ka67,2021-03-09,2021-03-09 03:00:00,0.0,0.0,5,2,0.4
ka67,2021-03-09,2021-03-09 04:00:00,0.0,0.0,9,1,0.1111111111111111
ka67,2021-03-09,2021-03-09 06:00:00,,,6,0,0.0
ka67,2021-03-09,2021-03-09 07:00:00,,,10,0,0.0
ka67,2021-03-09,2021-03-09 12:00:00,,,1,0,0.0
ka67,2021-03-09,2021-03-09 14:00:00,,,1,0,0.0
ka67,2021-03-09,2021-03-09 16:00:00,,,1,0,0.0
ka67,2021-03-10,2021-03-10 03:00:00,,,3,0,0.0
ka67,2021-03-10,2021-03-10 06:00:00,,,2,0,0.0
ka67,2021-03-10,2021-03-10 08:00:00,,,6,0,0.0
ka67,2021-03-10,2021-03-10 09:00:00,0.0,0.0,1,1,1.0
ka67,2021-03-10,2021-03-10 10:00:00,,,3,0,0.0
ka67,2021-03-10,2021-03-10 11:00:00,,,5,0,0.0
ka67,2021-03-10,2021-03-10 12:00:00,,,2,0,0.0
ka67,2021-03-10,2021-03-10 15:00:00,,,2,0,0.0
ka67,2021-03-11,2021-03-11 02:00:00,41.0,41.0,2,1,0.5
ka67,2021-03-11,2021-03-11 03:00:00,,,6,0,0.0
ka67,2021-03-11,2021-03-11 04:00:00,,,3,0,0.0
ka67,2021-03-11,2021-03-11 06:00:00,,,1,0,0.0
ka67,2021-03-11,2021-03-11 14:00:00,,,3,0,0.0
ka67,2021-03-12,2021-03-12 07:00:00,,,4,0,0.0
ka67,2021-03-12,2021-03-12 08:00:00,,,3,0,0.0
ka67,2021-03-12,2021-03-12 09:00:00,,,3,0,0.0
ka67,2021-03-12,2021-03-12 11:00:00,,,6,0,0.0
ka67,2021-03-12,2021-03-12 12:00:00,,,7,0,0.0
ka67,2021-03-12,2021-03-12 14:00:00,,,4,0,0.0
ka67,2021-03-12,2021-03-12 15:00:00,,,4,0,0.0
ka67,2021-03-12,2021-03-12 16:00:00,,,1,0,0.0
ka67,2021-03-13,2021-03-13 03:00:00,,,4,0,0.0
ka67,2021-03-13,2021-03-13 05:00:00,,,1,0,0.0
ka67,2021-03-13,2021-03-13 06:00:00,,,2,0,0.0
ka67,2021-03-14,2021-03-14 05:00:00,,,1,0,0.0
ka67,2021-03-14,2021-03-14 07:00:00,0.0,0.0,11,1,0.09090909090909091
ka67,2021-03-14,2021-03-14 08:00:00,,,8,0,0.0
ka67,2021-03-14,2021-03-14 09:00:00,,,1,0,0.0
ka67,2021-03-14,2021-03-14 10:00:00,,,6,0,0.0
ka67,2021-03-14,2021-03-14 11:00:00,0.0,0.0,2,1,0.5
ka67,2021-03-14,2021-03-14 12:00:00,0.0,0.0,3,1,0.3333333333333333
ka67,2021-03-14,2021-03-14 13:00:00,0.0,0.0,3,1,0.3333333333333333
ka67,2021-03-14,2021-03-14 15:00:00,,,3,0,0.0
ka67,2021-03-15,2021-03-15 04:00:00,,,1,0,0.0
ka67,2021-03-15,2021-03-15 09:00:00,,,1,0,0.0
ka67,2021-03-15,2021-03-15 10:00:00,,,1,0,0.0
ka67,2021-03-15,2021-03-15 11:00:00,,,1,0,0.0
ka67,2021-03-15,2021-03-15 12:00:00,,,2,0,0.0
ka67,2021-03-15,2021-03-15 13:00:00,,,1,0,0.0
ka67,2021-03-15,2021-03-15 14:00:00,0.0,0.0,3,1,0.3333333333333333
ka67,2021-03-15,2021-03-15 15:00:00,,,5,0,0.0
ka67,2021-03-16,2021-03-16 14:00:00,,,5,0,0.0
ka67,2021-03-16,2021-03-16 15:00:00,,,2,0,0.0
ka67,2021-03-16,2021-03-16 16:00:00,0.0,0.0,7,1,0.14285714285714285
ka67,2021-03-16,2021-03-16 17:00:00,,,1,0,0.0
ka67,2021-03-17,2021-03-17 00:00:00,,,1,0,0.0
ka67,2021-03-17,2021-03-17 08:00:00,,,1,0,0.0
ka67,2021-03-17,2021-03-17 13:00:00,,,1,0,0.0
ka67,2021-03-18,2021-03-18 05:00:00,,,3,0,0.0
ka67,2021-03-18,2021-03-18 06:00:00,,,1,0,0.0
ka67,2021-03-18,2021-03-18 08:00:00,,,4,0,0.0
ka67,2021-03-18,2021-03-18 09:00:00,0.0,0.0,9,1,0.1111111111111111
ka67,2021-03-18,2021-03-18 10:00:00,,,3,0,0.0
ka67,2021-03-18,2021-03-18 11:00:00,,,2,0,0.0
ka67,2021-03-18,2021-03-18 12:00:00,,,2,0,0.0
ka67,2021-03-18,2021-03-18 13:00:00,0.0,0.0,1,1,1.0
ka67,2021-03-18,2021-03-18 14:00:00,,,1,0,0.0
ka67,2021-03-18,2021-03-18 15:00:00,,,2,0,0.0
ka67,2021-03-18,2021-03-18 16:00:00,,,4,0,0.0
ka67,2021-03-18,2021-03-18 17:00:00,,,3,0,0.0
ka67,2021-03-19,2021-03-19 02:00:00,,,8,0,0.0
ka67,2021-03-19,2021-03-19 03:00:00,,,5,0,0.0
ka67,2021-03-19,2021-03-19 04:00:00,,,2,0,0.0
ka67,2021-03-19,2021-03-19 07:00:00,,,5,0,0.0
ka67,2021-03-19,2021-03-19 08:00:00,,,1,0,0.0
ka67,2021-03-19,2021-03-19 10:00:00,,,1,0,0.0
ka67,2021-03-19,2021-03-19 11:00:00,,,1,0,0.0
ka67,2021-03-20,2021-03-20 01:00:00,,,2,0,0.0
ka67,2021-03-20,2021-03-20 02:00:00,0.0,0.0,4,1,0.25
ka67,2021-03-20,2021-03-20 04:00:00,,,8,0,0.0
ka67,2021-03-20,2021-03-20 05:00:00,0.0,0.0,10,1,0.1
ka67,2021-03-20,2021-03-20 06:00:00,,,11,0,0.0
ka67,2021-03-20,2021-03-20 07:00:00,,,7,0,0.0
ka67,2021-03-20,2021-03-20 08:00:00,,,2,0,0.0
ka67,2021-03-20,2021-03-20 09:00:00,,,2,0,0.0
ka67,2021-03-20,2021-03-20 10:00:00,,,6,0,0.0
ka67,2021-03-20,2021-03-20 11:00:00,,,2,0,0.0
ka67,2021-03-20,2021-03-20 14:00:00,0.0,0.0,1,1,1.0
ka67,2021-03-20,2021-03-20 15:00:00,,,1,0,0.0
ka67,2021-03-20,2021-03-20 16:00:00,,,1,0,0.0
ka67,2021-03-20,2021-03-20 17:00:00,0.0,0.0,5,1,0.2
ka67,2021-03-20,2021-03-20 18:00:00,,,1,0,0.0
ka67,2021-03-21,2021-03-21 03:00:00,,,1,0,0.0
ka67,2021-03-21,2021-03-21 04:00:00,,,1,0,0.0
ka67,2021-03-21,2021-03-21 06:00:00,,,5,0,0.0
ka67,2021-03-21,2021-03-21 08:00:00,,,2,0,0.0
ka67,2021-03-21,2021-03-21 09:00:00,,,2,0,0.0
ka67,2021-03-21,2021-03-21 10:00:00,,,6,0,0.0
ka67,2021-03-21,2021-03-21 11:00:00,,,8,0,0.0
ka67,2021-03-21,2021-03-21 12:00:00,,,9,0,0.0
ka67,2021-03-21,2021-03-21 13:00:00,,,4,0,0.0
ka67,2021-03-21,2021-03-21 14:00:00,,,2,0,0.0
ka67,2021-03-21,2021-03-21 16:00:00,,,1,0,0.0
ka67,2021-03-22,2021-03-22 03:00:00,,,6,0,0.0
ka67,2021-03-22,2021-03-22 04:00:00,,,2,0,0.0
ka67,2021-03-22,2021-03-22 05:00:00,,,1,0,0.0
ka67,2021-03-22,2021-03-22 06:00:00,,,2,0,0.0
ka67,2021-03-22,2021-03-22 08:00:00,,,1,0,0.0
ka67,2021-03-22,2021-03-22 09:00:00,,,1,0,0.0
ka67,2021-03-22,2021-03-22 11:00:00,,,3,0,0.0
ka67,2021-03-22,2021-03-22 12:00:00,,,2,0,0.0
ka67,2021-03-22,2021-03-22 15:00:00,,,2,0,0.0
ka67,2021-03-23,2021-03-23 08:00:00,,,5,0,0.0
ka67,2021-03-23,2021-03-23 09:00:00,0.0,0.0,1,1,1.0
ka67,2021-03-23,2021-03-23 12:00:00,1.2222222222222223,1.2222222222222223,1,1,1.0
ka67,2021-03-23,2021-03-23 15:00:00,,,1,0,0.0
ka67,2021-03-24,2021-03-24 02:00:00,,,5,0,0.0
ka67,2021-03-24,2021-03-24 03:00:00,,,2,0,0.0
ka67,2021-03-24,2021-03-24 05:00:00,,,1,0,0.0
ka67,2021-03-25,2021-03-25 01:00:00,,,1,0,0.0
ka67,2021-03-25,2021-03-25 06:00:00,,,1,0,0.0
ka67,2021-03-25,2021-03-25 07:00:00,0.0,0.0,3,1,0.3333333333333333
ka67,2021-03-25,2021-03-25 08:00:00,,,2,0,0.0
ka67,2021-03-25,2021-03-25 09:00:00,,,3,0,0.0
ka67,2021-03-25,2021-03-25 10:00:00,31.0,31.0,2,2,1.0
ka67,2021-03-25,2021-03-25 12:00:00,,,4,0,0.0
ka67,2021-03-25,2021-03-25 13:00:00,,,1,0,0.0
ka67,2021-03-26,2021-03-26 01:00:00,,,1,0,0.0
ka67,2021-03-26,2021-03-26 03:00:00,,,5,0,0.0
ka67,2021-03-26,2021-03-26 04:00:00,,,3,0,0.0
ka67,2021-03-26,2021-03-26 05:00:00,,,4,0,0.0
ka67,2021-03-26,2021-03-26 06:00:00,0.0,0.0,4,1,0.25
ka67,2021-03-26,2021-03-26 07:00:00,0.0,0.0,3,1,0.3333333333333333
ka67,2021-03-26,2021-03-26 08:00:00,0.0,0.0,1,1,1.0
ka67,2021-03-26,2021-03-26 09:00:00,,,5,0,0.0
ka67,2021-03-26,2021-03-26 10:00:00,,,5,0,0.0
ka67,2021-03-26,2021-03-26 11:00:00,183.0,183.0,1,1,1.0
ka67,2021-03-26,2021-03-26 12:00:00,,,3,0,0.0
ka67,2021-03-26,2021-03-26 13:00:00,,,6,0,0.0
ka67,2021-03-26,2021-03-26 14:00:00,0.0,0.0,4,1,0.25
ka67,2021-03-27,2021-03-27 05:00:00,,,3,0,0.0
ka67,2021-03-27,2021-03-27 07:00:00,,,6,0,0.0
ka67,2021-03-27,2021-03-27 09:00:00,0.0,0.0,1,1,1.0
ka67,2021-03-27,2021-03-27 10:00:00,,,3,0,0.0
ka67,2021-03-27,2021-03-27 11:00:00,,,1,0,0.0
ka67,2021-03-27,2021-03-27 12:00:00,,,1,0,0.0
ka67,2021-03-27,2021-03-27 13:00:00,0.0,0.0,3,1,0.3333333333333333
ka67,2021-03-27,2021-03-27 14:00:00,0.0,0.0,2,1,0.5
ka67,2021-03-28,2021-03-28 03:00:00,,,3,0,0.0
ka67,2021-03-28,2021-03-28 04:00:00,,,2,0,0.0
ka67,2021-03-28,2021-03-28 05:00:00,0.0,0.0,3,1,0.3333333333333333
ka67,2021-03-28,2021-03-28 06:00:00,0.0,0.0,2,1,0.5
ka67,2021-03-28,2021-03-28 07:00:00,,,1,0,0.0
ka67,2021-03-28,2021-03-28 08:00:00,,,2,0,0.0
ka67,2021-03-28,2021-03-28 09:00:00,0.0,0.0,5,1,0.2
ka67,2021-03-28,2021-03-28 10:00:00,0.0,0.0,11,1,0.09090909090909091
ka67,2021-03-28,2021-03-28 11:00:00,,,3,0,0.0
ka67,2021-03-28,2021-03-28 12:00:00,0.0,0.0,5,2,0.4
ka67,2021-03-28,2021-03-28 13:00:00,,,5,0,0.0
ka67,2021-03-29,2021-03-29 02:00:00,,,2,0,0.0
ka67,2021-03-29,2021-03-29 03:00:00,,,5,0,0.0
ka67,2021-03-29,2021-03-29 04:00:00,,,2,0,0.0
ka67,2021-03-29,2021-03-29 12:00:00,,,2,0,0.0
ka67,2021-03-30,2021-03-30 14:00:00,0.0,0.0,2,1,0.5
ka67,2021-03-30,2021-03-30 15:00:00,,,1,0,0.0
ka67,2021-03-31,2021-03-31 03:00:00,,,7,0,0.0
ka67,2021-03-31,2021-03-31 05:00:00,,,4,0,0.0
ka67,2021-03-31,2021-03-31 07:00:00,0.0,0.0,1,1,1.0
ka67,2021-03-31,2021-03-31 10:00:00,,,1,0,0.0
ka67,2021-03-31,2021-03-31 11:00:00,,,2,0,0.0
ka67,2021-04-01,2021-04-01 06:00:00,0.0,0.0,2,1,0.5
ka67,2021-04-01,2021-04-01 07:00:00,0.0,0.0,5,3,0.6
ka67,2021-04-01,2021-04-01 09:00:00,0.0,0.0,5,1,0.2
ka67,2021-04-01,2021-04-01 10:00:00,,,3,0,0.0
ka67,2021-04-01,2021-04-01 11:00:00,0.0,0.0,5,1,0.2
ka67,2021-04-01,2021-04-01 12:00:00,,,10,0,0.0
ka67,2021-04-01,2021-04-01 13:00:00,0.0,0.0,11,1,0.09090909090909091
ka67,2021-04-01,2021-04-01 14:00:00,,,2,0,0.0
ka67,2021-04-01,2021-04-01 15:00:00,,,3,0,0.0
ka67,2021-04-02,2021-04-02 09:00:00,,,1,0,0.0
ka67,2021-04-02,2021-04-02 11:00:00,0.0,0.0,2,2,1.0
ka67,2021-04-02,2021-04-02 12:00:00,0.0,0.0,1,1,1.0
ka67,2021-04-02,2021-04-02 13:00:00,0.0,0.0,3,2,0.6666666666666666
ka67,2021-04-03,2021-04-03 02:00:00,,,1,0,0.0
ka67,2021-04-03,2021-04-03 03:00:00,0.0,0.0,5,1,0.2
ka67,2021-04-03,2021-04-03 06:00:00,,,3,0,0.0
ka67,2021-04-03,2021-04-03 08:00:00,,,2,0,0.0
ka67,2021-04-03,2021-04-03 09:00:00,,,1,0,0.0
ka67,2021-04-03,2021-04-03 11:00:00,,,1,0,0.0
ka67,2021-04-03,2021-04-03 12:00:00,,,1,0,0.0
ka67,2021-04-03,2021-04-03 14:00:00,0.0,0.0,7,1,0.14285714285714285
ka67,2021-04-03,2021-04-03 15:00:00,,,1,0,0.0
kb24,2021-03-06,2021-03-06 12:00:00,,,2,0,0.0
kb24,2021-03-06,2021-03-06 13:00:00,,,5,0,0.0
kb24,2021-03-11,2021-03-11 07:00:00,,,1,0,0.0
kb24,2021-03-11,2021-03-11 08:00:00,0.0,0.0,3,1,0.3333333333333333
kb24,2021-03-11,2021-03-11 13:00:00,0.0,0.0,1,1,1.0
kb24,2021-03-11,2021-03-11 15:00:00,0.0,0.0,3,1,0.3333333333333333
kb24,2021-03-11,2021-03-11 16:00:00,,,4,0,0.0
kb24,2021-03-11,2021-03-11 17:00:00,0.0,0.0,1,1,1.0
kb24,2021-03-12,2021-03-12 09:00:00,0.0,0.0,7,1,0.14285714285714285
kb24,2021-03-12,2021-03-12 11:00:00,0.0,0.0,1,1,1.0
kb24,2021-03-12,2021-03-12 15:00:00,,,1,0,0.0
kb24,2021-03-13,2021-03-13 02:00:00,5.5,5.5,1,1,1.0
kb24,2021-03-13,2021-03-13 03:00:00,,,1,0,0.0
kb24,2021-03-14,2021-03-14 04:00:00,,,7,0,0.0
kb24,2021-03-14,2021-03-14 15:00:00,0.0,0.0,1,1,1.0
kb24,2021-03-14,2021-03-14 17:00:00,0.0,0.0,4,2,0.5
kb24,2021-03-15,2021-03-15 00:00:00,0.0,0.0,2,2,1.0
kb24,2021-03-15,2021-03-15 01:00:00,0.0,0.0,4,2,0.5
kb24,2021-03-15,2021-03-15 06:00:00,0.0,0.0,2,1,0.5
kb24,2021-03-15,2021-03-15 19:00:00,0.0,0.0,10,1,0.1
kb24,2021-03-15,2021-03-15 20:00:00,,,8,0,0.0
kb24,2021-03-15,2021-03-15 21:00:00,,,11,0,0.0
kb24,2021-03-15,2021-03-15 22:00:00,0.0,0.0,10,1,0.1
kb24,2021-03-15,2021-03-15 23:00:00,,,10,0,0.0
kb24,2021-03-16,2021-03-16 05:00:00,2.5,2.5,2,1,0.5
kb24,2021-03-16,2021-03-16 06:00:00,0.0,0.0,4,1,0.25
kb24,2021-03-16,2021-03-16 07:00:00,,,2,0,0.0
kb24,2021-03-16,2021-03-16 09:00:00,,,1,0,0.0
kb24,2021-03-17,2021-03-17 00:00:00,0.0,0.0,1,1,1.0
kb24,2021-03-17,2021-03-17 15:00:00,,,2,0,0.0
kb24,2021-03-17,2021-03-17 16:00:00,0.0,0.0,3,2,0.6666666666666666
kb24,2021-03-18,2021-03-18 02:00:00,,,1,0,0.0
kb24,2021-03-18,2021-03-18 06:00:00,0.0,0.0,2,1,0.5
kb24,2021-03-19,2021-03-19 05:00:00,0.0,0.0,2,1,0.5
kb24,2021-03-19,2021-03-19 12:00:00,0.0,0.0,1,1,1.0
kb24,2021-03-20,2021-03-20 07:00:00,,,1,0,0.0
kb24,2021-03-20,2021-03-20 14:00:00,,,1,0,0.0
kb24,2021-03-20,2021-03-20 16:00:00,,,1,0,0.0
kb24,2021-03-21,2021-03-21 06:00:00,0.0,0.0,1,1,1.0
kb24,2021-03-22,2021-03-22 01:00:00,,,1,0,0.0
kb24,2021-03-22,2021-03-22 02:00:00,,,1,0,0.0
kb24,2021-03-22,2021-03-22 18:00:00,,,2,0,0.0
kb24,2021-03-23,2021-03-23 01:00:00,0.0,0.0,1,1,1.0
kb24,2021-03-23,2021-03-23 06:00:00,,,2,0,0.0
kb24,2021-03-25,2021-03-25 02:00:00,0.0,0.0,1,1,1.0
kb24,2021-03-28,2021-03-28 11:00:00,0.0,0.0,4,1,0.25
kb24,2021-03-29,2021-03-29 04:00:00,,,1,0,0.0
kb24,2021-03-29,2021-03-29 09:00:00,0.0,0.0,7,3,0.42857142857142855
kb24,2021-03-29,2021-03-29 10:00:00,,,4,0,0.0
kb24,2021-03-31,2021-03-31 02:00:00,,,1,0,0.0
kb24,2021-03-31,2021-03-31 03:00:00,0.0,0.0,1,1,1.0
kb24,2021-03-31,2021-03-31 06:00:00,,,1,0,0.0
kb24,2021-03-31,2021-03-31 07:00:00,,,1,0,0.0
kb24,2021-03-31,2021-03-31 08:00:00,,,1,0,0.0
kb24,2021-03-31,2021-03-31 17:00:00,,,1,0,0.0
kb24,2021-03-31,2021-03-31 19:00:00,,,1,0,0.0
kb24,2021-04-02,2021-04-02 12:00:00,,,2,0,0.0
kb24,2021-04-03,2021-04-03 12:00:00,,,1,0,0.0
kb24,2021-04-04,2021-04-04 05:00:00,,,2,0,0.0
kb24,2021-04-04,2021-04-04 09:00:00,,,1,0,0.0
kb24,2021-04-05,2021-04-05 02:00:00,,,5,0,0.0
kb24,2021-04-05,2021-04-05 03:00:00,,,1,0,0.0
kb24,2021-04-06,2021-04-06 08:00:00,,,1,0,0.0
kb24,2021-04-06,2021-04-06 10:00:00,,,2,0,0.0
kb24,2021-04-07,2021-04-07 06:00:00,,,1,0,0.0
kb24,2021-04-07,2021-04-07 12:00:00,,,1,0,0.0
kb24,2021-04-07,2021-04-07 13:00:00,,,1,0,0.0
kn13,2021-03-10,2021-03-10 12:00:00,,,1,0,0.0
kn13,2021-03-11,2021-03-11 00:00:00,,,1,0,0.0
kn13,2021-03-11,2021-03-11 01:00:00,,,1,0,0.0
kn13,2021-03-11,2021-03-11 03:00:00,,,1,0,0.0
kn13,2021-03-12,2021-03-12 11:00:00,,,1,0,0.0
kn13,2021-03-13,2021-03-13 07:00:00,0.0,0.0,7,1,0.14285714285714285
kn13,2021-03-13,2021-03-13 08:00:00,,,1,0,0.0
kn13,2021-03-13,2021-03-13 10:00:00,,,1,0,0.0
kn13,2021-03-13,2021-03-13 11:00:00,0.0,0.0,2,2,1.0
kn13,2021-03-13,2021-03-13 12:00:00,,,1,0,0.0
kn13,2021-03-14,2021-03-14 02:00:00,0.0,0.0,2,2,1.0
kn13,2021-03-14,2021-03-14 03:00:00,0.0,0.0,8,1,0.125
kn13,2021-03-14,2021-03-14 04:00:00,,,1,0,0.0
kn13,2021-03-14,2021-03-14 12:00:00,,,6,0,0.0
kn13,2021-03-14,2021-03-14 13:00:00,,,3,0,0.0
kn13,2021-03-14,2021-03-14 23:00:00,0.0,0.0,1,1,1.0
kn13,2021-03-16,2021-03-16 00:00:00,0.0,0.0,4,4,1.0
kn13,2021-03-16,2021-03-16 01:00:00,,,2,0,0.0
kn13,2021-03-16,2021-03-16 04:00:00,,,2,0,0.0
kn13,2021-03-16,2021-03-16 05:00:00,,,1,0,0.0
kn13,2021-03-16,2021-03-16 07:00:00,,,2,0,0.0
kn13,2021-03-16,2021-03-16 09:00:00,,,2,0,0.0
kn13,2021-03-17,2021-03-17 02:00:00,0.0,0.0,1,1,1.0
kn13,2021-03-17,2021-03-17 05:00:00,0.0,0.0,3,1,0.3333333333333333
kn13,2021-03-17,2021-03-17 06:00:00,0.0,0.0,1,1,1.0
kn13,2021-03-17,2021-03-17 12:00:00,0.0,0.0,3,1,0.3333333333333333
kn13,2021-03-17,2021-03-17 23:00:00,0.0,0.0,1,1,1.0
kn13,2021-03-18,2021-03-18 00:00:00,0.0,0.0,2,2,1.0
kn13,2021-03-18,2021-03-18 01:00:00,0.0,0.0,2,2,1.0
kn13,2021-03-18,2021-03-18 02:00:00,0.0,0.0,1,1,1.0
kn13,2021-03-18,2021-03-18 13:00:00,0.0,0.0,1,1,1.0
kn13,2021-03-18,2021-03-18 14:00:00,,,1,0,0.0
kn13,2021-03-18,2021-03-18 16:00:00,,,6,0,0.0
kn13,2021-03-19,2021-03-19 00:00:00,0.0,0.0,1,1,1.0
kn13,2021-03-19,2021-03-19 10:00:00,0.0,0.0,2,1,0.5
kn13,2021-03-19,2021-03-19 11:00:00,0.0,0.0,11,1,0.09090909090909091
kn13,2021-03-19,2021-03-19 12:00:00,,,5,0,0.0
kn13,2021-03-21,2021-03-21 01:00:00,0.0,0.0,5,2,0.4
kn13,2021-03-21,2021-03-21 05:00:00,6.0,6.0,1,1,1.0
kn13,2021-03-21,2021-03-21 08:00:00,,,1,0,0.0
kn13,2021-03-21,2021-03-21 11:00:00,0.0,0.0,1,1,1.0
kn13,2021-03-22,2021-03-22 03:00:00,,,1,0,0.0
kn13,2021-03-23,2021-03-23 00:00:00,0.0,0.0,5,3,0.6
kn13,2021-03-23,2021-03-23 01:00:00,0.0,0.0,8,4,0.5
kn13,2021-03-23,2021-03-23 02:00:00,0.0,0.0,2,1,0.5
kn13,2021-03-23,2021-03-23 04:00:00,0.0,0.0,2,2,1.0
kn13,2021-03-24,2021-03-24 07:00:00,,,1,0,0.0
kn13,2021-03-24,2021-03-24 09:00:00,,,5,0,0.0
kn13,2021-03-24,2021-03-24 10:00:00,,,5,0,0.0
kn13,2021-03-25,2021-03-25 00:00:00,0.0,0.0,1,1,1.0
kn13,2021-03-25,2021-03-25 06:00:00,,,1,0,0.0
kn13,2021-03-25,2021-03-25 08:00:00,0.0,0.0,1,1,1.0
kn13,2021-03-25,2021-03-25 09:00:00,0.0,0.0,1,1,1.0
kn13,2021-03-25,2021-03-25 10:00:00,,,2,0,0.0
kn13,2021-03-25,2021-03-25 12:00:00,,,1,0,0.0
kn13,2021-03-25,2021-03-25 13:00:00,0.0,0.0,9,2,0.2222222222222222
kn13,2021-03-25,2021-03-25 14:00:00,0.0,0.0,3,1,0.3333333333333333
kn13,2021-03-26,2021-03-26 04:00:00,20.0,20.0,2,2,1.0
kn13,2021-03-26,2021-03-26 05:00:00,,,2,0,0.0
kn13,2021-03-26,2021-03-26 08:00:00,0.0,0.0,2,1,0.5
kn13,2021-03-26,2021-03-26 12:00:00,,,1,0,0.0
kn13,2021-03-26,2021-03-26 13:00:00,0.0,0.0,5,2,0.4
kn13,2021-03-26,2021-03-26 14:00:00,0.0,0.0,2,2,1.0
kn13,2021-03-26,2021-03-26 15:00:00,0.0,0.0,3,2,0.6666666666666666
kn13,2021-03-28,2021-03-28 07:00:00,0.0,0.0,1,1,1.0
kn13,2021-03-28,2021-03-28 08:00:00,0.0,0.0,3,2,0.6666666666666666
kn13,2021-03-28,2021-03-28 09:00:00,0.0,0.0,1,1,1.0
kn13,2021-03-28,2021-03-28 10:00:00,,,2,0,0.0
kn13,2021-03-28,2021-03-28 11:00:00,0.0,0.0,1,1,1.0
kn13,2021-03-28,2021-03-28 13:00:00,0.0,0.0,2,1,0.5
kn13,2021-03-29,2021-03-29 09:00:00,,,2,0,0.0
kn13,2021-03-30,2021-03-30 00:00:00,0.0,0.0,1,1,1.0
kn13,2021-03-30,2021-03-30 02:00:00,0.0,0.0,2,1,0.5
kn13,2021-03-30,2021-03-30 03:00:00,0.0,0.0,3,3,1.0
kn13,2021-03-30,2021-03-30 04:00:00,0.0,0.0,2,1,0.5
kn13,2021-03-30,2021-03-30 06:00:00,0.0,0.0,1,1,1.0
kn13,2021-03-30,2021-03-30 08:00:00,,,1,0,0.0
kn13,2021-03-30,2021-03-30 09:00:00,0.0,0.0,3,1,0.3333333333333333
kn13,2021-03-30,2021-03-30 11:00:00,,,1,0,0.0
kn13,2021-03-30,2021-03-30 12:00:00,,,12,0,0.0
kn13,2021-03-30,2021-03-30 14:00:00,,,1,0,0.0
kn13,2021-03-31,2021-03-31 03:00:00,,,1,0,0.0
kn13,2021-03-31,2021-03-31 04:00:00,,,1,0,0.0
kn13,2021-03-31,2021-03-31 05:00:00,,,1,0,0.0
kn13,2021-03-31,2021-03-31 09:00:00,,,1,0,0.0
kn13,2021-03-31,2021-03-31 10:00:00,,,1,0,0.0
kn13,2021-03-31,2021-03-31 11:00:00,,,1,0,0.0
kn13,2021-03-31,2021-03-31 13:00:00,,,1,0,0.0
kn13,2021-03-31,2021-03-31 14:00:00,,,1,0,0.0
kn13,2021-04-01,2021-04-01 00:00:00,0.0,0.0,1,1,1.0
kn13,2021-04-01,2021-04-01 03:00:00,,,4,0,0.0
kn13,2021-04-01,2021-04-01 10:00:00,,,3,0,0.0
kn13,2021-04-01,2021-04-01 11:00:00,,,2,0,0.0
kn13,2021-04-01,2021-04-01 12:00:00,,,2,0,0.0
kn13,2021-04-01,2021-04-01 15:00:00,0.0,0.0,5,1,0.2
md23,2021-03-04,2021-03-04 09:00:00,,,1,0,0.0
md23,2021-03-04,2021-03-04 10:00:00,,,1,0,0.0
md23,2021-03-04,2021-03-04 11:00:00,,,10,0,0.0
md23,2021-03-04,2021-03-04 12:00:00,,,3,0,0.0
md23,2021-03-04,2021-03-04 13:00:00,,,4,0,0.0
md23,2021-03-04,2021-03-04 14:00:00,,,4,0,0.0
md23,2021-03-07,2021-03-07 23:00:00,,,1,0,0.0
md23,2021-03-08,2021-03-08 00:00:00,0.0,0.0,4,1,0.25
md23,2021-03-08,2021-03-08 01:00:00,0.0,0.0,3,1,0.3333333333333333
md23,2021-03-08,2021-03-08 02:00:00,0.0,0.0,2,1,0.5
md23,2021-03-08,2021-03-08 03:00:00,,,1,0,0.0
md23,2021-03-08,2021-03-08 07:00:00,,,1,0,0.0
md23,2021-03-08,2021-03-08 08:00:00,,,1,0,0.0
md23,2021-03-08,2021-03-08 09:00:00,,,2,0,0.0
md23,2021-03-08,2021-03-08 10:00:00,,,10,0,0.0
md23,2021-03-08,2021-03-08 11:00:00,,,6,0,0.0
md23,2021-03-08,2021-03-08 13:00:00,0.0,0.0,4,1,0.25
md23,2021-03-08,2021-03-08 14:00:00,5.9020979020979025,3.5384615384615383,6,4,0.6666666666666666
md23,2021-03-08,2021-03-08 23:00:00,13.0,13.0,1,1,1.0
md23,2021-03-09,2021-03-09 04:00:00,,,1,0,0.0
md23,2021-03-09,2021-03-09 06:00:00,,,2,0,0.0
md23,2021-03-09,2021-03-09 07:00:00,,,2,0,0.0
md23,2021-03-09,2021-03-09 08:00:00,,,5,0,0.0
md23,2021-03-10,2021-03-10 14:00:00,0.0,0.0,2,1,0.5
md23,2021-03-11,2021-03-11 01:00:00,,,1,0,0.0
md23,2021-03-11,2021-03-11 02:00:00,0.0,0.0,9,2,0.2222222222222222
md23,2021-03-11,2021-03-11 04:00:00,0.0,0.0,1,1,1.0
md23,2021-03-11,2021-03-11 05:00:00,,,2,0,0.0
md23,2021-03-11,2021-03-11 06:00:00,,,1,0,0.0
md23,2021-03-11,2021-03-11 07:00:00,122.0,122.0,5,5,1.0
md23,2021-03-11,2021-03-11 08:00:00,,,1,0,0.0
md23,2021-03-12,2021-03-12 00:00:00,0.0,0.0,2,1,0.5
md23,2021-03-12,2021-03-12 02:00:00,0.0,0.0,2,1,0.5
md23,2021-03-12,2021-03-12 06:00:00,,,1,0,0.0
md23,2021-03-12,2021-03-12 14:00:00,,,3,0,0.0
md23,2021-03-12,2021-03-12 15:00:00,,,2,0,0.0
md23,2021-03-13,2021-03-13 02:00:00,5.5,5.5,9,1,0.1111111111111111
md23,2021-03-13,2021-03-13 03:00:00,0.0,0.0,9,1,0.1111111111111111
md23,2021-03-13,2021-03-13 04:00:00,0.0,0.0,8,3,0.375
md23,2021-03-13,2021-03-13 11:00:00,,,1,0,0.0
md23,2021-03-14,2021-03-14 05:00:00,,,1,0,0.0
md23,2021-03-14,2021-03-14 07:00:00,,,1,0,0.0
md23,2021-03-14,2021-03-14 10:00:00,,,1,0,0.0
md23,2021-03-14,2021-03-14 11:00:00,,,1,0,0.0
md23,2021-03-14,2021-03-14 13:00:00,0.0,0.0,3,1,0.3333333333333333
md23,2021-03-14,2021-03-14 23:00:00,4.142857142857143,4.142857142857143,3,2,0.6666666666666666
md23,2021-03-15,2021-03-15 12:00:00,,,2,0,0.0
md23,2021-03-15,2021-03-15 13:00:00,,,3,0,0.0
md23,2021-03-16,2021-03-16 23:00:00,,,2,0,0.0
md23,2021-03-17,2021-03-17 00:00:00,0.0,0.0,2,2,1.0
md23,2021-03-17,2021-03-17 01:00:00,0.0,0.0,6,3,0.5
md23,2021-03-17,2021-03-17 03:00:00,,,1,0,0.0
md23,2021-03-17,2021-03-17 04:00:00,0.0,0.0,1,1,1.0
md23,2021-03-17,2021-03-17 05:00:00,,,1,0,0.0
md23,2021-03-18,2021-03-18 05:00:00,,,2,0,0.0
md23,2021-03-18,2021-03-18 08:00:00,,,1,0,0.0
md23,2021-03-19,2021-03-19 01:00:00,0.0,0.0,1,1,1.0
md23,2021-03-19,2021-03-19 06:00:00,0.0,0.0,1,1,1.0
md23,2021-03-19,2021-03-19 07:00:00,0.0,0.0,12,1,0.08333333333333333
md23,2021-03-19,2021-03-19 08:00:00,,,1,0,0.0
md23,2021-03-19,2021-03-19 09:00:00,0.0,0.0,9,4,0.4444444444444444
md23,2021-03-19,2021-03-19 10:00:00,0.0,0.0,5,3,0.6
md23,2021-03-19,2021-03-19 12:00:00,27.0,27.0,6,2,0.3333333333333333
md23,2021-03-19,2021-03-19 13:00:00,2.0,2.0,10,2,0.2
md23,2021-03-20,2021-03-20 02:00:00,,,1,0,0.0
md23,2021-03-20,2021-03-20 03:00:00,0.0,0.0,2,1,0.5
md23,2021-03-20,2021-03-20 07:00:00,3.1666666666666665,3.1666666666666665,3,2,0.6666666666666666
md23,2021-03-20,2021-03-20 08:00:00,0.0,0.0,2,2,1.0
md23,2021-03-20,2021-03-20 09:00:00,,,1,0,0.0
md23,2021-03-20,2021-03-20 14:00:00,,,2,0,0.0
md23,2021-03-20,2021-03-20 23:00:00,,,1,0,0.0
md23,2021-03-21,2021-03-21 03:00:00,,,4,0,0.0
md23,2021-03-21,2021-03-21 04:00:00,,,2,0,0.0
md23,2021-03-21,2021-03-21 07:00:00,,,3,0,0.0
md23,2021-03-21,2021-03-21 08:00:00,0.0,0.0,1,1,1.0
md23,2021-03-21,2021-03-21 09:00:00,0.0,0.0,4,2,0.5
md23,2021-03-21,2021-03-21 10:00:00,0.0,0.0,10,3,0.3
md23,2021-03-21,2021-03-21 11:00:00,,,10,0,0.0
md23,2021-03-21,2021-03-21 12:00:00,,,1,0,0.0
md23,2021-03-21,2021-03-21 22:00:00,0.0,0.0,4,1,0.25
md23,2021-03-22,2021-03-22 00:00:00,,,1,0,0.0
md23,2021-03-22,2021-03-22 04:00:00,,,2,0,0.0
md23,2021-03-22,2021-03-22 12:00:00,,,3,0,0.0
md23,2021-03-22,2021-03-22 13:00:00,0.0,0.0,2,2,1.0
md23,2021-03-22,2021-03-22 14:00:00,0.0,0.0,4,1,0.25
md23,2021-03-23,2021-03-23 06:00:00,,,1,0,0.0
md23,2021-03-23,2021-03-23 23:00:00,0.0,0.0,1,1,1.0
md23,2021-03-24,2021-03-24 04:00:00,,,5,0,0.0
md23,2021-03-24,2021-03-24 05:00:00,0.0,0.0,7,1,0.14285714285714285
md23,2021-03-24,2021-03-24 06:00:00,,,4,0,0.0
md23,2021-03-24,2021-03-24 07:00:00,,,1,0,0.0
md23,2021-03-24,2021-03-24 08:00:00,,,1,0,0.0
md23,2021-03-24,2021-03-24 11:00:00,,,1,0,0.0
md23,2021-03-24,2021-03-24 12:00:00,,,3,0,0.0
md23,2021-03-24,2021-03-24 13:00:00,22.25,22.25,6,1,0.16666666666666666
md23,2021-03-24,2021-03-24 14:00:00,,,7,0,0.0
md23,2021-03-24,2021-03-24 16:00:00,,,2,0,0.0
md23,2021-03-25,2021-03-25 02:00:00,,,1,0,0.0
md23,2021-03-25,2021-03-25 05:00:00,,,1,0,0.0
md23,2021-03-25,2021-03-25 09:00:00,,,5,0,0.0
md23,2021-03-25,2021-03-25 10:00:00,,,4,0,0.0
md23,2021-03-26,2021-03-26 00:00:00,0.0,0.0,2,1,0.5
md23,2021-03-26,2021-03-26 01:00:00,,,1,0,0.0
md23,2021-03-26,2021-03-26 04:00:00,,,2,0,0.0
md23,2021-03-26,2021-03-26 05:00:00,,,1,0,0.0
md23,2021-03-26,2021-03-26 09:00:00,0.0,0.0,9,1,0.1111111111111111
md23,2021-03-26,2021-03-26 10:00:00,0.0,0.0,5,1,0.2
md23,2021-03-26,2021-03-26 11:00:00,,,5,0,0.0
md23,2021-03-26,2021-03-26 12:00:00,,,2,0,0.0
md23,2021-03-27,2021-03-27 01:00:00,,,1,0,0.0
md23,2021-03-27,2021-03-27 07:00:00,,,1,0,0.0
md23,2021-03-27,2021-03-27 09:00:00,,,2,0,0.0
md23,2021-03-27,2021-03-27 12:00:00,,,1,0,0.0
md23,2021-03-27,2021-03-27 15:00:00,,,1,0,0.0
md23,2021-03-28,2021-03-28 10:00:00,4.5,4.5,4,2,0.5
md23,2021-03-28,2021-03-28 11:00:00,,,2,0,0.0
md23,2021-03-28,2021-03-28 12:00:00,,,1,0,0.0
md23,2021-03-28,2021-03-28 13:00:00,,,1,0,0.0
md23,2021-03-29,2021-03-29 01:00:00,,,1,0,0.0
md23,2021-03-29,2021-03-29 08:00:00,0.0,0.0,1,1,1.0
md23,2021-03-29,2021-03-29 11:00:00,,,1,0,0.0
md23,2021-03-29,2021-03-29 12:00:00,,,1,0,0.0
md23,2021-03-29,2021-03-29 13:00:00,,,3,0,0.0
md23,2021-03-29,2021-03-29 15:00:00,0.0,0.0,2,1,0.5
md23,2021-03-29,2021-03-29 16:00:00,3.4,3.4,1,1,1.0
md23,2021-03-29,2021-03-29 23:00:00,0.0,0.0,2,1,0.5
md23,2021-03-30,2021-03-30 05:00:00,,,1,0,0.0
md23,2021-03-30,2021-03-30 06:00:00,,,1,0,0.0
md23,2021-03-30,2021-03-30 10:00:00,,,1,0,0.0
md23,2021-03-31,2021-03-31 01:00:00,,,1,0,0.0
md23,2021-03-31,2021-03-31 02:00:00,,,2,0,0.0
md23,2021-03-31,2021-03-31 03:00:00,0.0,0.0,2,1,0.5
md23,2021-03-31,2021-03-31 04:00:00,,,1,0,0.0
md23,2021-03-31,2021-03-31 05:00:00,,,4,0,0.0
md23,2021-03-31,2021-03-31 06:00:00,32.0,32.0,9,5,0.5555555555555556
md23,2021-03-31,2021-03-31 07:00:00,0.0,0.0,9,2,0.2222222222222222
md23,2021-03-31,2021-03-31 08:00:00,,,2,0,0.0
md23,2021-03-31,2021-03-31 10:00:00,,,1,0,0.0
md23,2021-04-01,2021-04-01 06:00:00,,,1,0,0.0
md23,2021-04-01,2021-04-01 07:00:00,0.0,0.0,8,2,0.25
md23,2021-04-01,2021-04-01 12:00:00,0.0,0.0,1,1,1.0
md23,2021-04-02,2021-04-02 01:00:00,,,1,0,0.0
md23,2021-04-02,2021-04-02 04:00:00,0.0,0.0,3,2,0.6666666666666666
md23,2021-04-02,2021-04-02 05:00:00,3.2,3.2,4,3,0.75
md23,2021-04-02,2021-04-02 10:00:00,,,4,0,0.0
md23,2021-04-03,2021-04-03 02:00:00,18.33333333333333,18.33333333333333,3,1,0.3333333333333333
md23,2021-04-03,2021-04-03 03:00:00,0.0,0.0,7,1,0.14285714285714285
md23,2021-04-03,2021-04-03 04:00:00,0.0,0.0,3,1,0.3333333333333333
md23,2021-04-03,2021-04-03 05:00:00,,,1,0,0.0
md23,2021-04-03,2021-04-03 07:00:00,,,1,0,0.0
md23,2021-04-03,2021-04-03 10:00:00,,,2,0,0.0
md23,2021-04-03,2021-04-03 11:00:00,0.0,0.0,2,1,0.5
md23,2021-04-04,2021-04-04 04:00:00,,,1,0,0.0
md23,2021-04-04,2021-04-04 06:00:00,0.0,0.0,2,1,0.5
md23,2021-04-04,2021-04-04 08:00:00,,,1,0,0.0
md23,2021-04-04,2021-04-04 09:00:00,0.0,0.0,2,1,0.5
md23,2021-04-04,2021-04-04 10:00:00,,,2,0,0.0
md23,2021-04-04,2021-04-04 13:00:00,,,3,0,0.0
md23,2021-04-04,2021-04-04 14:00:00,,,1,0,0.0
md23,2021-04-05,2021-04-05 01:00:00,0.0,0.0,5,1,0.2
md23,2021-04-05,2021-04-05 03:00:00,,,1,0,0.0
mg25,2021-03-08,2021-03-08 00:00:00,,,3,0,0.0
mg25,2021-03-08,2021-03-08 02:00:00,,,2,0,0.0
mg25,2021-03-08,2021-03-08 04:00:00,,,2,0,0.0
mg25,2021-03-08,2021-03-08 05:00:00,,,1,0,0.0
mg25,2021-03-08,2021-03-08 06:00:00,,,1,0,0.0
mg25,2021-03-08,2021-03-08 08:00:00,,,5,0,0.0
mg25,2021-03-08,2021-03-08 09:00:00,,,6,0,0.0
mg25,2021-03-08,2021-03-08 11:00:00,,,1,0,0.0
mg25,2021-03-08,2021-03-08 12:00:00,,,2,0,0.0
mg25,2021-03-09,2021-03-09 05:00:00,,,1,0,0.0
mg25,2021-03-09,2021-03-09 07:00:00,,,7,0,0.0
mg25,2021-03-09,2021-03-09 09:00:00,,,7,0,0.0
mg25,2021-03-09,2021-03-09 10:00:00,,,2,0,0.0
mg25,2021-03-09,2021-03-09 11:00:00,,,1,0,0.0
mg25,2021-03-09,2021-03-09 12:00:00,,,3,0,0.0
mg25,2021-03-09,2021-03-09 22:00:00,,,3,0,0.0
mg25,2021-03-09,2021-03-09 23:00:00,,,2,0,0.0
mg25,2021-03-10,2021-03-10 01:00:00,,,1,0,0.0
mg25,2021-03-10,2021-03-10 02:00:00,,,1,0,0.0
mg25,2021-03-10,2021-03-10 04:00:00,,,3,0,0.0
mg25,2021-03-10,2021-03-10 06:00:00,,,2,0,0.0
mg25,2021-03-10,2021-03-10 07:00:00,,,1,0,0.0
mg25,2021-03-10,2021-03-10 08:00:00,,,1,0,0.0
mg25,2021-03-10,2021-03-10 09:00:00,,,4,0,0.0
mg25,2021-03-10,2021-03-10 10:00:00,,,1,0,0.0
mg25,2021-03-10,2021-03-10 12:00:00,1.181818181818182,1.181818181818182,8,1,0.125
mg25,2021-03-27,2021-03-27 13:00:00,,,1,0,0.0
mg25,2021-03-27,2021-03-27 15:00:00,,,3,0,0.0
mg25,2021-03-28,2021-03-28 02:00:00,,,1,0,0.0
mg25,2021-03-28,2021-03-28 05:00:00,,,8,0,0.0
mg25,2021-03-28,2021-03-28 06:00:00,,,1,0,0.0
mg25,2021-03-28,2021-03-28 08:00:00,,,6,0,0.0
mg25,2021-03-28,2021-03-28 09:00:00,,,5,0,0.0
mg25,2021-03-29,2021-03-29 00:00:00,,,2,0,0.0
mg25,2021-03-29,2021-03-29 01:00:00,,,1,0,0.0
mg25,2021-03-29,2021-03-29 05:00:00,,,2,0,0.0
mg25,2021-03-29,2021-03-29 11:00:00,,,2,0,0.0
mg25,2021-03-29,2021-03-29 12:00:00,,,1,0,0.0
mg25,2021-03-30,2021-03-30 00:00:00,,,1,0,0.0
mg25,2021-03-30,2021-03-30 08:00:00,,,1,0,0.0
mg25,2021-03-30,2021-03-30 22:00:00,,,1,0,0.0
mg25,2021-03-31,2021-03-31 08:00:00,,,1,0,0.0
mg25,2021-03-31,2021-03-31 09:00:00,,,5,0,0.0
mg25,2021-03-31,2021-03-31 12:00:00,,,1,0,0.0
mg25,2021-03-31,2021-03-31 13:00:00,,,2,0,0.0
mg25,2021-03-31,2021-03-31 22:00:00,,,3,0,0.0
mg25,2021-04-01,2021-04-01 00:00:00,,,1,0,0.0
mg25,2021-04-02,2021-04-02 02:00:00,,,1,0,0.0
mg25,2021-04-02,2021-04-02 03:00:00,,,1,0,0.0
mg25,2021-04-02,2021-04-02 04:00:00,,,1,0,0.0
mg25,2021-04-02,2021-04-02 05:00:00,1.4166666666666667,1.4166666666666667,1,1,1.0
mg25,2021-04-02,2021-04-02 07:00:00,,,1,0,0.0
mg25,2021-04-02,2021-04-02 11:00:00,,,4,0,0.0
mg25,2021-04-02,2021-04-02 12:00:00,,,4,0,0.0
mg25,2021-04-03,2021-04-03 01:00:00,,,3,0,0.0
mg25,2021-04-03,2021-04-03 09:00:00,,,1,0,0.0
mg25,2021-04-03,2021-04-03 10:00:00,,,1,0,0.0
mg25,2021-04-03,2021-04-03 12:00:00,,,1,0,0.0
mg25,2021-04-04,2021-04-04 00:00:00,,,1,0,0.0
mg25,2021-04-04,2021-04-04 01:00:00,,,4,0,0.0
mg25,2021-04-04,2021-04-04 02:00:00,,,1,0,0.0
mg25,2021-04-04,2021-04-04 04:00:00,,,4,0,0.0
mg25,2021-04-04,2021-04-04 05:00:00,,,5,0,0.0
mg25,2021-04-04,2021-04-04 06:00:00,,,9,0,0.0
mg25,2021-04-04,2021-04-04 07:00:00,,,9,0,0.0
mg25,2021-04-04,2021-04-04 10:00:00,,,1,0,0.0
mh40,2021-03-04,2021-03-04 10:00:00,,,3,0,0.0
mh40,2021-03-04,2021-03-04 11:00:00,,,10,0,0.0
mh40,2021-03-04,2021-03-04 12:00:00,,,10,0,0.0
mh40,2021-03-04,2021-03-04 13:00:00,,,9,0,0.0
mh40,2021-03-04,2021-03-04 14:00:00,,,9,0,0.0
mh40,2021-03-04,2021-03-04 15:00:00,,,10,0,0.0
mh40,2021-03-04,2021-03-04 16:00:00,,,10,0,0.0
mh40,2021-03-04,2021-03-04 17:00:00,,,11,0,0.0
mh40,2021-03-04,2021-03-04 18:00:00,,,2,0,0.0
mh40,2021-03-07,2021-03-07 23:00:00,0.0,0.0,1,1,1.0
mh40,2021-03-08,2021-03-08 00:00:00,0.0,0.0,5,5,1.0
mh40,2021-03-08,2021-03-08 01:00:00,0.0,0.0,3,2,0.6666666666666666
mh40,2021-03-08,2021-03-08 03:00:00,,,3,0,0.0
mh40,2021-03-08,2021-03-08 04:00:00,0.0,0.0,6,5,0.8333333333333334
mh40,2021-03-08,2021-03-08 05:00:00,0.0,0.0,2,1,0.5
mh40,2021-03-08,2021-03-08 06:00:00,0.0,0.0,2,2,1.0
mh40,2021-03-08,2021-03-08 11:00:00,1.4166666666666667,1.4166666666666667,8,4,0.5
mh40,2021-03-08,2021-03-08 12:00:00,0.0,0.0,5,1,0.2
mh40,2021-03-08,2021-03-08 13:00:00,0.0,0.0,4,2,0.5
mh40,2021-03-08,2021-03-08 14:00:00,0.0,0.0,3,3,1.0
mh40,2021-03-08,2021-03-08 23:00:00,0.0,0.0,2,2,1.0
mh40,2021-03-09,2021-03-09 00:00:00,,,1,0,0.0
mh40,2021-03-09,2021-03-09 01:00:00,,,6,0,0.0
mh40,2021-03-09,2021-03-09 02:00:00,0.0,0.0,7,4,0.5714285714285714
mh40,2021-03-09,2021-03-09 03:00:00,35.5,35.5,4,3,0.75
mh40,2021-03-09,2021-03-09 04:00:00,0.0,0.0,9,5,0.5555555555555556
mh40,2021-03-09,2021-03-09 05:00:00,0.0,0.0,7,3,0.42857142857142855
mh40,2021-03-09,2021-03-09 06:00:00,0.0,0.0,9,1,0.1111111111111111
mh40,2021-03-09,2021-03-09 07:00:00,0.0,0.0,3,1,0.3333333333333333
mh40,2021-03-09,2021-03-09 08:00:00,0.0,0.0,3,1,0.3333333333333333
mh40,2021-03-09,2021-03-09 10:00:00,0.0,0.0,3,3,1.0
mh40,2021-03-09,2021-03-09 11:00:00,0.0,0.0,10,8,0.8
mh40,2021-03-09,2021-03-09 12:00:00,5.6,5.6,6,4,0.6666666666666666
mh40,2021-03-09,2021-03-09 13:00:00,0.0,0.0,8,2,0.25
mh40,2021-03-09,2021-03-09 14:00:00,0.0,0.0,7,1,0.14285714285714285
mh40,2021-03-09,2021-03-09 15:00:00,,,8,0,0.0
mh40,2021-03-09,2021-03-09 16:00:00,,,1,0,0.0
mh40,2021-03-10,2021-03-10 00:00:00,0.0,0.0,9,7,0.7777777777777778
mh40,2021-03-10,2021-03-10 01:00:00,5.333333333333333,5.333333333333333,8,3,0.375
mh40,2021-03-10,2021-03-10 02:00:00,0.0,0.0,8,3,0.375
mh40,2021-03-10,2021-03-10 04:00:00,1.6666666666666667,1.6666666666666667,9,7,0.7777777777777778
mh40,2021-03-10,2021-03-10 05:00:00,0.0,0.0,7,7,1.0
mh40,2021-03-10,2021-03-10 06:00:00,0.0,0.0,5,3,0.6
mh40,2021-03-10,2021-03-10 10:00:00,,,2,0,0.0
mh40,2021-03-10,2021-03-10 12:00:00,0.0,0.0,4,3,0.75
mh40,2021-03-10,2021-03-10 14:00:00,0.0,0.0,7,5,0.7142857142857143
mh40,2021-03-10,2021-03-10 15:00:00,0.0,0.0,6,1,0.16666666666666666
mh40,2021-03-11,2021-03-11 00:00:00,,,1,0,0.0
mh40,2021-03-11,2021-03-11 01:00:00,3.6,3.6,9,8,0.8888888888888888
mh40,2021-03-11,2021-03-11 02:00:00,0.0,0.0,2,1,0.5
mh40,2021-03-11,2021-03-11 03:00:00,,,3,0,0.0
mh40,2021-03-11,2021-03-11 04:00:00,0.0,0.0,4,2,0.5
mh40,2021-03-11,2021-03-11 05:00:00,0.0,0.0,4,3,0.75
mh40,2021-03-11,2021-03-11 06:00:00,0.0,0.0,4,2,0.5
mh40,2021-03-11,2021-03-11 07:00:00,0.0,0.0,4,4,1.0
mh40,2021-03-11,2021-03-11 08:00:00,0.0,0.0,1,1,1.0
mh40,2021-03-11,2021-03-11 11:00:00,0.0,0.0,1,1,1.0
mh40,2021-03-11,2021-03-11 12:00:00,0.0,0.0,4,1,0.25
mh40,2021-03-11,2021-03-11 13:00:00,0.0,0.0,8,2,0.25
mh40,2021-03-11,2021-03-11 14:00:00,5.666666666666667,5.666666666666667,9,6,0.6666666666666666
mh40,2021-03-11,2021-03-11 15:00:00,0.0,0.0,8,4,0.5
mh40,2021-03-11,2021-03-11 23:00:00,0.0,0.0,3,2,0.6666666666666666
mh40,2021-03-12,2021-03-12 00:00:00,0.0,0.0,9,6,0.6666666666666666
mh40,2021-03-12,2021-03-12 01:00:00,4.75,4.75,11,6,0.5454545454545454
mh40,2021-03-12,2021-03-12 02:00:00,0.0,0.0,3,3,1.0
mh40,2021-03-12,2021-03-12 03:00:00,30.583333333333332,19.5,3,3,1.0
mh40,2021-03-12,2021-03-12 04:00:00,31.666666666666668,31.666666666666668,11,7,0.6363636363636364
mh40,2021-03-12,2021-03-12 05:00:00,0.0,0.0,10,4,0.4
mh40,2021-03-12,2021-03-12 06:00:00,0.0,0.0,7,4,0.5714285714285714
mh40,2021-03-12,2021-03-12 07:00:00,8.0,8.0,8,4,0.5
mh40,2021-03-12,2021-03-12 08:00:00,0.0,0.0,5,3,0.6
mh40,2021-03-12,2021-03-12 11:00:00,,,3,0,0.0
mh40,2021-03-12,2021-03-12 12:00:00,0.0,0.0,4,3,0.75
mh40,2021-03-12,2021-03-12 13:00:00,0.0,0.0,6,3,0.5
mh40,2021-03-12,2021-03-12 14:00:00,0.0,0.0,1,1,1.0
mh40,2021-03-12,2021-03-12 16:00:00,0.0,0.0,1,1,1.0
mh40,2021-03-13,2021-03-13 00:00:00,0.0,0.0,4,2,0.5
mh40,2021-03-13,2021-03-13 01:00:00,0.0,0.0,5,3,0.6
mh40,2021-03-13,2021-03-13 02:00:00,0.0,0.0,7,5,0.7142857142857143
mh40,2021-03-13,2021-03-13 03:00:00,,,1,0,0.0
mh40,2021-03-13,2021-03-13 04:00:00,0.0,0.0,3,2,0.6666666666666666
mh40,2021-03-13,2021-03-13 05:00:00,0.0,0.0,2,1,0.5
mh40,2021-03-13,2021-03-13 07:00:00,0.0,0.0,5,1,0.2
mh40,2021-03-13,2021-03-13 08:00:00,0.0,0.0,4,1,0.25
mh40,2021-03-13,2021-03-13 09:00:00,0.0,0.0,6,4,0.6666666666666666
mh40,2021-03-13,2021-03-13 11:00:00,35.0,35.0,3,1,0.3333333333333333
mh40,2021-03-13,2021-03-13 12:00:00,21.625,21.625,1,1,1.0
mh40,2021-03-13,2021-03-13 14:00:00,4.8,4.8,1,1,1.0
mh40,2021-03-13,2021-03-13 15:00:00,0.0,0.0,2,2,1.0
mh40,2021-03-14,2021-03-14 01:00:00,,,1,0,0.0
mh40,2021-03-14,2021-03-14 02:00:00,2.4,2.4,4,3,0.75
mh40,2021-03-14,2021-03-14 03:00:00,0.0,0.0,4,2,0.5
mh40,2021-03-14,2021-03-14 04:00:00,0.0,0.0,2,2,1.0
mh40,2021-03-14,2021-03-14 05:00:00,0.0,0.0,11,2,0.18181818181818182
mh40,2021-03-14,2021-03-14 06:00:00,0.0,0.0,5,2,0.4
mh40,2021-03-14,2021-03-14 07:00:00,1.4666666666666666,1.4666666666666666,7,6,0.8571428571428571
mh40,2021-03-14,2021-03-14 10:00:00,,,4,0,0.0
mh40,2021-03-14,2021-03-14 11:00:00,0.0,0.0,3,1,0.3333333333333333
mh40,2021-03-14,2021-03-14 12:00:00,0.0,0.0,1,1,1.0
mh40,2021-03-14,2021-03-14 13:00:00,0.0,0.0,6,4,0.6666666666666666
mh40,2021-03-14,2021-03-14 14:00:00,0.0,0.0,8,2,0.25
mh40,2021-03-14,2021-03-14 15:00:00,0.0,0.0,3,3,1.0
mh40,2021-03-14,2021-03-14 23:00:00,0.0,0.0,3,3,1.0
mh40,2021-03-15,2021-03-15 00:00:00,6.2,4.0,11,10,0.9090909090909091
mh40,2021-03-15,2021-03-15 01:00:00,0.0,0.0,7,4,0.5714285714285714
mh40,2021-03-15,2021-03-15 02:00:00,2.333333333333333,2.333333333333333,6,3,0.5
mh40,2021-03-15,2021-03-15 04:00:00,0.0,0.0,3,3,1.0
mh40,2021-03-15,2021-03-15 05:00:00,1.8333333333333333,1.8333333333333333,6,5,0.8333333333333334
mh40,2021-03-15,2021-03-15 08:00:00,,,1,0,0.0
mh40,2021-03-15,2021-03-15 09:00:00,0.0,0.0,1,1,1.0
mh40,2021-03-15,2021-03-15 10:00:00,0.0,0.0,3,3,1.0
mh40,2021-03-15,2021-03-15 11:00:00,0.0,0.0,6,4,0.6666666666666666
mh40,2021-03-15,2021-03-15 12:00:00,0.0,0.0,4,4,1.0
mh40,2021-03-15,2021-03-15 13:00:00,0.0,0.0,7,4,0.5714285714285714
mh40,2021-03-15,2021-03-15 14:00:00,3.142857142857143,3.142857142857143,6,4,0.6666666666666666
mh40,2021-03-15,2021-03-15 22:00:00,4.333333333333333,4.333333333333333,2,1,0.5
mh40,2021-03-15,2021-03-15 23:00:00,0.0,0.0,2,1,0.5
mh40,2021-03-16,2021-03-16 00:00:00,0.0,0.0,3,2,0.6666666666666666
mh40,2021-03-16,2021-03-16 01:00:00,0.0,0.0,7,1,0.14285714285714285
mh40,2021-03-16,2021-03-16 02:00:00,,,1,0,0.0
mh40,2021-03-16,2021-03-16 03:00:00,0.0,0.0,2,2,1.0
mh40,2021-03-16,2021-03-16 04:00:00,0.0,0.0,6,6,1.0
mh40,2021-03-16,2021-03-16 05:00:00,2.0,2.0,6,5,0.8333333333333334
mh40,2021-03-16,2021-03-16 06:00:00,0.0,0.0,1,1,1.0
mh40,2021-03-16,2021-03-16 09:00:00,0.0,0.0,1,1,1.0
mh40,2021-03-16,2021-03-16 10:00:00,0.0,0.0,1,1,1.0
mh40,2021-03-16,2021-03-16 11:00:00,0.0,0.0,3,3,1.0
mh40,2021-03-16,2021-03-16 12:00:00,0.0,0.0,12,10,0.8333333333333334
mh40,2021-03-16,2021-03-16 13:00:00,1.1666666666666667,1.1666666666666667,5,5,1.0
mh40,2021-03-16,2021-03-16 23:00:00,0.0,0.0,1,1,1.0
mh40,2021-03-17,2021-03-17 00:00:00,0.0,0.0,8,4,0.5
mh40,2021-03-17,2021-03-17 01:00:00,4.333333333333333,4.333333333333333,5,2,0.4
mh40,2021-03-17,2021-03-17 02:00:00,0.0,0.0,4,3,0.75
mh40,2021-03-17,2021-03-17 03:00:00,,,1,0,0.0
mh40,2021-03-17,2021-03-17 04:00:00,0.0,0.0,10,5,0.5
mh40,2021-03-17,2021-03-17 05:00:00,0.0,0.0,4,1,0.25
mh40,2021-03-17,2021-03-17 06:00:00,0.0,0.0,7,5,0.7142857142857143
mh40,2021-03-17,2021-03-17 07:00:00,6.6,6.6,1,1,1.0
mh40,2021-03-17,2021-03-17 09:00:00,19.25,19.25,1,1,1.0
mh40,2021-03-17,2021-03-17 10:00:00,0.0,0.0,6,2,0.3333333333333333
mh40,2021-03-17,2021-03-17 23:00:00,12.25,12.25,5,4,0.8
mh40,2021-03-18,2021-03-18 00:00:00,0.0,0.0,2,2,1.0
mh40,2021-03-18,2021-03-18 01:00:00,0.0,0.0,3,2,0.6666666666666666
mh40,2021-03-18,2021-03-18 02:00:00,0.0,0.0,5,1,0.2
mh40,2021-03-18,2021-03-18 03:00:00,26.33333333333333,26.33333333333333,6,3,0.5
mh40,2021-03-18,2021-03-18 04:00:00,0.0,0.0,4,1,0.25
mh40,2021-03-18,2021-03-18 05:00:00,0.0,0.0,4,1,0.25
mh40,2021-03-18,2021-03-18 06:00:00,0.0,0.0,7,5,0.7142857142857143
mh40,2021-03-18,2021-03-18 07:00:00,,,1,0,0.0
mh40,2021-03-18,2021-03-18 08:00:00,0.0,0.0,2,1,0.5
mh40,2021-03-18,2021-03-18 09:00:00,0.0,0.0,6,2,0.3333333333333333
mh40,2021-03-18,2021-03-18 10:00:00,0.0,0.0,12,4,0.3333333333333333
mh40,2021-03-18,2021-03-18 11:00:00,0.0,0.0,11,2,0.18181818181818182
mh40,2021-03-18,2021-03-18 12:00:00,0.0,0.0,6,1,0.16666666666666666
mh40,2021-03-18,2021-03-18 14:00:00,0.0,0.0,3,1,0.3333333333333333
mh40,2021-03-18,2021-03-18 23:00:00,0.0,0.0,4,2,0.5
mh40,2021-03-19,2021-03-19 00:00:00,0.0,0.0,7,5,0.7142857142857143
mh40,2021-03-19,2021-03-19 01:00:00,0.0,0.0,9,1,0.1111111111111111
mh40,2021-03-19,2021-03-19 02:00:00,0.0,0.0,3,3,1.0
mh40,2021-03-19,2021-03-19 03:00:00,,,1,0,0.0
mh40,2021-03-19,2021-03-19 04:00:00,,,4,0,0.0
mh40,2021-03-19,2021-03-19 05:00:00,0.0,0.0,10,2,0.2
mh40,2021-03-19,2021-03-19 06:00:00,0.0,0.0,8,3,0.375
mh40,2021-03-19,2021-03-19 07:00:00,0.0,0.0,2,2,1.0
mh40,2021-03-19,2021-03-19 08:00:00,0.0,0.0,5,1,0.2
mh40,2021-03-19,2021-03-19 09:00:00,0.0,0.0,2,1,0.5
mh40,2021-03-19,2021-03-19 10:00:00,0.0,0.0,10,1,0.1
mh40,2021-03-19,2021-03-19 11:00:00,5.625,5.625,5,3,0.6
mh40,2021-03-19,2021-03-19 13:00:00,2.5,2.5,1,1,1.0
mh40,2021-03-20,2021-03-20 00:00:00,0.0,0.0,3,2,0.6666666666666666
mh40,2021-03-20,2021-03-20 01:00:00,0.0,0.0,4,3,0.75
mh40,2021-03-20,2021-03-20 02:00:00,0.0,0.0,2,1,0.5
mh40,2021-03-20,2021-03-20 03:00:00,,,3,0,0.0
mh40,2021-03-20,2021-03-20 04:00:00,0.0,0.0,4,1,0.25
mh40,2021-03-20,2021-03-20 05:00:00,0.0,0.0,11,4,0.36363636363636365
mh40,2021-03-20,2021-03-20 09:00:00,0.0,0.0,6,2,0.3333333333333333
mh40,2021-03-20,2021-03-20 10:00:00,0.0,0.0,5,2,0.4
mh40,2021-03-20,2021-03-20 11:00:00,0.0,0.0,1,1,1.0
mh40,2021-03-20,2021-03-20 12:00:00,0.0,0.0,3,2,0.6666666666666666
mh40,2021-03-20,2021-03-20 13:00:00,0.0,0.0,1,1,1.0
mh40,2021-03-20,2021-03-20 14:00:00,0.0,0.0,4,3,0.75
mh40,2021-03-21,2021-03-21 05:00:00,0.0,0.0,2,1,0.5
mh40,2021-03-21,2021-03-21 06:00:00,8.666666666666668,5.666666666666667,8,5,0.625
mh40,2021-03-21,2021-03-21 07:00:00,0.0,0.0,2,1,0.5
mh40,2021-03-21,2021-03-21 09:00:00,0.0,0.0,4,2,0.5
mh40,2021-03-21,2021-03-21 10:00:00,0.0,0.0,2,2,1.0
mh40,2021-03-21,2021-03-21 11:00:00,0.0,0.0,4,2,0.5
mh40,2021-03-21,2021-03-21 12:00:00,23.666666666666664,12.666666666666666,11,6,0.5454545454545454
mh40,2021-03-21,2021-03-21 13:00:00,10.0,10.0,8,3,0.375
mh40,2021-03-21,2021-03-21 14:00:00,2.8,2.8,7,2,0.2857142857142857
mh40,2021-03-21,2021-03-21 15:00:00,,,1,0,0.0
mh40,2021-03-21,2021-03-21 23:00:00,,,1,0,0.0
mh40,2021-03-22,2021-03-22 00:00:00,0.0,0.0,5,1,0.2
mh40,2021-03-22,2021-03-22 01:00:00,,,4,0,0.0
mh40,2021-03-22,2021-03-22 02:00:00,0.0,0.0,1,1,1.0
mh40,2021-03-22,2021-03-22 03:00:00,,,2,0,0.0
mh40,2021-03-22,2021-03-22 04:00:00,0.0,0.0,6,3,0.5
mh40,2021-03-22,2021-03-22 05:00:00,0.0,0.0,7,2,0.2857142857142857
mh40,2021-03-22,2021-03-22 06:00:00,,,11,0,0.0
mh40,2021-03-22,2021-03-22 07:00:00,0.0,0.0,7,2,0.2857142857142857
mh40,2021-03-22,2021-03-22 08:00:00,0.0,0.0,7,3,0.42857142857142855
mh40,2021-03-22,2021-03-22 09:00:00,0.0,0.0,6,1,0.16666666666666666
mh40,2021-03-22,2021-03-22 10:00:00,,,2,0,0.0
mh40,2021-03-22,2021-03-22 11:00:00,20.236011904761906,10.871428571428572,2,2,1.0
mh40,2021-03-22,2021-03-22 12:00:00,0.0,0.0,2,1,0.5
mh40,2021-03-22,2021-03-22 13:00:00,0.0,0.0,4,1,0.25
mh40,2021-03-22,2021-03-22 14:00:00,0.0,0.0,5,4,0.8
mh40,2021-03-23,2021-03-23 00:00:00,,,2,0,0.0
mh40,2021-03-23,2021-03-23 01:00:00,0.0,0.0,5,3,0.6
mh40,2021-03-23,2021-03-23 02:00:00,0.0,0.0,7,5,0.7142857142857143
mh40,2021-03-23,2021-03-23 03:00:00,0.0,0.0,1,1,1.0
mh40,2021-03-23,2021-03-23 04:00:00,0.0,0.0,8,3,0.375
mh40,2021-03-23,2021-03-23 05:00:00,0.0,0.0,2,1,0.5
mh40,2021-03-23,2021-03-23 06:00:00,0.0,0.0,1,1,1.0
mh40,2021-03-23,2021-03-23 07:00:00,0.0,0.0,1,1,1.0
mh40,2021-03-23,2021-03-23 09:00:00,0.0,0.0,7,1,0.14285714285714285
mh40,2021-03-23,2021-03-23 10:00:00,0.0,0.0,9,4,0.4444444444444444
mh40,2021-03-23,2021-03-23 11:00:00,,,1,0,0.0
mh40,2021-03-23,2021-03-23 12:00:00,3.0,3.0,1,1,1.0
mh40,2021-03-23,2021-03-23 14:00:00,0.0,0.0,4,1,0.25
mh40,2021-03-23,2021-03-23 23:00:00,0.0,0.0,1,1,1.0
mh40,2021-03-24,2021-03-24 00:00:00,0.0,0.0,2,1,0.5
mh40,2021-03-24,2021-03-24 01:00:00,1.4444444444444444,1.4444444444444444,5,3,0.6
mh40,2021-03-24,2021-03-24 02:00:00,0.0,0.0,5,3,0.6
mh40,2021-03-24,2021-03-24 04:00:00,56.0,56.0,7,2,0.2857142857142857
mh40,2021-03-24,2021-03-24 05:00:00,10.666666666666666,10.666666666666666,8,3,0.375
mh40,2021-03-24,2021-03-24 06:00:00,0.0,0.0,7,2,0.2857142857142857
mh40,2021-03-24,2021-03-24 07:00:00,0.0,0.0,10,5,0.5
mh40,2021-03-24,2021-03-24 08:00:00,0.0,0.0,4,1,0.25
mh40,2021-03-24,2021-03-24 09:00:00,0.0,0.0,9,3,0.3333333333333333
mh40,2021-03-24,2021-03-24 10:00:00,0.0,0.0,6,3,0.5
mh40,2021-03-24,2021-03-24 11:00:00,0.0,0.0,1,1,1.0
mh40,2021-03-24,2021-03-24 12:00:00,,,2,0,0.0
mh40,2021-03-24,2021-03-24 13:00:00,0.0,0.0,6,2,0.3333333333333333
mh40,2021-03-24,2021-03-24 23:00:00,0.0,0.0,4,2,0.5
mh40,2021-03-25,2021-03-25 01:00:00,,,1,0,0.0
mh40,2021-03-25,2021-03-25 02:00:00,0.0,0.0,1,1,1.0
mh40,2021-03-25,2021-03-25 03:00:00,11.0,11.0,5,2,0.4
mh40,2021-03-25,2021-03-25 04:00:00,0.0,0.0,2,1,0.5
mh40,2021-03-25,2021-03-25 05:00:00,,,2,0,0.0
mh40,2021-03-25,2021-03-25 06:00:00,,,1,0,0.0
mh40,2021-03-25,2021-03-25 08:00:00,,,2,0,0.0
mh40,2021-03-25,2021-03-25 10:00:00,0.0,0.0,7,4,0.5714285714285714
mh40,2021-03-25,2021-03-25 12:00:00,0.0,0.0,5,1,0.2
mh40,2021-03-25,2021-03-25 13:00:00,,,1,0,0.0
mh40,2021-03-25,2021-03-25 14:00:00,0.0,0.0,3,1,0.3333333333333333
mh40,2021-03-25,2021-03-25 15:00:00,,,3,0,0.0
mh40,2021-03-25,2021-03-25 23:00:00,0.0,0.0,6,3,0.5
mh40,2021-03-26,2021-03-26 00:00:00,0.0,0.0,2,1,0.5
mh40,2021-03-26,2021-03-26 01:00:00,,,3,0,0.0
mh40,2021-03-26,2021-03-26 03:00:00,0.0,0.0,3,2,0.6666666666666666
mh40,2021-03-26,2021-03-26 04:00:00,,,1,0,0.0
mh40,2021-03-26,2021-03-26 06:00:00,0.0,0.0,2,2,1.0
mh40,2021-03-26,2021-03-26 07:00:00,130.2,130.2,8,6,0.75
mh40,2021-03-26,2021-03-26 08:00:00,0.0,0.0,1,1,1.0
mh40,2021-03-26,2021-03-26 09:00:00,0.0,0.0,1,1,1.0
mh40,2021-03-26,2021-03-26 12:00:00,6.285714285714286,6.285714285714286,3,3,1.0
mh40,2021-03-26,2021-03-26 13:00:00,4.25,4.25,1,1,1.0
mh40,2021-03-27,2021-03-27 01:00:00,2.625,2.625,5,4,0.8
mh40,2021-03-27,2021-03-27 02:00:00,0.0,0.0,5,5,1.0
mh40,2021-03-27,2021-03-27 03:00:00,0.0,0.0,4,4,1.0
mh40,2021-03-27,2021-03-27 05:00:00,0.0,0.0,1,1,1.0
mh40,2021-03-27,2021-03-27 06:00:00,0.0,0.0,1,1,1.0
mh40,2021-03-27,2021-03-27 08:00:00,0.0,0.0,7,2,0.2857142857142857
mh40,2021-03-27,2021-03-27 09:00:00,,,3,0,0.0
mh40,2021-03-27,2021-03-27 10:00:00,13.0,13.0,2,2,1.0
mh40,2021-03-27,2021-03-27 11:00:00,23.6,23.6,4,1,0.25
mh40,2021-03-27,2021-03-27 12:00:00,,,2,0,0.0
mh40,2021-03-27,2021-03-27 13:00:00,0.0,0.0,1,1,1.0
mh40,2021-03-27,2021-03-27 14:00:00,0.0,0.0,3,1,0.3333333333333333
mh40,2021-03-27,2021-03-27 15:00:00,0.0,0.0,2,2,1.0
mh40,2021-03-27,2021-03-27 22:00:00,0.0,0.0,6,4,0.6666666666666666
mh40,2021-03-27,2021-03-27 23:00:00,0.0,0.0,11,4,0.36363636363636365
mh40,2021-03-28,2021-03-28 00:00:00,0.0,0.0,12,3,0.25
mh40,2021-03-28,2021-03-28 01:00:00,0.0,0.0,6,1,0.16666666666666666
mh40,2021-03-28,2021-03-28 02:00:00,15.0,15.0,4,2,0.5
mh40,2021-03-28,2021-03-28 04:00:00,0.0,0.0,11,2,0.18181818181818182
mh40,2021-03-28,2021-03-28 05:00:00,0.0,0.0,10,2,0.2
mh40,2021-03-28,2021-03-28 06:00:00,0.0,0.0,9,1,0.1111111111111111
mh40,2021-03-28,2021-03-28 07:00:00,3.6666666666666665,3.6666666666666665,7,3,0.42857142857142855
mh40,2021-03-28,2021-03-28 09:00:00,0.0,0.0,2,1,0.5
mh40,2021-03-28,2021-03-28 10:00:00,0.0,0.0,5,1,0.2
mh40,2021-03-28,2021-03-28 11:00:00,2.142857142857143,2.142857142857143,7,4,0.5714285714285714
mh40,2021-03-28,2021-03-28 12:00:00,,,1,0,0.0
mh40,2021-03-28,2021-03-28 23:00:00,5.0,5.0,4,4,1.0
mh40,2021-03-29,2021-03-29 00:00:00,0.0,0.0,4,2,0.5
mh40,2021-03-29,2021-03-29 01:00:00,4.6,4.6,4,3,0.75
mh40,2021-03-29,2021-03-29 02:00:00,0.0,0.0,4,2,0.5
mh40,2021-03-29,2021-03-29 03:00:00,0.0,0.0,1,1,1.0
mh40,2021-03-29,2021-03-29 04:00:00,0.0,0.0,6,5,0.8333333333333334
mh40,2021-03-29,2021-03-29 05:00:00,2.5,2.5,7,7,1.0
mh40,2021-03-29,2021-03-29 06:00:00,0.0,0.0,11,2,0.18181818181818182
mh40,2021-03-29,2021-03-29 07:00:00,0.0,0.0,8,7,0.875
mh40,2021-03-29,2021-03-29 08:00:00,0.0,0.0,3,2,0.6666666666666666
mh40,2021-03-29,2021-03-29 09:00:00,0.0,0.0,4,1,0.25
mh40,2021-03-29,2021-03-29 10:00:00,0.0,0.0,11,7,0.6363636363636364
mh40,2021-03-29,2021-03-29 11:00:00,0.0,0.0,5,3,0.6
mh40,2021-03-29,2021-03-29 12:00:00,,,11,0,0.0
mh40,2021-03-29,2021-03-29 13:00:00,8.5,8.5,5,3,0.6
mh40,2021-03-29,2021-03-29 14:00:00,0.0,0.0,7,4,0.5714285714285714
mh40,2021-03-31,2021-03-31 01:00:00,0.0,0.0,3,2,0.6666666666666666
mh40,2021-03-31,2021-03-31 02:00:00,0.0,0.0,2,2,1.0
mh40,2021-03-31,2021-03-31 03:00:00,0.0,0.0,1,1,1.0
mh40,2021-03-31,2021-03-31 04:00:00,0.0,0.0,2,2,1.0
mh40,2021-03-31,2021-03-31 05:00:00,93.5,93.5,7,4,0.5714285714285714
mh40,2021-03-31,2021-03-31 06:00:00,0.0,0.0,9,4,0.4444444444444444
mh40,2021-03-31,2021-03-31 07:00:00,0.0,0.0,8,2,0.25
mh40,2021-03-31,2021-03-31 10:00:00,0.0,0.0,3,1,0.3333333333333333
mh40,2021-03-31,2021-03-31 11:00:00,0.0,0.0,6,5,0.8333333333333334
mh40,2021-03-31,2021-03-31 12:00:00,,,1,0,0.0
mh40,2021-03-31,2021-03-31 13:00:00,0.0,0.0,2,1,0.5
mh40,2021-03-31,2021-03-31 14:00:00,0.0,0.0,3,2,0.6666666666666666
mh40,2021-03-31,2021-03-31 15:00:00,6.0,6.0,2,2,1.0
mh40,2021-03-31,2021-03-31 16:00:00,,,1,0,0.0
mh40,2021-04-01,2021-04-01 00:00:00,0.0,0.0,1,1,1.0
mh40,2021-04-01,2021-04-01 01:00:00,,,1,0,0.0
mh40,2021-04-01,2021-04-01 02:00:00,0.0,0.0,2,1,0.5
mh40,2021-04-01,2021-04-01 03:00:00,0.0,0.0,2,1,0.5
mh40,2021-04-01,2021-04-01 04:00:00,0.0,0.0,6,1,0.16666666666666666
mh40,2021-04-01,2021-04-01 05:00:00,0.0,0.0,5,5,1.0
mh40,2021-04-01,2021-04-01 07:00:00,0.0,0.0,1,1,1.0
mh40,2021-04-01,2021-04-01 08:00:00,,,3,0,0.0
mh40,2021-04-01,2021-04-01 09:00:00,,,1,0,0.0
mh40,2021-04-01,2021-04-01 10:00:00,0.0,0.0,1,1,1.0
mh40,2021-04-01,2021-04-01 12:00:00,0.0,0.0,6,5,0.8333333333333334
mh40,2021-04-01,2021-04-01 13:00:00,0.0,0.0,7,5,0.7142857142857143
mh40,2021-04-01,2021-04-01 14:00:00,0.0,0.0,3,1,0.3333333333333333
mh40,2021-04-01,2021-04-01 15:00:00,0.0,0.0,3,2,0.6666666666666666
mh40,2021-04-01,2021-04-01 23:00:00,3.8,3.8,1,1,1.0
mh40,2021-04-02,2021-04-02 00:00:00,0.0,0.0,8,2,0.25
mh40,2021-04-02,2021-04-02 01:00:00,0.0,0.0,6,1,0.16666666666666666
mh40,2021-04-02,2021-04-02 02:00:00,,,2,0,0.0
mh40,2021-04-02,2021-04-02 03:00:00,0.0,0.0,4,2,0.5
mh40,2021-04-02,2021-04-02 06:00:00,3.333333333333333,3.333333333333333,3,3,1.0
mh40,2021-04-02,2021-04-02 07:00:00,0.0,0.0,3,2,0.6666666666666666
mh40,2021-04-02,2021-04-02 08:00:00,0.0,0.0,1,1,1.0
mh40,2021-04-02,2021-04-02 09:00:00,0.0,0.0,1,1,1.0
mh40,2021-04-02,2021-04-02 10:00:00,0.0,0.0,1,1,1.0
mh40,2021-04-02,2021-04-02 11:00:00,0.0,0.0,2,1,0.5
mh40,2021-04-03,2021-04-03 02:00:00,0.0,0.0,2,2,1.0
mh40,2021-04-03,2021-04-03 03:00:00,0.0,0.0,2,2,1.0
mh40,2021-04-03,2021-04-03 04:00:00,,,1,0,0.0
mh40,2021-04-03,2021-04-03 05:00:00,,,1,0,0.0
mh40,2021-04-03,2021-04-03 06:00:00,0.0,0.0,3,3,1.0
mh40,2021-04-03,2021-04-03 07:00:00,0.0,0.0,8,3,0.375
mh40,2021-04-03,2021-04-03 08:00:00,0.0,0.0,5,3,0.6
mh40,2021-04-03,2021-04-03 09:00:00,0.0,0.0,4,4,1.0
mh40,2021-04-03,2021-04-03 10:00:00,0.0,0.0,1,1,1.0
mh40,2021-04-03,2021-04-03 11:00:00,0.0,0.0,7,5,0.7142857142857143
mh40,2021-04-03,2021-04-03 12:00:00,0.0,0.0,3,2,0.6666666666666666
mh40,2021-04-03,2021-04-03 13:00:00,11.142857142857142,11.142857142857142,1,1,1.0
mh40,2021-04-03,2021-04-03 14:00:00,0.0,0.0,2,2,1.0
mh40,2021-04-04,2021-04-04 01:00:00,,,2,0,0.0
mh40,2021-04-04,2021-04-04 02:00:00,0.0,0.0,9,2,0.2222222222222222
mh40,2021-04-04,2021-04-04 03:00:00,,,4,0,0.0
mh40,2021-04-04,2021-04-04 04:00:00,0.0,0.0,3,1,0.3333333333333333
mh40,2021-04-04,2021-04-04 05:00:00,0.0,0.0,11,8,0.7272727272727273
mh40,2021-04-04,2021-04-04 06:00:00,0.0,0.0,10,3,0.3
mh40,2021-04-04,2021-04-04 07:00:00,0.0,0.0,10,6,0.6
mh40,2021-04-04,2021-04-04 08:00:00,,,4,0,0.0
mh40,2021-04-04,2021-04-04 09:00:00,0.0,0.0,2,1,0.5
mh40,2021-04-04,2021-04-04 10:00:00,0.0,0.0,7,2,0.2857142857142857
mh40,2021-04-04,2021-04-04 11:00:00,0.0,0.0,7,1,0.14285714285714285
mh40,2021-04-04,2021-04-04 12:00:00,0.0,0.0,6,3,0.5
mh40,2021-04-04,2021-04-04 13:00:00,0.0,0.0,6,6,1.0
mh40,2021-04-04,2021-04-04 14:00:00,,,1,0,0.0
mh40,2021-04-04,2021-04-04 22:00:00,0.0,0.0,1,1,1.0
mh40,2021-04-04,2021-04-04 23:00:00,,,1,0,0.0
nd56,2021-03-04,2021-03-04 03:00:00,,,2,0,0.0
nd56,2021-03-04,2021-03-04 04:00:00,,,1,0,0.0
nd56,2021-03-04,2021-03-04 05:00:00,,,1,0,0.0
nd56,2021-03-04,2021-03-04 06:00:00,,,4,0,0.0
nd56,2021-03-04,2021-03-04 07:00:00,,,5,0,0.0
nd56,2021-03-04,2021-03-04 08:00:00,,,4,0,0.0
nd56,2021-03-04,2021-03-04 09:00:00,,,3,0,0.0
nd56,2021-03-04,2021-03-04 10:00:00,,,3,0,0.0
nd56,2021-03-04,2021-03-04 12:00:00,,,7,0,0.0
nd56,2021-03-04,2021-03-04 13:00:00,,,3,0,0.0
nd56,2021-03-05,2021-03-05 03:00:00,,,5,0,0.0
nd56,2021-03-05,2021-03-05 04:00:00,,,10,0,0.0
nd56,2021-03-05,2021-03-05 05:00:00,,,8,0,0.0
nd56,2021-03-05,2021-03-05 06:00:00,,,12,0,0.0
nd56,2021-03-05,2021-03-05 07:00:00,,,12,0,0.0
nd56,2021-03-05,2021-03-05 08:00:00,,,11,0,0.0
nd56,2021-03-05,2021-03-05 09:00:00,,,5,0,0.0
nd56,2021-03-05,2021-03-05 10:00:00,,,8,0,0.0
nd56,2021-03-06,2021-03-06 02:00:00,,,3,0,0.0
nd56,2021-03-06,2021-03-06 03:00:00,,,5,0,0.0
nd56,2021-03-06,2021-03-06 04:00:00,,,4,0,0.0
nd56,2021-03-06,2021-03-06 06:00:00,,,1,0,0.0
nd56,2021-03-06,2021-03-06 07:00:00,,,3,0,0.0
nd56,2021-03-06,2021-03-06 08:00:00,,,6,0,0.0
nd56,2021-03-06,2021-03-06 09:00:00,,,9,0,0.0
nd56,2021-03-06,2021-03-06 11:00:00,,,7,0,0.0
nd56,2021-03-06,2021-03-06 12:00:00,,,1,0,0.0
nd56,2021-03-06,2021-03-06 14:00:00,,,3,0,0.0
nd56,2021-03-06,2021-03-06 15:00:00,,,12,0,0.0
nd56,2021-03-06,2021-03-06 16:00:00,,,6,0,0.0
nd56,2021-03-07,2021-03-07 05:00:00,,,10,0,0.0
nd56,2021-03-07,2021-03-07 06:00:00,,,12,0,0.0
nd56,2021-03-07,2021-03-07 07:00:00,,,10,0,0.0
nd56,2021-03-07,2021-03-07 08:00:00,,,10,0,0.0
nd56,2021-03-07,2021-03-07 09:00:00,,,9,0,0.0
nd56,2021-03-07,2021-03-07 10:00:00,,,6,0,0.0
nd56,2021-03-07,2021-03-07 11:00:00,,,2,0,0.0
nd56,2021-03-07,2021-03-07 12:00:00,,,10,0,0.0
nd56,2021-03-07,2021-03-07 13:00:00,,,10,0,0.0
nd56,2021-03-07,2021-03-07 23:00:00,0.0,0.0,8,1,0.125
nd56,2021-03-08,2021-03-08 00:00:00,0.0,0.0,2,1,0.5
nd56,2021-03-08,2021-03-08 01:00:00,,,4,0,0.0
nd56,2021-03-08,2021-03-08 02:00:00,8.5,8.5,10,1,0.1
nd56,2021-03-08,2021-03-08 03:00:00,,,5,0,0.0
nd56,2021-03-08,2021-03-08 04:00:00,0.0,0.0,10,1,0.1
nd56,2021-03-08,2021-03-08 05:00:00,0.0,0.0,6,2,0.3333333333333333
nd56,2021-03-08,2021-03-08 06:00:00,4.875,4.875,8,4,0.5
nd56,2021-03-08,2021-03-08 07:00:00,,,8,0,0.0
nd56,2021-03-08,2021-03-08 08:00:00,,,12,0,0.0
nd56,2021-03-08,2021-03-08 09:00:00,0.0,0.0,10,2,0.2
nd56,2021-03-08,2021-03-08 10:00:00,34.0,34.0,7,1,0.14285714285714285
nd56,2021-03-08,2021-03-08 11:00:00,0.0,0.0,7,2,0.2857142857142857
nd56,2021-03-08,2021-03-08 12:00:00,4.6,4.6,7,1,0.14285714285714285
nd56,2021-03-08,2021-03-08 19:00:00,,,1,0,0.0
nd56,2021-03-08,2021-03-08 20:00:00,0.0,0.0,10,4,0.4
nd56,2021-03-08,2021-03-08 21:00:00,5.5,5.5,12,2,0.16666666666666666
nd56,2021-03-08,2021-03-08 22:00:00,0.0,0.0,12,1,0.08333333333333333
nd56,2021-03-08,2021-03-08 23:00:00,0.0,0.0,12,1,0.08333333333333333
nd56,2021-03-09,2021-03-09 00:00:00,0.0,0.0,5,1,0.2
nd56,2021-03-09,2021-03-09 01:00:00,,,7,0,0.0
nd56,2021-03-09,2021-03-09 02:00:00,0.0,0.0,8,2,0.25
nd56,2021-03-09,2021-03-09 03:00:00,9.0,6.5,5,4,0.8
nd56,2021-03-09,2021-03-09 04:00:00,0.0,0.0,11,1,0.09090909090909091
nd56,2021-03-09,2021-03-09 05:00:00,0.0,0.0,7,1,0.14285714285714285
nd56,2021-03-09,2021-03-09 06:00:00,2.5,2.5,11,1,0.09090909090909091
nd56,2021-03-09,2021-03-09 07:00:00,3.375,3.375,8,2,0.25
nd56,2021-03-09,2021-03-09 08:00:00,,,5,0,0.0
nd56,2021-03-09,2021-03-09 09:00:00,,,1,0,0.0
nd56,2021-03-09,2021-03-09 10:00:00,,,9,0,0.0
nd56,2021-03-09,2021-03-09 11:00:00,0.0,0.0,3,2,0.6666666666666666
nd56,2021-03-09,2021-03-09 12:00:00,0.0,0.0,9,4,0.4444444444444444
nd56,2021-03-09,2021-03-09 13:00:00,,,8,0,0.0
nd56,2021-03-09,2021-03-09 14:00:00,15.0,15.0,9,2,0.2222222222222222
nd56,2021-03-09,2021-03-09 15:00:00,,,1,0,0.0
nd56,2021-03-10,2021-03-10 00:00:00,4.0,4.0,2,2,1.0
nd56,2021-03-10,2021-03-10 01:00:00,2.5,2.5,1,1,1.0
nd56,2021-03-10,2021-03-10 02:00:00,0.0,0.0,7,3,0.42857142857142855
nd56,2021-03-10,2021-03-10 03:00:00,45.0,45.0,3,3,1.0
nd56,2021-03-10,2021-03-10 04:00:00,,,6,0,0.0
nd56,2021-03-10,2021-03-10 05:00:00,0.0,0.0,10,3,0.3
nd56,2021-03-10,2021-03-10 06:00:00,0.0,0.0,7,3,0.42857142857142855
nd56,2021-03-10,2021-03-10 07:00:00,0.0,0.0,5,2,0.4
nd56,2021-03-10,2021-03-10 08:00:00,0.0,0.0,12,2,0.16666666666666666
nd56,2021-03-10,2021-03-10 09:00:00,0.0,0.0,5,2,0.4
nd56,2021-03-10,2021-03-10 10:00:00,0.0,0.0,2,1,0.5
nd56,2021-03-10,2021-03-10 11:00:00,,,7,0,0.0
nd56,2021-03-10,2021-03-10 12:00:00,,,12,0,0.0
nd56,2021-03-10,2021-03-10 13:00:00,0.0,0.0,12,1,0.08333333333333333
nd56,2021-03-10,2021-03-10 14:00:00,,,3,0,0.0
nd56,2021-03-10,2021-03-10 21:00:00,0.0,0.0,2,1,0.5
nd56,2021-03-10,2021-03-10 22:00:00,14.5,14.5,6,2,0.3333333333333333
nd56,2021-03-10,2021-03-10 23:00:00,0.0,0.0,12,2,0.16666666666666666
nd56,2021-03-11,2021-03-11 00:00:00,14.785714285714286,10.285714285714286,5,4,0.8
nd56,2021-03-11,2021-03-11 01:00:00,9.0,9.0,9,2,0.2222222222222222
nd56,2021-03-11,2021-03-11 02:00:00,0.0,0.0,12,2,0.16666666666666666
nd56,2021-03-11,2021-03-11 03:00:00,,,11,0,0.0
nd56,2021-03-11,2021-03-11 04:00:00,52.0,52.0,9,5,0.5555555555555556
nd56,2021-03-11,2021-03-11 05:00:00,0.0,0.0,12,3,0.25
nd56,2021-03-11,2021-03-11 06:00:00,0.0,0.0,12,3,0.25
nd56,2021-03-11,2021-03-11 07:00:00,0.0,0.0,12,5,0.4166666666666667
nd56,2021-03-11,2021-03-11 08:00:00,0.0,0.0,8,1,0.125
nd56,2021-03-11,2021-03-11 09:00:00,,,8,0,0.0
nd56,2021-03-11,2021-03-11 10:00:00,0.0,0.0,10,1,0.1
nd56,2021-03-11,2021-03-11 11:00:00,0.0,0.0,4,3,0.75
nd56,2021-03-11,2021-03-11 12:00:00,,,1,0,0.0
nd56,2021-03-11,2021-03-11 13:00:00,4.333333333333333,4.333333333333333,7,1,0.14285714285714285
nd56,2021-03-12,2021-03-12 00:00:00,0.0,0.0,3,1,0.3333333333333333
nd56,2021-03-12,2021-03-12 01:00:00,0.0,0.0,11,6,0.5454545454545454
nd56,2021-03-12,2021-03-12 02:00:00,7.0,7.0,8,5,0.625
nd56,2021-03-12,2021-03-12 03:00:00,5.75,5.25,8,5,0.625
nd56,2021-03-12,2021-03-12 04:00:00,0.0,0.0,6,1,0.16666666666666666
nd56,2021-03-12,2021-03-12 05:00:00,0.0,0.0,12,2,0.16666666666666666
nd56,2021-03-12,2021-03-12 06:00:00,,,12,0,0.0
nd56,2021-03-12,2021-03-12 07:00:00,10.333333333333334,10.333333333333334,11,3,0.2727272727272727
nd56,2021-03-12,2021-03-12 08:00:00,,,8,0,0.0
nd56,2021-03-12,2021-03-12 09:00:00,3.6666666666666665,3.6666666666666665,8,3,0.375
nd56,2021-03-12,2021-03-12 10:00:00,22.0,22.0,5,3,0.6
nd56,2021-03-12,2021-03-12 11:00:00,0.0,0.0,9,2,0.2222222222222222
nd56,2021-03-12,2021-03-12 12:00:00,0.0,0.0,11,2,0.18181818181818182
nd56,2021-03-12,2021-03-12 13:00:00,0.0,0.0,8,2,0.25
nd56,2021-03-12,2021-03-12 14:00:00,0.0,0.0,9,1,0.1111111111111111
nd56,2021-03-13,2021-03-13 01:00:00,0.0,0.0,5,1,0.2
nd56,2021-03-13,2021-03-13 02:00:00,,,3,0,0.0
nd56,2021-03-13,2021-03-13 03:00:00,5.0,5.0,3,1,0.3333333333333333
nd56,2021-03-13,2021-03-13 04:00:00,11.2,6.0,4,3,0.75
nd56,2021-03-13,2021-03-13 05:00:00,,,3,0,0.0
nd56,2021-03-13,2021-03-13 06:00:00,5.0,5.0,4,1,0.25
nd56,2021-03-13,2021-03-13 07:00:00,,,12,0,0.0
nd56,2021-03-13,2021-03-13 08:00:00,,,12,0,0.0
nd56,2021-03-13,2021-03-13 09:00:00,,,12,0,0.0
nd56,2021-03-13,2021-03-13 10:00:00,0.0,0.0,12,1,0.08333333333333333
nd56,2021-03-13,2021-03-13 11:00:00,10.5,10.5,8,2,0.25
nd56,2021-03-13,2021-03-13 12:00:00,7.375,7.375,10,1,0.1
nd56,2021-03-13,2021-03-13 13:00:00,7.333333333333333,7.333333333333333,12,2,0.16666666666666666
nd56,2021-03-13,2021-03-13 14:00:00,10.5,8.0,11,4,0.36363636363636365
nd56,2021-03-13,2021-03-13 15:00:00,4.0,4.0,12,2,0.16666666666666666
nd56,2021-03-13,2021-03-13 16:00:00,0.0,0.0,12,1,0.08333333333333333
nd56,2021-03-13,2021-03-13 17:00:00,0.0,0.0,12,1,0.08333333333333333
nd56,2021-03-13,2021-03-13 18:00:00,,,12,0,0.0
nd56,2021-03-13,2021-03-13 19:00:00,,,7,0,0.0
nd56,2021-03-14,2021-03-14 00:00:00,,,1,0,0.0
nd56,2021-03-14,2021-03-14 01:00:00,0.0,0.0,12,1,0.08333333333333333
nd56,2021-03-14,2021-03-14 02:00:00,,,12,0,0.0
nd56,2021-03-14,2021-03-14 03:00:00,0.0,0.0,7,2,0.2857142857142857
nd56,2021-03-14,2021-03-14 04:00:00,25.0,20.666666666666668,10,2,0.2
nd56,2021-03-14,2021-03-14 05:00:00,0.0,0.0,11,3,0.2727272727272727
nd56,2021-03-14,2021-03-14 06:00:00,22.5,13.7,11,6,0.5454545454545454
nd56,2021-03-14,2021-03-14 07:00:00,0.0,0.0,11,1,0.09090909090909091
nd56,2021-03-14,2021-03-14 08:00:00,0.0,0.0,7,2,0.2857142857142857
nd56,2021-03-15,2021-03-15 09:00:00,0.0,0.0,6,1,0.16666666666666666
nd56,2021-03-15,2021-03-15 10:00:00,,,11,0,0.0
nd56,2021-03-15,2021-03-15 11:00:00,4.0,4.0,12,2,0.16666666666666666
nd56,2021-03-15,2021-03-15 12:00:00,0.0,0.0,12,1,0.08333333333333333
nd56,2021-03-15,2021-03-15 13:00:00,0.0,0.0,9,2,0.2222222222222222
nd56,2021-03-15,2021-03-15 14:00:00,0.0,0.0,7,1,0.14285714285714285
nd56,2021-03-15,2021-03-15 15:00:00,2.5,2.5,10,1,0.1
nd56,2021-03-15,2021-03-15 16:00:00,,,3,0,0.0
nd56,2021-03-15,2021-03-15 17:00:00,,,9,0,0.0
nd56,2021-03-15,2021-03-15 18:00:00,,,12,0,0.0
nd56,2021-03-15,2021-03-15 19:00:00,,,12,0,0.0
nd56,2021-03-15,2021-03-15 20:00:00,0.0,0.0,12,1,0.08333333333333333
nd56,2021-03-15,2021-03-15 21:00:00,,,4,0,0.0
nd56,2021-03-15,2021-03-15 23:00:00,38.82222222222222,21.666666666666668,8,5,0.625
nd56,2021-03-16,2021-03-16 00:00:00,15.4,14.4,5,4,0.8
nd56,2021-03-16,2021-03-16 01:00:00,0.0,0.0,9,1,0.1111111111111111
nd56,2021-03-16,2021-03-16 02:00:00,0.4285714285714285,0.4285714285714285,10,2,0.2
nd56,2021-03-16,2021-03-16 03:00:00,12.416666666666668,7.0,9,6,0.6666666666666666
nd56,2021-03-16,2021-03-16 04:00:00,0.0,0.0,10,2,0.2
nd56,2021-03-16,2021-03-16 05:00:00,0.0,0.0,4,2,0.5
nd56,2021-03-16,2021-03-16 06:00:00,,,5,0,0.0
nd56,2021-03-16,2021-03-16 07:00:00,0.0,0.0,2,1,0.5
nd56,2021-03-16,2021-03-16 08:00:00,0.0,0.0,10,3,0.3
nd56,2021-03-16,2021-03-16 09:00:00,11.0,11.0,12,2,0.16666666666666666
nd56,2021-03-16,2021-03-16 10:00:00,,,10,0,0.0
nd56,2021-03-16,2021-03-16 11:00:00,0.0,0.0,12,1,0.08333333333333333
nd56,2021-03-16,2021-03-16 12:00:00,,,6,0,0.0
nd56,2021-03-16,2021-03-16 13:00:00,0.0,0.0,3,1,0.3333333333333333
nd56,2021-03-16,2021-03-16 14:00:00,,,2,0,0.0
nd56,2021-03-16,2021-03-16 15:00:00,,,2,0,0.0
nd56,2021-03-16,2021-03-16 19:00:00,7.5,6.5,8,2,0.25
nd56,2021-03-16,2021-03-16 20:00:00,0.0,0.0,11,2,0.18181818181818182
nd56,2021-03-16,2021-03-16 21:00:00,0.0,0.0,12,1,0.08333333333333333
nd56,2021-03-16,2021-03-16 22:00:00,0.0,0.0,12,1,0.08333333333333333
nd56,2021-03-16,2021-03-16 23:00:00,,,8,0,0.0
nd56,2021-03-17,2021-03-17 00:00:00,,,4,0,0.0
nd56,2021-03-17,2021-03-17 01:00:00,0.0,0.0,6,1,0.16666666666666666
nd56,2021-03-17,2021-03-17 02:00:00,4.333333333333333,4.333333333333333,9,2,0.2222222222222222
nd56,2021-03-17,2021-03-17 03:00:00,7.333333333333333,7.333333333333333,9,2,0.2222222222222222
nd56,2021-03-17,2021-03-17 04:00:00,0.0,0.0,9,1,0.1111111111111111
nd56,2021-03-17,2021-03-17 05:00:00,,,12,0,0.0
nd56,2021-03-17,2021-03-17 06:00:00,3.333333333333333,3.333333333333333,11,2,0.18181818181818182
nd56,2021-03-17,2021-03-17 07:00:00,,,12,0,0.0
nd56,2021-03-17,2021-03-17 08:00:00,1.0,1.0,12,3,0.25
nd56,2021-03-17,2021-03-17 09:00:00,,,12,0,0.0
nd56,2021-03-17,2021-03-17 10:00:00,0.0,0.0,4,1,0.25
nd56,2021-03-17,2021-03-17 12:00:00,,,4,0,0.0
nd56,2021-03-17,2021-03-17 13:00:00,0.0,0.0,11,1,0.09090909090909091
nd56,2021-03-17,2021-03-17 14:00:00,0.0,0.0,9,2,0.2222222222222222
nd56,2021-03-17,2021-03-17 15:00:00,,,6,0,0.0
nd56,2021-03-19,2021-03-19 00:00:00,,,3,0,0.0
nd56,2021-03-19,2021-03-19 01:00:00,7.0,7.0,4,2,0.5
nd56,2021-03-19,2021-03-19 02:00:00,2.75,2.75,12,2,0.16666666666666666
nd56,2021-03-19,2021-03-19 03:00:00,5.333333333333333,5.333333333333333,9,1,0.1111111111111111
nd56,2021-03-19,2021-03-19 04:00:00,8.5,8.5,8,4,0.5
nd56,2021-03-19,2021-03-19 05:00:00,0.0,0.0,3,2,0.6666666666666666
nd56,2021-03-19,2021-03-19 06:00:00,82.66666666666667,82.66666666666667,8,3,0.375
nd56,2021-03-19,2021-03-19 07:00:00,8.2,8.2,12,1,0.08333333333333333
nd56,2021-03-19,2021-03-19 08:00:00,0.0,0.0,12,1,0.08333333333333333
nd56,2021-03-19,2021-03-19 09:00:00,0.0,0.0,12,3,0.25
nd56,2021-03-19,2021-03-19 10:00:00,2.4,2.4,10,1,0.1
nd56,2021-03-19,2021-03-19 11:00:00,0.0,0.0,12,4,0.3333333333333333
nd56,2021-03-19,2021-03-19 12:00:00,0.0,0.0,9,4,0.4444444444444444
nd56,2021-03-19,2021-03-19 13:00:00,27.833333333333332,11.5,10,4,0.4
nd56,2021-03-19,2021-03-19 14:00:00,0.0,0.0,4,3,0.75
nd56,2021-03-19,2021-03-19 15:00:00,136.0,136.0,2,2,1.0
nd56,2021-03-19,2021-03-19 16:00:00,0.0,0.0,9,1,0.1111111111111111
nd56,2021-03-19,2021-03-19 17:00:00,,,12,0,0.0
nd56,2021-03-19,2021-03-19 18:00:00,,,12,0,0.0
nd56,2021-03-19,2021-03-19 23:00:00,48.90476190476191,37.333333333333336,8,3,0.375
nd56,2021-03-20,2021-03-20 00:00:00,22.0,14.25,10,9,0.9
nd56,2021-03-20,2021-03-20 01:00:00,58.5,56.0,4,3,0.75
nd56,2021-03-20,2021-03-20 02:00:00,8.375,8.375,4,4,1.0
nd56,2021-03-20,2021-03-20 03:00:00,0.0,0.0,6,2,0.3333333333333333
nd56,2021-03-20,2021-03-20 04:00:00,0.0,0.0,1,1,1.0
nd56,2021-03-20,2021-03-20 05:00:00,,,4,0,0.0
nd56,2021-03-20,2021-03-20 06:00:00,,,9,0,0.0
nd56,2021-03-20,2021-03-20 07:00:00,4.0,4.0,8,2,0.25
nd56,2021-03-20,2021-03-20 08:00:00,0.0,0.0,5,2,0.4
nd56,2021-03-20,2021-03-20 09:00:00,14.666666666666666,11.0,8,5,0.625
nd56,2021-03-20,2021-03-20 10:00:00,0.0,0.0,9,3,0.3333333333333333
nd56,2021-03-20,2021-03-20 11:00:00,0.0,0.0,9,2,0.2222222222222222
nd56,2021-03-20,2021-03-20 12:00:00,6.666666666666667,6.666666666666667,9,5,0.5555555555555556
nd56,2021-03-20,2021-03-20 13:00:00,0.0,0.0,9,1,0.1111111111111111
nd56,2021-03-20,2021-03-20 14:00:00,17.357142857142858,10.0,9,6,0.6666666666666666
nd56,2021-03-20,2021-03-20 15:00:00,,,4,0,0.0
nd56,2021-03-21,2021-03-21 01:00:00,13.0,9.0,3,3,1.0
nd56,2021-03-21,2021-03-21 02:00:00,0.0,0.0,3,1,0.3333333333333333
nd56,2021-03-21,2021-03-21 03:00:00,38.0,38.0,1,1,1.0
nd56,2021-03-21,2021-03-21 04:00:00,,,2,0,0.0
nd56,2021-03-21,2021-03-21 05:00:00,0.0,0.0,2,1,0.5
nd56,2021-03-21,2021-03-21 06:00:00,0.0,0.0,11,6,0.5454545454545454
nd56,2021-03-21,2021-03-21 07:00:00,,,2,0,0.0
nd56,2021-03-21,2021-03-21 08:00:00,0.0,0.0,2,1,0.5
nd56,2021-03-21,2021-03-21 09:00:00,,,5,0,0.0
nd56,2021-03-21,2021-03-21 10:00:00,4.5,4.5,7,1,0.14285714285714285
nd56,2021-03-21,2021-03-21 11:00:00,2.0,2.0,5,1,0.2
nd56,2021-03-21,2021-03-21 12:00:00,6.25,6.25,7,4,0.5714285714285714
nd56,2021-03-21,2021-03-21 13:00:00,0.0,0.0,9,1,0.1111111111111111
nd56,2021-03-21,2021-03-21 14:00:00,0.0,0.0,10,1,0.1
nd56,2021-03-21,2021-03-21 15:00:00,,,10,0,0.0
nd56,2021-03-21,2021-03-21 16:00:00,0.0,0.0,9,1,0.1111111111111111
nd56,2021-03-21,2021-03-21 23:00:00,,,1,0,0.0
nd56,2021-03-22,2021-03-22 00:00:00,,,1,0,0.0
nd56,2021-03-22,2021-03-22 02:00:00,0.0,0.0,3,1,0.3333333333333333
nd56,2021-03-22,2021-03-22 03:00:00,0.0,0.0,3,2,0.6666666666666666
nd56,2021-03-22,2021-03-22 04:00:00,0.0,0.0,6,3,0.5
nd56,2021-03-22,2021-03-22 05:00:00,0.0,0.0,3,2,0.6666666666666666
nd56,2021-03-22,2021-03-22 08:00:00,,,2,0,0.0
nd56,2021-03-22,2021-03-22 10:00:00,0.0,0.0,3,1,0.3333333333333333
nd56,2021-03-22,2021-03-22 13:00:00,0.0,0.0,6,1,0.16666666666666666
nd56,2021-03-22,2021-03-22 14:00:00,,,3,0,0.0
nd56,2021-03-22,2021-03-22 23:00:00,,,1,0,0.0
nd56,2021-03-23,2021-03-23 00:00:00,0.0,0.0,1,1,1.0
nd56,2021-03-23,2021-03-23 01:00:00,,,1,0,0.0
nd56,2021-03-23,2021-03-23 03:00:00,0.0,0.0,1,1,1.0
nd56,2021-03-23,2021-03-23 07:00:00,,,1,0,0.0
nd56,2021-03-23,2021-03-23 08:00:00,0.0,0.0,3,1,0.3333333333333333
nd56,2021-03-23,2021-03-23 11:00:00,,,1,0,0.0
nd56,2021-03-23,2021-03-23 13:00:00,,,3,0,0.0
nd56,2021-03-23,2021-03-23 23:00:00,0.0,0.0,7,2,0.2857142857142857
nd56,2021-03-24,2021-03-24 00:00:00,,,1,0,0.0
nd56,2021-03-24,2021-03-24 04:00:00,,,1,0,0.0
nd56,2021-03-24,2021-03-24 05:00:00,0.0,0.0,1,1,1.0
nd56,2021-03-24,2021-03-24 07:00:00,0.0,0.0,6,3,0.5
nd56,2021-03-24,2021-03-24 08:00:00,,,6,0,0.0
nd56,2021-03-24,2021-03-24 09:00:00,0.0,0.0,2,1,0.5
nd56,2021-03-24,2021-03-24 10:00:00,,,1,0,0.0
nd56,2021-03-24,2021-03-24 11:00:00,,,1,0,0.0
nd56,2021-03-24,2021-03-24 12:00:00,,,4,0,0.0
nd56,2021-03-24,2021-03-24 13:00:00,3.75,3.75,6,3,0.5
nd56,2021-03-24,2021-03-24 14:00:00,,,6,0,0.0
nd56,2021-03-24,2021-03-24 23:00:00,,,1,0,0.0
nd56,2021-03-25,2021-03-25 00:00:00,,,1,0,0.0
nd56,2021-03-25,2021-03-25 01:00:00,,,5,0,0.0
nd56,2021-03-25,2021-03-25 02:00:00,4.0,4.0,2,1,0.5
nd56,2021-03-25,2021-03-25 03:00:00,0.0,0.0,6,1,0.16666666666666666
nd56,2021-03-25,2021-03-25 04:00:00,0.0,0.0,4,1,0.25
nd56,2021-03-25,2021-03-25 05:00:00,0.0,0.0,6,1,0.16666666666666666
nd56,2021-03-25,2021-03-25 06:00:00,,,1,0,0.0
nd56,2021-03-25,2021-03-25 09:00:00,0.0,0.0,3,1,0.3333333333333333
nd56,2021-03-25,2021-03-25 10:00:00,20.0,20.0,3,2,0.6666666666666666
nd56,2021-03-25,2021-03-25 11:00:00,0.0,0.0,7,2,0.2857142857142857
nd56,2021-03-25,2021-03-25 12:00:00,0.0,0.0,5,1,0.2
nd56,2021-03-25,2021-03-25 13:00:00,0.0,0.0,3,2,0.6666666666666666
nd56,2021-03-25,2021-03-25 14:00:00,0.0,0.0,8,2,0.25
nd56,2021-03-25,2021-03-25 16:00:00,0.0,0.0,5,1,0.2
nd56,2021-03-25,2021-03-25 17:00:00,,,9,0,0.0
nd56,2021-03-26,2021-03-26 00:00:00,0.0,0.0,5,1,0.2
nd56,2021-03-26,2021-03-26 02:00:00,,,4,0,0.0
nd56,2021-03-26,2021-03-26 03:00:00,0.0,0.0,3,2,0.6666666666666666
nd56,2021-03-26,2021-03-26 05:00:00,0.0,0.0,2,1,0.5
nd56,2021-03-26,2021-03-26 06:00:00,0.0,0.0,6,3,0.5
nd56,2021-03-26,2021-03-26 07:00:00,,,10,0,0.0
nd56,2021-03-26,2021-03-26 08:00:00,,,12,0,0.0
nd56,2021-03-26,2021-03-26 09:00:00,0.0,0.0,11,1,0.09090909090909091
nd56,2021-03-26,2021-03-26 10:00:00,0.0,0.0,3,2,0.6666666666666666
nd56,2021-03-26,2021-03-26 11:00:00,0.0,0.0,2,1,0.5
nd56,2021-03-26,2021-03-26 12:00:00,8.88888888888889,7.0,6,3,0.5
nd56,2021-03-26,2021-03-26 13:00:00,,,9,0,0.0
nd56,2021-03-26,2021-03-26 14:00:00,0.0,0.0,10,2,0.2
nd56,2021-03-26,2021-03-26 15:00:00,0.0,0.0,2,1,0.5
nd56,2021-03-27,2021-03-27 00:00:00,0.0,0.0,4,4,1.0
nd56,2021-03-27,2021-03-27 01:00:00,0.0,0.0,9,6,0.6666666666666666
nd56,2021-03-27,2021-03-27 02:00:00,2.2857142857142856,2.2857142857142856,1,1,1.0
nd56,2021-03-27,2021-03-27 03:00:00,4.333333333333333,4.333333333333333,3,2,0.6666666666666666
nd56,2021-03-27,2021-03-27 04:00:00,6.0,6.0,10,4,0.4
nd56,2021-03-27,2021-03-27 05:00:00,0.0,0.0,7,1,0.14285714285714285
nd56,2021-03-27,2021-03-27 06:00:00,5.125,5.125,11,3,0.2727272727272727
nd56,2021-03-27,2021-03-27 07:00:00,8.333333333333334,8.333333333333334,11,2,0.18181818181818182
nd56,2021-03-27,2021-03-27 08:00:00,0.0,0.0,11,1,0.09090909090909091
nd56,2021-03-27,2021-03-27 09:00:00,0.0,0.0,12,2,0.16666666666666666
nd56,2021-03-27,2021-03-27 10:00:00,,,12,0,0.0
nd56,2021-03-27,2021-03-27 11:00:00,6.0,6.0,10,1,0.1
nd56,2021-03-27,2021-03-27 12:00:00,0.0,0.0,12,1,0.08333333333333333
nd56,2021-03-27,2021-03-27 13:00:00,0.0,0.0,12,2,0.16666666666666666
nd56,2021-03-27,2021-03-27 14:00:00,0.0,0.0,10,3,0.3
nd56,2021-03-27,2021-03-27 15:00:00,0.0,0.0,11,6,0.5454545454545454
nd56,2021-03-27,2021-03-27 16:00:00,7.8,5.8,12,5,0.4166666666666667
nd56,2021-03-27,2021-03-27 17:00:00,,,11,0,0.0
nd56,2021-03-27,2021-03-27 18:00:00,,,3,0,0.0
nd56,2021-03-28,2021-03-28 01:00:00,0.0,0.0,10,5,0.5
nd56,2021-03-28,2021-03-28 02:00:00,,,8,0,0.0
nd56,2021-03-28,2021-03-28 03:00:00,,,8,0,0.0
nd56,2021-03-28,2021-03-28 04:00:00,0.0,0.0,9,1,0.1111111111111111
nd56,2021-03-28,2021-03-28 05:00:00,,,12,0,0.0
nd56,2021-03-28,2021-03-28 06:00:00,,,12,0,0.0
nd56,2021-03-28,2021-03-28 07:00:00,,,4,0,0.0
nd56,2021-03-28,2021-03-28 09:00:00,,,2,0,0.0
nd56,2021-03-28,2021-03-28 10:00:00,,,4,0,0.0
nd56,2021-03-28,2021-03-28 11:00:00,,,5,0,0.0
nd56,2021-03-28,2021-03-28 12:00:00,,,1,0,0.0
nd56,2021-03-28,2021-03-28 13:00:00,,,1,0,0.0
nd56,2021-03-28,2021-03-28 14:00:00,0.0,0.0,3,1,0.3333333333333333
nd56,2021-03-28,2021-03-28 15:00:00,0.0,0.0,5,1,0.2
nd56,2021-03-28,2021-03-28 16:00:00,,,7,0,0.0
nd56,2021-03-28,2021-03-28 17:00:00,,,7,0,0.0
nd56,2021-03-28,2021-03-28 18:00:00,,,2,0,0.0
nd56,2021-03-28,2021-03-28 23:00:00,0.0,0.0,4,3,0.75
nd56,2021-03-29,2021-03-29 00:00:00,,,1,0,0.0
nd56,2021-03-29,2021-03-29 02:00:00,0.0,0.0,4,2,0.5
nd56,2021-03-29,2021-03-29 04:00:00,,,2,0,0.0
nd56,2021-03-29,2021-03-29 05:00:00,,,1,0,0.0
nd56,2021-03-29,2021-03-29 10:00:00,,,2,0,0.0
nd56,2021-03-29,2021-03-29 11:00:00,,,2,0,0.0
nd56,2021-03-29,2021-03-29 12:00:00,,,4,0,0.0
nd56,2021-03-29,2021-03-29 14:00:00,0.0,0.0,3,1,0.3333333333333333
nd56,2021-03-29,2021-03-29 19:00:00,,,7,0,0.0
nd56,2021-03-29,2021-03-29 20:00:00,0.0,0.0,7,3,0.42857142857142855
nd56,2021-03-29,2021-03-29 21:00:00,0.0,0.0,12,1,0.08333333333333333
nd56,2021-03-29,2021-03-29 22:00:00,,,12,0,0.0
nd56,2021-03-29,2021-03-29 23:00:00,0.0,0.0,11,5,0.45454545454545453
nd56,2021-03-30,2021-03-30 01:00:00,,,3,0,0.0
nd56,2021-03-30,2021-03-30 02:00:00,,,4,0,0.0
nd56,2021-03-30,2021-03-30 03:00:00,5.153846153846154,5.153846153846154,4,2,0.5
nd56,2021-03-30,2021-03-30 04:00:00,0.0,0.0,6,2,0.3333333333333333
nd56,2021-03-30,2021-03-30 05:00:00,0.0,0.0,2,1,0.5
nd56,2021-03-30,2021-03-30 06:00:00,,,1,0,0.0
nd56,2021-03-30,2021-03-30 07:00:00,0.0,0.0,5,1,0.2
nd56,2021-03-30,2021-03-30 08:00:00,31.0,31.0,1,1,1.0
nd56,2021-03-30,2021-03-30 09:00:00,0.0,0.0,2,1,0.5
nd56,2021-03-30,2021-03-30 10:00:00,0.0,0.0,4,1,0.25
nd56,2021-03-30,2021-03-30 11:00:00,0.0,0.0,4,1,0.25
nd56,2021-03-30,2021-03-30 12:00:00,,,3,0,0.0
nd56,2021-03-31,2021-03-31 02:00:00,0.0,0.0,4,2,0.5
nd56,2021-03-31,2021-03-31 04:00:00,0.0,0.0,5,1,0.2
nd56,2021-03-31,2021-03-31 05:00:00,,,8,0,0.0
nd56,2021-03-31,2021-03-31 06:00:00,0.0,0.0,9,1,0.1111111111111111
nd56,2021-03-31,2021-03-31 07:00:00,,,11,0,0.0
nd56,2021-03-31,2021-03-31 08:00:00,0.0,0.0,2,1,0.5
nd56,2021-03-31,2021-03-31 09:00:00,,,2,0,0.0
nd56,2021-03-31,2021-03-31 10:00:00,,,4,0,0.0
nd56,2021-03-31,2021-03-31 23:00:00,7.666666666666667,7.666666666666667,9,2,0.2222222222222222
nd56,2021-04-01,2021-04-01 00:00:00,,,12,0,0.0
nd56,2021-04-01,2021-04-01 01:00:00,,,4,0,0.0
nd56,2021-04-01,2021-04-01 02:00:00,,,2,0,0.0
nd56,2021-04-01,2021-04-01 03:00:00,,,1,0,0.0
nd56,2021-04-01,2021-04-01 04:00:00,0.0,0.0,2,1,0.5
nd56,2021-04-01,2021-04-01 05:00:00,0.0,0.0,4,4,1.0
nd56,2021-04-01,2021-04-01 08:00:00,,,1,0,0.0
nd56,2021-04-01,2021-04-01 11:00:00,,,1,0,0.0
nd56,2021-04-01,2021-04-01 13:00:00,,,6,0,0.0
nd56,2021-04-01,2021-04-01 14:00:00,,,9,0,0.0
nd56,2021-04-02,2021-04-02 00:00:00,,,2,0,0.0
nd56,2021-04-02,2021-04-02 01:00:00,0.0,0.0,3,2,0.6666666666666666
nd56,2021-04-02,2021-04-02 03:00:00,,,1,0,0.0
nd56,2021-04-02,2021-04-02 04:00:00,,,1,0,0.0
nd56,2021-04-02,2021-04-02 06:00:00,,,1,0,0.0
nd56,2021-04-02,2021-04-02 08:00:00,,,3,0,0.0
nd56,2021-04-02,2021-04-02 09:00:00,5.0,5.0,6,1,0.16666666666666666
nd56,2021-04-02,2021-04-02 12:00:00,,,1,0,0.0
nd56,2021-04-02,2021-04-02 13:00:00,0.0,0.0,1,1,1.0
nd56,2021-04-02,2021-04-02 14:00:00,,,1,0,0.0
nd56,2021-04-02,2021-04-02 15:00:00,,,4,0,0.0
nd56,2021-04-02,2021-04-02 16:00:00,,,1,0,0.0
nd56,2021-04-02,2021-04-02 17:00:00,,,2,0,0.0
nd56,2021-04-02,2021-04-02 23:00:00,0.0,0.0,2,2,1.0
nd56,2021-04-03,2021-04-03 00:00:00,0.0,0.0,3,1,0.3333333333333333
nd56,2021-04-03,2021-04-03 01:00:00,0.0,0.0,3,1,0.3333333333333333
nd56,2021-04-03,2021-04-03 02:00:00,,,1,0,0.0
nd56,2021-04-03,2021-04-03 05:00:00,2.2,2.2,2,2,1.0
nd56,2021-04-03,2021-04-03 09:00:00,0.0,0.0,9,1,0.1111111111111111
nd56,2021-04-03,2021-04-03 10:00:00,,,11,0,0.0
nd56,2021-04-03,2021-04-03 11:00:00,0.0,0.0,11,2,0.18181818181818182
nd56,2021-04-03,2021-04-03 12:00:00,0.0,0.0,2,1,0.5
nd56,2021-04-03,2021-04-03 14:00:00,0.0,0.0,3,1,0.3333333333333333
nd56,2021-04-03,2021-04-03 15:00:00,6.75,6.75,5,3,0.6
nd56,2021-04-03,2021-04-03 16:00:00,,,11,0,0.0
nd56,2021-04-03,2021-04-03 17:00:00,,,11,0,0.0
nd56,2021-04-03,2021-04-03 18:00:00,,,11,0,0.0
nd56,2021-04-03,2021-04-03 19:00:00,,,11,0,0.0
nd56,2021-04-03,2021-04-03 20:00:00,0.0,0.0,11,1,0.09090909090909091
nd56,2021-04-03,2021-04-03 21:00:00,0.0,0.0,12,1,0.08333333333333333
nd56,2021-04-03,2021-04-03 22:00:00,,,11,0,0.0
nd56,2021-04-03,2021-04-03 23:00:00,,,11,0,0.0
nd56,2021-04-04,2021-04-04 00:00:00,,,7,0,0.0
nd56,2021-04-04,2021-04-04 05:00:00,25.2,25.2,1,1,1.0
nd56,2021-04-04,2021-04-04 06:00:00,,,11,0,0.0
nd56,2021-04-04,2021-04-04 07:00:00,,,5,0,0.0
nd56,2021-04-04,2021-04-04 11:00:00,,,3,0,0.0
nd56,2021-04-04,2021-04-04 12:00:00,0.0,0.0,2,1,0.5
nd56,2021-04-04,2021-04-04 15:00:00,,,2,0,0.0
pg18,2021-03-08,2021-03-08 09:00:00,,,1,0,0.0
pg18,2021-03-08,2021-03-08 10:00:00,,,4,0,0.0
pg18,2021-03-08,2021-03-08 11:00:00,,,1,0,0.0
pg18,2021-03-08,2021-03-08 21:00:00,,,1,0,0.0
pg18,2021-03-08,2021-03-08 22:00:00,,,3,0,0.0
pg18,2021-03-08,2021-03-08 23:00:00,0.0,0.0,9,1,0.1111111111111111
pg18,2021-03-09,2021-03-09 01:00:00,,,1,0,0.0
pg18,2021-03-09,2021-03-09 05:00:00,0.0,0.0,1,1,1.0
pg18,2021-03-09,2021-03-09 06:00:00,0.0,0.0,1,1,1.0
pg18,2021-03-09,2021-03-09 09:00:00,,,1,0,0.0
pg18,2021-03-09,2021-03-09 13:00:00,,,3,0,0.0
pg18,2021-03-09,2021-03-09 14:00:00,0.0,0.0,5,2,0.4
pg18,2021-03-09,2021-03-09 15:00:00,0.0,0.0,12,2,0.16666666666666666
pg18,2021-03-09,2021-03-09 16:00:00,,,6,0,0.0
pg18,2021-03-09,2021-03-09 17:00:00,,,9,0,0.0
pg18,2021-03-09,2021-03-09 18:00:00,,,1,0,0.0
pg18,2021-03-10,2021-03-10 04:00:00,,,2,0,0.0
pg18,2021-03-10,2021-03-10 05:00:00,,,1,0,0.0
pg18,2021-03-10,2021-03-10 15:00:00,,,1,0,0.0
pg18,2021-03-11,2021-03-11 03:00:00,0.0,0.0,4,1,0.25
pg18,2021-03-11,2021-03-11 06:00:00,,,5,0,0.0
pg18,2021-03-11,2021-03-11 12:00:00,,,1,0,0.0
pg18,2021-03-11,2021-03-11 13:00:00,,,4,0,0.0
pg18,2021-03-11,2021-03-11 14:00:00,,,1,0,0.0
pg18,2021-03-12,2021-03-12 07:00:00,,,1,0,0.0
pg18,2021-03-12,2021-03-12 11:00:00,,,3,0,0.0
pg18,2021-03-12,2021-03-12 12:00:00,0.0,0.0,5,1,0.2
pg18,2021-03-12,2021-03-12 15:00:00,,,2,0,0.0
pg18,2021-03-13,2021-03-13 00:00:00,0.0,0.0,1,1,1.0
pg18,2021-03-13,2021-03-13 13:00:00,,,2,0,0.0
pg18,2021-03-14,2021-03-14 01:00:00,0.0,0.0,1,1,1.0
pg18,2021-03-14,2021-03-14 04:00:00,,,1,0,0.0
pg18,2021-03-14,2021-03-14 13:00:00,0.0,0.0,2,1,0.5
pg18,2021-03-14,2021-03-14 14:00:00,,,2,0,0.0
pg18,2021-03-15,2021-03-15 20:00:00,,,2,0,0.0
pg18,2021-03-15,2021-03-15 21:00:00,0.0,0.0,6,1,0.16666666666666666
pg18,2021-03-15,2021-03-15 22:00:00,,,1,0,0.0
pg18,2021-03-15,2021-03-15 23:00:00,,,4,0,0.0
pg18,2021-03-16,2021-03-16 00:00:00,,,3,0,0.0
pg18,2021-03-16,2021-03-16 01:00:00,,,1,0,0.0
pg18,2021-03-16,2021-03-16 03:00:00,0.0,0.0,2,1,0.5
pg18,2021-03-16,2021-03-16 21:00:00,,,1,0,0.0
pg18,2021-03-16,2021-03-16 22:00:00,,,3,0,0.0
pg18,2021-03-16,2021-03-16 23:00:00,0.0,0.0,4,1,0.25
pg18,2021-03-17,2021-03-17 02:00:00,,,1,0,0.0
pg18,2021-03-17,2021-03-17 04:00:00,,,2,0,0.0
pg18,2021-03-17,2021-03-17 05:00:00,,,1,0,0.0
pg18,2021-03-17,2021-03-17 12:00:00,,,1,0,0.0
pg18,2021-03-17,2021-03-17 13:00:00,,,3,0,0.0
pg18,2021-03-17,2021-03-17 21:00:00,,,2,0,0.0
pg18,2021-03-18,2021-03-18 01:00:00,,,1,0,0.0
pg18,2021-03-18,2021-03-18 04:00:00,,,1,0,0.0
pg18,2021-03-18,2021-03-18 07:00:00,,,1,0,0.0
pg18,2021-03-18,2021-03-18 08:00:00,,,3,0,0.0
pg18,2021-03-18,2021-03-18 09:00:00,,,2,0,0.0
pg18,2021-03-18,2021-03-18 10:00:00,,,4,0,0.0
pg18,2021-03-18,2021-03-18 11:00:00,0.0,0.0,1,1,1.0
pg18,2021-03-19,2021-03-19 02:00:00,,,1,0,0.0
pg18,2021-03-19,2021-03-19 06:00:00,,,1,0,0.0
pg18,2021-03-19,2021-03-19 07:00:00,,,1,0,0.0
pg18,2021-03-20,2021-03-20 02:00:00,,,1,0,0.0
pg18,2021-03-20,2021-03-20 03:00:00,0.0,0.0,4,1,0.25
pg18,2021-03-20,2021-03-20 04:00:00,,,1,0,0.0
pg18,2021-03-20,2021-03-20 07:00:00,,,1,0,0.0
pg18,2021-03-20,2021-03-20 09:00:00,,,1,0,0.0
pg18,2021-03-20,2021-03-20 11:00:00,,,1,0,0.0
pg18,2021-03-21,2021-03-21 04:00:00,0.0,0.0,1,1,1.0
pg18,2021-03-21,2021-03-21 10:00:00,,,1,0,0.0
pg18,2021-03-21,2021-03-21 13:00:00,,,1,0,0.0
pg18,2021-03-22,2021-03-22 04:00:00,,,1,0,0.0
pg18,2021-03-22,2021-03-22 06:00:00,,,3,0,0.0
pg18,2021-03-22,2021-03-22 10:00:00,,,1,0,0.0
pg18,2021-03-22,2021-03-22 21:00:00,,,3,0,0.0
pg18,2021-03-22,2021-03-22 22:00:00,0.0,0.0,8,2,0.25
pg18,2021-03-22,2021-03-22 23:00:00,,,4,0,0.0
pg18,2021-03-23,2021-03-23 07:00:00,,,1,0,0.0
pg18,2021-03-23,2021-03-23 11:00:00,0.0,0.0,1,1,1.0
pg18,2021-03-23,2021-03-23 12:00:00,,,3,0,0.0
pg18,2021-03-23,2021-03-23 23:00:00,,,1,0,0.0
pg18,2021-03-24,2021-03-24 04:00:00,,,3,0,0.0
pg18,2021-03-24,2021-03-24 09:00:00,0.0,0.0,1,1,1.0
pg18,2021-03-24,2021-03-24 10:00:00,,,3,0,0.0
pg18,2021-03-24,2021-03-24 11:00:00,,,2,0,0.0
pg18,2021-03-24,2021-03-24 23:00:00,0.0,0.0,1,1,1.0
pg18,2021-03-25,2021-03-25 11:00:00,0.0,0.0,2,1,0.5
pg18,2021-03-25,2021-03-25 13:00:00,,,1,0,0.0
pg18,2021-03-25,2021-03-25 21:00:00,,,2,0,0.0
pg18,2021-03-26,2021-03-26 00:00:00,,,1,0,0.0
pg18,2021-03-26,2021-03-26 07:00:00,,,3,0,0.0
pg18,2021-03-26,2021-03-26 14:00:00,,,1,0,0.0
pg18,2021-03-26,2021-03-26 15:00:00,,,4,0,0.0
pg18,2021-03-27,2021-03-27 02:00:00,0.0,0.0,1,1,1.0
pg18,2021-03-27,2021-03-27 08:00:00,2.166666666666667,1.6666666666666667,2,2,1.0
pg18,2021-03-27,2021-03-27 12:00:00,,,1,0,0.0
pg18,2021-03-28,2021-03-28 01:00:00,,,1,0,0.0
pg18,2021-03-28,2021-03-28 02:00:00,,,1,0,0.0
pg18,2021-03-28,2021-03-28 04:00:00,,,3,0,0.0
pg18,2021-03-28,2021-03-28 10:00:00,,,1,0,0.0
pg18,2021-03-28,2021-03-28 12:00:00,,,1,0,0.0
pg18,2021-03-28,2021-03-28 20:00:00,,,1,0,0.0
pg18,2021-03-28,2021-03-28 21:00:00,,,1,0,0.0
pg18,2021-03-29,2021-03-29 00:00:00,,,1,0,0.0
pg18,2021-03-29,2021-03-29 01:00:00,,,1,0,0.0
pg18,2021-03-29,2021-03-29 02:00:00,,,1,0,0.0
pg18,2021-03-29,2021-03-29 03:00:00,,,2,0,0.0
pg18,2021-03-29,2021-03-29 04:00:00,,,2,0,0.0
pg18,2021-03-29,2021-03-29 05:00:00,,,1,0,0.0
pg18,2021-03-29,2021-03-29 08:00:00,,,1,0,0.0
pg18,2021-03-30,2021-03-30 20:00:00,,,2,0,0.0
pg18,2021-03-31,2021-03-31 02:00:00,,,1,0,0.0
pg18,2021-03-31,2021-03-31 03:00:00,,,2,0,0.0
pg18,2021-03-31,2021-03-31 05:00:00,,,1,0,0.0
pg18,2021-04-01,2021-04-01 00:00:00,,,1,0,0.0
pg18,2021-04-01,2021-04-01 02:00:00,,,2,0,0.0
pg18,2021-04-01,2021-04-01 03:00:00,,,5,0,0.0
pg18,2021-04-01,2021-04-01 05:00:00,,,1,0,0.0
pg18,2021-04-01,2021-04-01 07:00:00,,,1,0,0.0
pg18,2021-04-01,2021-04-01 10:00:00,,,1,0,0.0
pg18,2021-04-01,2021-04-01 11:00:00,,,1,0,0.0
pg18,2021-04-01,2021-04-01 12:00:00,,,1,0,0.0
pg18,2021-04-01,2021-04-01 13:00:00,,,1,0,0.0
pg18,2021-04-01,2021-04-01 23:00:00,0.0,0.0,1,1,1.0
pg18,2021-04-02,2021-04-02 01:00:00,0.0,0.0,2,1,0.5
pg18,2021-04-02,2021-04-02 02:00:00,0.0,0.0,3,1,0.3333333333333333
pg18,2021-04-02,2021-04-02 04:00:00,0.0,0.0,2,2,1.0
pg18,2021-04-02,2021-04-02 06:00:00,,,1,0,0.0
pg18,2021-04-02,2021-04-02 07:00:00,,,1,0,0.0
pg18,2021-04-02,2021-04-02 08:00:00,0.0,0.0,1,1,1.0
pg18,2021-04-02,2021-04-02 10:00:00,,,1,0,0.0
pg18,2021-04-02,2021-04-02 12:00:00,,,3,0,0.0
pg18,2021-04-02,2021-04-02 13:00:00,,,3,0,0.0
pg18,2021-04-04,2021-04-04 01:00:00,,,1,0,0.0
pg18,2021-04-04,2021-04-04 04:00:00,0.0,0.0,2,2,1.0
pg18,2021-04-05,2021-04-05 04:00:00,,,1,0,0.0
pg18,2021-04-05,2021-04-05 05:00:00,,,2,0,0.0
pm96,2021-03-06,2021-03-06 07:00:00,,,4,0,0.0
pm96,2021-03-06,2021-03-06 08:00:00,,,5,0,0.0
pm96,2021-03-06,2021-03-06 09:00:00,,,5,0,0.0
pm96,2021-03-06,2021-03-06 11:00:00,,,3,0,0.0
pm96,2021-03-06,2021-03-06 12:00:00,,,1,0,0.0
pm96,2021-03-06,2021-03-06 13:00:00,,,2,0,0.0
pm96,2021-03-06,2021-03-06 14:00:00,,,1,0,0.0
pm96,2021-03-07,2021-03-07 00:00:00,,,2,0,0.0
pm96,2021-03-07,2021-03-07 01:00:00,,,2,0,0.0
pm96,2021-03-07,2021-03-07 02:00:00,,,2,0,0.0
pm96,2021-03-07,2021-03-07 03:00:00,,,9,0,0.0
pm96,2021-03-07,2021-03-07 04:00:00,,,5,0,0.0
pm96,2021-03-07,2021-03-07 05:00:00,,,8,0,0.0
pm96,2021-03-07,2021-03-07 06:00:00,,,10,0,0.0
pm96,2021-03-07,2021-03-07 07:00:00,,,9,0,0.0
pm96,2021-03-07,2021-03-07 08:00:00,,,5,0,0.0
pm96,2021-03-07,2021-03-07 12:00:00,,,4,0,0.0
pm96,2021-03-07,2021-03-07 13:00:00,,,2,0,0.0
pm96,2021-03-07,2021-03-07 23:00:00,,,1,0,0.0
pm96,2021-03-08,2021-03-08 00:00:00,,,2,0,0.0
pm96,2021-03-08,2021-03-08 01:00:00,,,2,0,0.0
pm96,2021-03-08,2021-03-08 02:00:00,0.0,0.0,4,1,0.25
pm96,2021-03-08,2021-03-08 04:00:00,0.0,0.0,8,1,0.125
pm96,2021-03-08,2021-03-08 05:00:00,0.0,0.0,5,1,0.2
pm96,2021-03-08,2021-03-08 06:00:00,0.0,0.0,1,1,1.0
pm96,2021-03-08,2021-03-08 07:00:00,0.0,0.0,5,1,0.2
pm96,2021-03-08,2021-03-08 09:00:00,,,5,0,0.0
pm96,2021-03-08,2021-03-08 12:00:00,2.0,2.0,3,3,1.0
pm96,2021-03-08,2021-03-08 14:00:00,,,2,0,0.0
pm96,2021-03-08,2021-03-08 15:00:00,,,1,0,0.0
pm96,2021-03-09,2021-03-09 00:00:00,,,3,0,0.0
pm96,2021-03-09,2021-03-09 01:00:00,0.0,0.0,4,1,0.25
pm96,2021-03-09,2021-03-09 02:00:00,0.0,0.0,4,1,0.25
pm96,2021-03-09,2021-03-09 03:00:00,0.0,0.0,5,1,0.2
pm96,2021-03-09,2021-03-09 04:00:00,0.0,0.0,5,3,0.6
pm96,2021-03-09,2021-03-09 05:00:00,,,2,0,0.0
pm96,2021-03-09,2021-03-09 06:00:00,7.2,7.2,5,2,0.4
pm96,2021-03-09,2021-03-09 07:00:00,,,2,0,0.0
pm96,2021-03-09,2021-03-09 08:00:00,99.0,99.0,5,3,0.6
pm96,2021-03-09,2021-03-09 09:00:00,0.0,0.0,1,1,1.0
pm96,2021-03-09,2021-03-09 11:00:00,0.0,0.0,1,1,1.0
pm96,2021-03-09,2021-03-09 12:00:00,,,1,0,0.0
pm96,2021-03-09,2021-03-09 13:00:00,0.0,0.0,9,2,0.2222222222222222
pm96,2021-03-09,2021-03-09 14:00:00,0.0,0.0,5,1,0.2
pm96,2021-03-10,2021-03-10 00:00:00,,,3,0,0.0
pm96,2021-03-10,2021-03-10 01:00:00,,,2,0,0.0
pm96,2021-03-10,2021-03-10 02:00:00,0.0,0.0,1,1,1.0
pm96,2021-03-10,2021-03-10 03:00:00,0.0,0.0,7,1,0.14285714285714285
pm96,2021-03-10,2021-03-10 04:00:00,,,5,0,0.0
pm96,2021-03-10,2021-03-10 05:00:00,,,3,0,0.0
pm96,2021-03-10,2021-03-10 06:00:00,0.0,0.0,5,2,0.4
pm96,2021-03-10,2021-03-10 07:00:00,0.0,0.0,10,4,0.4
pm96,2021-03-10,2021-03-10 08:00:00,0.0,0.0,6,1,0.16666666666666666
pm96,2021-03-10,2021-03-10 09:00:00,0.0,0.0,1,1,1.0
pm96,2021-03-10,2021-03-10 10:00:00,,,1,0,0.0
pm96,2021-03-10,2021-03-10 11:00:00,0.0,0.0,3,3,1.0
pm96,2021-03-10,2021-03-10 13:00:00,,,1,0,0.0
pm96,2021-03-10,2021-03-10 23:00:00,,,1,0,0.0
pm96,2021-03-11,2021-03-11 00:00:00,,,1,0,0.0
pm96,2021-03-11,2021-03-11 01:00:00,0.0,0.0,2,1,0.5
pm96,2021-03-11,2021-03-11 02:00:00,0.0,0.0,3,1,0.3333333333333333
pm96,2021-03-11,2021-03-11 03:00:00,,,5,0,0.0
pm96,2021-03-11,2021-03-11 04:00:00,,,2,0,0.0
pm96,2021-03-11,2021-03-11 05:00:00,,,1,0,0.0
pm96,2021-03-11,2021-03-11 07:00:00,0.0,0.0,2,1,0.5
pm96,2021-03-11,2021-03-11 08:00:00,0.0,0.0,1,1,1.0
pm96,2021-03-11,2021-03-11 09:00:00,0.0,0.0,1,1,1.0
pm96,2021-03-11,2021-03-11 10:00:00,,,2,0,0.0
pm96,2021-03-11,2021-03-11 12:00:00,0.0,0.0,4,2,0.5
pm96,2021-03-11,2021-03-11 13:00:00,4.75,4.75,3,2,0.6666666666666666
pm96,2021-03-11,2021-03-11 14:00:00,,,2,0,0.0
pm96,2021-03-11,2021-03-11 15:00:00,,,1,0,0.0
pm96,2021-03-12,2021-03-12 06:00:00,0.0,0.0,4,1,0.25
pm96,2021-03-12,2021-03-12 07:00:00,,,8,0,0.0
pm96,2021-03-12,2021-03-12 08:00:00,,,9,0,0.0
pm96,2021-03-12,2021-03-12 09:00:00,,,10,0,0.0
pm96,2021-03-12,2021-03-12 10:00:00,0.0,0.0,10,1,0.1
pm96,2021-03-12,2021-03-12 11:00:00,,,10,0,0.0
pm96,2021-03-12,2021-03-12 12:00:00,,,11,0,0.0
pm96,2021-03-12,2021-03-12 13:00:00,0.0,0.0,7,2,0.2857142857142857
pm96,2021-03-12,2021-03-12 14:00:00,,,1,0,0.0
pm96,2021-03-12,2021-03-12 15:00:00,,,2,0,0.0
pm96,2021-03-13,2021-03-13 02:00:00,0.0,0.0,4,1,0.25
pm96,2021-03-13,2021-03-13 03:00:00,6.0,6.0,5,1,0.2
pm96,2021-03-13,2021-03-13 04:00:00,,,3,0,0.0
pm96,2021-03-13,2021-03-13 05:00:00,0.0,0.0,3,1,0.3333333333333333
pm96,2021-03-13,2021-03-13 06:00:00,0.0,0.0,2,1,0.5
pm96,2021-03-13,2021-03-13 07:00:00,,,3,0,0.0
pm96,2021-03-13,2021-03-13 08:00:00,0.0,0.0,4,1,0.25
pm96,2021-03-13,2021-03-13 09:00:00,,,1,0,0.0
pm96,2021-03-14,2021-03-14 01:00:00,,,1,0,0.0
pm96,2021-03-14,2021-03-14 02:00:00,,,1,0,0.0
pm96,2021-03-14,2021-03-14 03:00:00,,,1,0,0.0
pm96,2021-03-14,2021-03-14 04:00:00,0.0,0.0,5,3,0.6
pm96,2021-03-14,2021-03-14 05:00:00,0.0,0.0,10,3,0.3
pm96,2021-03-14,2021-03-14 06:00:00,0.0,0.0,9,3,0.3333333333333333
pm96,2021-03-14,2021-03-14 07:00:00,0.0,0.0,4,1,0.25
pm96,2021-03-14,2021-03-14 08:00:00,,,3,0,0.0
pm96,2021-03-14,2021-03-14 09:00:00,,,5,0,0.0
pm96,2021-03-14,2021-03-14 10:00:00,,,3,0,0.0
pm96,2021-03-14,2021-03-14 11:00:00,2.2,2.2,2,1,0.5
pm96,2021-03-14,2021-03-14 12:00:00,0.0,0.0,7,6,0.8571428571428571
pm96,2021-03-14,2021-03-14 13:00:00,0.0,0.0,5,3,0.6
pm96,2021-03-15,2021-03-15 01:00:00,0.0,0.0,4,1,0.25
pm96,2021-03-15,2021-03-15 02:00:00,0.0,0.0,2,1,0.5
pm96,2021-03-15,2021-03-15 03:00:00,,,9,0,0.0
pm96,2021-03-15,2021-03-15 04:00:00,,,1,0,0.0
pm96,2021-03-15,2021-03-15 05:00:00,,,1,0,0.0
pm96,2021-03-15,2021-03-15 06:00:00,,,1,0,0.0
pm96,2021-03-15,2021-03-15 10:00:00,,,2,0,0.0
pm96,2021-03-15,2021-03-15 12:00:00,,,3,0,0.0
pm96,2021-03-15,2021-03-15 13:00:00,0.0,0.0,2,1,0.5
pm96,2021-03-15,2021-03-15 14:00:00,,,1,0,0.0
pm96,2021-03-15,2021-03-15 15:00:00,,,1,0,0.0
pm96,2021-03-16,2021-03-16 00:00:00,,,1,0,0.0
pm96,2021-03-16,2021-03-16 01:00:00,,,1,0,0.0
pm96,2021-03-16,2021-03-16 02:00:00,0.0,0.0,2,1,0.5
pm96,2021-03-16,2021-03-16 03:00:00,0.0,0.0,8,2,0.25
pm96,2021-03-16,2021-03-16 04:00:00,0.0,0.0,4,1,0.25
pm96,2021-03-16,2021-03-16 05:00:00,,,1,0,0.0
pm96,2021-03-16,2021-03-16 06:00:00,,,1,0,0.0
pm96,2021-03-16,2021-03-16 08:00:00,,,4,0,0.0
pm96,2021-03-16,2021-03-16 11:00:00,,,2,0,0.0
pm96,2021-03-16,2021-03-16 12:00:00,,,5,0,0.0
pm96,2021-03-16,2021-03-16 13:00:00,,,4,0,0.0
pm96,2021-03-16,2021-03-16 15:00:00,,,2,0,0.0
pm96,2021-03-16,2021-03-16 23:00:00,,,2,0,0.0
pm96,2021-03-17,2021-03-17 00:00:00,10.25,10.25,5,2,0.4
pm96,2021-03-17,2021-03-17 01:00:00,0.0,0.0,4,1,0.25
pm96,2021-03-17,2021-03-17 02:00:00,0.0,0.0,3,1,0.3333333333333333
pm96,2021-03-17,2021-03-17 03:00:00,0.0,0.0,6,1,0.16666666666666666
pm96,2021-03-17,2021-03-17 04:00:00,,,2,0,0.0
pm96,2021-03-17,2021-03-17 09:00:00,,,4,0,0.0
pm96,2021-03-17,2021-03-17 11:00:00,,,2,0,0.0
pm96,2021-03-17,2021-03-17 15:00:00,,,2,0,0.0
pm96,2021-03-18,2021-03-18 01:00:00,,,1,0,0.0
pm96,2021-03-18,2021-03-18 02:00:00,,,3,0,0.0
pm96,2021-03-18,2021-03-18 03:00:00,55.66666666666666,55.66666666666666,8,3,0.375
pm96,2021-03-18,2021-03-18 04:00:00,0.0,0.0,4,1,0.25
pm96,2021-03-18,2021-03-18 05:00:00,,,3,0,0.0
pm96,2021-03-18,2021-03-18 06:00:00,,,1,0,0.0
pm96,2021-03-18,2021-03-18 07:00:00,0.0,0.0,3,1,0.3333333333333333
pm96,2021-03-18,2021-03-18 08:00:00,,,1,0,0.0
pm96,2021-03-18,2021-03-18 11:00:00,5.5,5.5,8,1,0.125
pm96,2021-03-18,2021-03-18 12:00:00,0.0,0.0,3,1,0.3333333333333333
pm96,2021-03-18,2021-03-18 14:00:00,,,2,0,0.0
pm96,2021-03-18,2021-03-18 15:00:00,,,3,0,0.0
pm96,2021-03-18,2021-03-18 23:00:00,0.0,0.0,3,1,0.3333333333333333
pm96,2021-03-19,2021-03-19 00:00:00,,,2,0,0.0
pm96,2021-03-19,2021-03-19 01:00:00,12.333333333333334,12.333333333333334,4,1,0.25
pm96,2021-03-19,2021-03-19 02:00:00,11.0,11.0,2,2,1.0
pm96,2021-03-19,2021-03-19 03:00:00,148.0,148.0,5,2,0.4
pm96,2021-03-19,2021-03-19 05:00:00,204.5,198.0,4,3,0.75
pm96,2021-03-19,2021-03-19 06:00:00,12.666666666666666,12.666666666666666,4,2,0.5
pm96,2021-03-19,2021-03-19 07:00:00,0.0,0.0,6,4,0.6666666666666666
pm96,2021-03-19,2021-03-19 08:00:00,0.0,0.0,2,1,0.5
pm96,2021-03-19,2021-03-19 09:00:00,0.0,0.0,4,1,0.25
pm96,2021-03-19,2021-03-19 10:00:00,,,6,0,0.0
pm96,2021-03-19,2021-03-19 11:00:00,0.0,0.0,7,6,0.8571428571428571
pm96,2021-03-19,2021-03-19 12:00:00,,,4,0,0.0
pm96,2021-03-19,2021-03-19 13:00:00,0.0,0.0,2,1,0.5
pm96,2021-03-19,2021-03-19 14:00:00,1.6666666666666667,1.6666666666666667,3,2,0.6666666666666666
pm96,2021-03-19,2021-03-19 15:00:00,,,1,0,0.0
pm96,2021-03-20,2021-03-20 07:00:00,0.0,0.0,5,1,0.2
pm96,2021-03-20,2021-03-20 08:00:00,0.0,0.0,3,1,0.3333333333333333
pm96,2021-03-20,2021-03-20 09:00:00,,,2,0,0.0
pm96,2021-03-20,2021-03-20 10:00:00,0.0,0.0,2,1,0.5
pm96,2021-03-20,2021-03-20 11:00:00,0.0,0.0,10,3,0.3
pm96,2021-03-20,2021-03-20 12:00:00,5.4,5.4,7,4,0.5714285714285714
pm96,2021-03-20,2021-03-20 13:00:00,0.0,0.0,9,5,0.5555555555555556
pm96,2021-03-20,2021-03-20 14:00:00,,,2,0,0.0
pm96,2021-03-21,2021-03-21 04:00:00,,,2,0,0.0
pm96,2021-03-21,2021-03-21 06:00:00,0.0,0.0,5,4,0.8
pm96,2021-03-21,2021-03-21 07:00:00,15.100000000000001,9.8,7,5,0.7142857142857143
pm96,2021-03-21,2021-03-21 08:00:00,0.0,0.0,12,2,0.16666666666666666
pm96,2021-03-21,2021-03-21 09:00:00,0.0,0.0,6,1,0.16666666666666666
pm96,2021-03-21,2021-03-21 11:00:00,0.0,0.0,10,10,1.0
pm96,2021-03-21,2021-03-21 12:00:00,0.0,0.0,6,5,0.8333333333333334
pm96,2021-03-21,2021-03-21 13:00:00,16.0,15.0,7,5,0.7142857142857143
pm96,2021-03-21,2021-03-21 14:00:00,,,2,0,0.0
pm96,2021-03-21,2021-03-21 23:00:00,,,1,0,0.0
pm96,2021-03-22,2021-03-22 00:00:00,,,3,0,0.0
pm96,2021-03-22,2021-03-22 01:00:00,,,1,0,0.0
pm96,2021-03-22,2021-03-22 02:00:00,,,2,0,0.0
pm96,2021-03-22,2021-03-22 03:00:00,,,6,0,0.0
pm96,2021-03-22,2021-03-22 04:00:00,0.0,0.0,1,1,1.0
pm96,2021-03-22,2021-03-22 05:00:00,,,1,0,0.0
pm96,2021-03-22,2021-03-22 06:00:00,0.0,0.0,1,1,1.0
pm96,2021-03-22,2021-03-22 08:00:00,,,1,0,0.0
pm96,2021-03-22,2021-03-22 22:00:00,,,2,0,0.0
pm96,2021-03-22,2021-03-22 23:00:00,0.0,0.0,6,1,0.16666666666666666
pm96,2021-03-23,2021-03-23 00:00:00,,,1,0,0.0
pm96,2021-03-23,2021-03-23 01:00:00,,,1,0,0.0
pm96,2021-03-23,2021-03-23 03:00:00,,,5,0,0.0
pm96,2021-03-23,2021-03-23 05:00:00,0.0,0.0,1,1,1.0
pm96,2021-03-23,2021-03-23 06:00:00,2.5,2.5,12,3,0.25
pm96,2021-03-23,2021-03-23 07:00:00,0.0,0.0,8,3,0.375
pm96,2021-03-23,2021-03-23 09:00:00,0.0,0.0,1,1,1.0
pm96,2021-03-23,2021-03-23 14:00:00,0.0,0.0,2,1,0.5
pm96,2021-03-23,2021-03-23 15:00:00,,,2,0,0.0
pm96,2021-03-23,2021-03-23 23:00:00,0.0,0.0,2,2,1.0
pm96,2021-03-24,2021-03-24 02:00:00,0.0,0.0,4,1,0.25
pm96,2021-03-24,2021-03-24 03:00:00,0.0,0.0,6,2,0.3333333333333333
pm96,2021-03-24,2021-03-24 04:00:00,,,1,0,0.0
pm96,2021-03-24,2021-03-24 05:00:00,1.1428571428571428,1.1428571428571428,2,1,0.5
pm96,2021-03-24,2021-03-24 06:00:00,,,3,0,0.0
pm96,2021-03-24,2021-03-24 07:00:00,,,2,0,0.0
pm96,2021-03-24,2021-03-24 10:00:00,,,3,0,0.0
pm96,2021-03-24,2021-03-24 11:00:00,,,1,0,0.0
pm96,2021-03-24,2021-03-24 12:00:00,,,1,0,0.0
pm96,2021-03-24,2021-03-24 13:00:00,0.0,0.0,4,1,0.25
pm96,2021-03-24,2021-03-24 14:00:00,,,2,0,0.0
pm96,2021-03-24,2021-03-24 15:00:00,,,1,0,0.0
pm96,2021-03-24,2021-03-24 23:00:00,0.0,0.0,3,2,0.6666666666666666
pm96,2021-03-25,2021-03-25 00:00:00,,,2,0,0.0
pm96,2021-03-25,2021-03-25 01:00:00,,,4,0,0.0
pm96,2021-03-25,2021-03-25 02:00:00,,,2,0,0.0
pm96,2021-03-25,2021-03-25 03:00:00,60.0,60.0,8,2,0.25
pm96,2021-03-25,2021-03-25 04:00:00,0.0,0.0,3,1,0.3333333333333333
pm96,2021-03-25,2021-03-25 05:00:00,0.0,0.0,2,1,0.5
pm96,2021-03-25,2021-03-25 06:00:00,,,3,0,0.0
pm96,2021-03-25,2021-03-25 07:00:00,,,4,0,0.0
pm96,2021-03-25,2021-03-25 09:00:00,0.0,0.0,4,2,0.5
pm96,2021-03-25,2021-03-25 10:00:00,,,1,0,0.0
pm96,2021-03-25,2021-03-25 11:00:00,,,5,0,0.0
pm96,2021-03-25,2021-03-25 12:00:00,8.25,8.25,4,2,0.5
pm96,2021-03-25,2021-03-25 14:00:00,,,4,0,0.0
pm96,2021-03-25,2021-03-25 23:00:00,0.0,0.0,1,1,1.0
pm96,2021-03-26,2021-03-26 00:00:00,0.0,0.0,7,4,0.5714285714285714
pm96,2021-03-26,2021-03-26 01:00:00,0.0,0.0,6,2,0.3333333333333333
pm96,2021-03-26,2021-03-26 02:00:00,5.0,5.0,2,1,0.5
pm96,2021-03-26,2021-03-26 04:00:00,0.0,0.0,1,1,1.0
pm96,2021-03-26,2021-03-26 06:00:00,,,4,0,0.0
pm96,2021-03-26,2021-03-26 07:00:00,,,3,0,0.0
pm96,2021-03-26,2021-03-26 08:00:00,5.0,5.0,6,3,0.5
pm96,2021-03-26,2021-03-26 09:00:00,,,7,0,0.0
pm96,2021-03-26,2021-03-26 10:00:00,0.0,0.0,1,1,1.0
pm96,2021-03-26,2021-03-26 11:00:00,,,2,0,0.0
pm96,2021-03-26,2021-03-26 12:00:00,0.0,0.0,1,1,1.0
pm96,2021-03-26,2021-03-26 13:00:00,0.0,0.0,6,4,0.6666666666666666
pm96,2021-03-27,2021-03-27 03:00:00,,,2,0,0.0
pm96,2021-03-27,2021-03-27 04:00:00,,,2,0,0.0
pm96,2021-03-27,2021-03-27 07:00:00,,,3,0,0.0
pm96,2021-03-27,2021-03-27 12:00:00,0.0,0.0,1,1,1.0
pm96,2021-03-27,2021-03-27 15:00:00,0.0,0.0,3,1,0.3333333333333333
pm96,2021-03-28,2021-03-28 02:00:00,0.0,0.0,7,3,0.42857142857142855
pm96,2021-03-28,2021-03-28 03:00:00,,,12,0,0.0
pm96,2021-03-28,2021-03-28 04:00:00,,,10,0,0.0
pm96,2021-03-28,2021-03-28 05:00:00,,,11,0,0.0
pm96,2021-03-28,2021-03-28 06:00:00,2.5,2.5,5,2,0.4
pm96,2021-03-28,2021-03-28 07:00:00,0.0,0.0,8,6,0.75
pm96,2021-03-28,2021-03-28 08:00:00,0.0,0.0,12,5,0.4166666666666667
pm96,2021-03-28,2021-03-28 09:00:00,,,10,0,0.0
pm96,2021-03-28,2021-03-28 10:00:00,0.0,0.0,9,4,0.4444444444444444
pm96,2021-03-28,2021-03-28 11:00:00,5.0,5.0,5,3,0.6
pm96,2021-03-28,2021-03-28 12:00:00,,,2,0,0.0
pm96,2021-03-28,2021-03-28 15:00:00,,,2,0,0.0
pm96,2021-03-29,2021-03-29 04:00:00,,,1,0,0.0
pm96,2021-03-29,2021-03-29 06:00:00,,,2,0,0.0
pm96,2021-03-29,2021-03-29 07:00:00,0.0,0.0,3,1,0.3333333333333333
pm96,2021-03-29,2021-03-29 08:00:00,0.0,0.0,1,1,1.0
pm96,2021-03-29,2021-03-29 12:00:00,0.0,0.0,4,1,0.25
pm96,2021-03-29,2021-03-29 13:00:00,,,7,0,0.0
pm96,2021-03-29,2021-03-29 14:00:00,,,1,0,0.0
pm96,2021-03-30,2021-03-30 01:00:00,0.0,0.0,2,1,0.5
pm96,2021-03-30,2021-03-30 02:00:00,,,1,0,0.0
pm96,2021-03-30,2021-03-30 03:00:00,,,6,0,0.0
pm96,2021-03-30,2021-03-30 04:00:00,0.0,0.0,2,2,1.0
pm96,2021-03-30,2021-03-30 05:00:00,,,1,0,0.0
pm96,2021-03-30,2021-03-30 06:00:00,,,2,0,0.0
pm96,2021-03-30,2021-03-30 07:00:00,,,2,0,0.0
pm96,2021-03-30,2021-03-30 08:00:00,,,3,0,0.0
pm96,2021-03-30,2021-03-30 12:00:00,0.0,0.0,4,1,0.25
pm96,2021-03-30,2021-03-30 13:00:00,0.0,0.0,3,1,0.3333333333333333
pm96,2021-03-30,2021-03-30 14:00:00,,,1,0,0.0
pm96,2021-03-31,2021-03-31 00:00:00,,,1,0,0.0
pm96,2021-03-31,2021-03-31 04:00:00,,,1,0,0.0
pm96,2021-03-31,2021-03-31 13:00:00,0.0,0.0,2,1,0.5
pm96,2021-03-31,2021-03-31 14:00:00,0.0,0.0,3,2,0.6666666666666666
pm96,2021-04-01,2021-04-01 01:00:00,,,1,0,0.0
pm96,2021-04-01,2021-04-01 02:00:00,0.0,0.0,1,1,1.0
pm96,2021-04-01,2021-04-01 03:00:00,0.0,0.0,3,1,0.3333333333333333
pm96,2021-04-01,2021-04-01 04:00:00,11.0,11.0,7,3,0.42857142857142855
pm96,2021-04-01,2021-04-01 05:00:00,10.666666666666666,10.666666666666666,5,1,0.2
pm96,2021-04-01,2021-04-01 06:00:00,0.0,0.0,5,2,0.4
pm96,2021-04-01,2021-04-01 07:00:00,0.0,0.0,9,1,0.1111111111111111
pm96,2021-04-01,2021-04-01 08:00:00,,,5,0,0.0
pm96,2021-04-01,2021-04-01 09:00:00,,,2,0,0.0
pm96,2021-04-01,2021-04-01 11:00:00,,,1,0,0.0
pm96,2021-04-01,2021-04-01 12:00:00,0.0,0.0,5,2,0.4
pm96,2021-04-01,2021-04-01 14:00:00,0.0,0.0,2,1,0.5
pm96,2021-04-02,2021-04-02 00:00:00,,,3,0,0.0
pm96,2021-04-02,2021-04-02 01:00:00,,,3,0,0.0
pm96,2021-04-02,2021-04-02 02:00:00,,,1,0,0.0
pm96,2021-04-02,2021-04-02 03:00:00,0.0,0.0,2,1,0.5
pm96,2021-04-02,2021-04-02 04:00:00,,,5,0,0.0
pm96,2021-04-02,2021-04-02 05:00:00,,,7,0,0.0
pm96,2021-04-02,2021-04-02 06:00:00,,,1,0,0.0
pm96,2021-04-02,2021-04-02 07:00:00,0.0,0.0,9,1,0.1111111111111111
pm96,2021-04-02,2021-04-02 08:00:00,,,3,0,0.0
pm96,2021-04-02,2021-04-02 09:00:00,,,7,0,0.0
pm96,2021-04-02,2021-04-02 11:00:00,42.0,42.0,2,1,0.5
pm96,2021-04-02,2021-04-02 12:00:00,0.0,0.0,5,2,0.4
pm96,2021-04-02,2021-04-02 13:00:00,,,1,0,0.0
pm96,2021-04-03,2021-04-03 02:00:00,,,2,0,0.0
pm96,2021-04-03,2021-04-03 03:00:00,0.0,0.0,10,2,0.2
pm96,2021-04-03,2021-04-03 04:00:00,,,6,0,0.0
pm96,2021-04-03,2021-04-03 05:00:00,,,3,0,0.0
pm96,2021-04-03,2021-04-03 06:00:00,,,1,0,0.0
pm96,2021-04-03,2021-04-03 08:00:00,,,3,0,0.0
pm96,2021-04-03,2021-04-03 11:00:00,,,3,0,0.0
pm96,2021-04-03,2021-04-03 12:00:00,,,2,0,0.0
pm96,2021-04-03,2021-04-03 13:00:00,,,1,0,0.0
pm96,2021-04-03,2021-04-03 14:00:00,0.0,0.0,1,1,1.0
pm96,2021-04-03,2021-04-03 16:00:00,0.0,0.0,2,1,0.5
pm96,2021-04-04,2021-04-04 00:00:00,0.0,0.0,2,2,1.0
pm96,2021-04-04,2021-04-04 01:00:00,0.0,0.0,3,1,0.3333333333333333
pm96,2021-04-04,2021-04-04 02:00:00,0.0,0.0,8,1,0.125
pm96,2021-04-04,2021-04-04 03:00:00,,,3,0,0.0
pm96,2021-04-04,2021-04-04 04:00:00,0.0,0.0,1,1,1.0
pm96,2021-04-04,2021-04-04 05:00:00,,,1,0,0.0
pm96,2021-04-04,2021-04-04 06:00:00,,,2,0,0.0
pm96,2021-04-04,2021-04-04 07:00:00,0.0,0.0,4,1,0.25
pm96,2021-04-04,2021-04-04 11:00:00,0.0,0.0,6,4,0.6666666666666666
pm96,2021-04-04,2021-04-04 12:00:00,0.0,0.0,7,2,0.2857142857142857
pm96,2021-04-04,2021-04-04 13:00:00,,,1,0,0.0
pm96,2021-04-05,2021-04-05 00:00:00,,,1,0,0.0
pw85,2021-03-04,2021-03-04 03:00:00,,,1,0,0.0
pw85,2021-03-08,2021-03-08 00:00:00,0.0,0.0,4,4,1.0
pw85,2021-03-08,2021-03-08 02:00:00,0.0,0.0,1,1,1.0
pw85,2021-03-08,2021-03-08 03:00:00,,,2,0,0.0
pw85,2021-03-08,2021-03-08 04:00:00,,,3,0,0.0
pw85,2021-03-08,2021-03-08 05:00:00,,,1,0,0.0
pw85,2021-03-08,2021-03-08 22:00:00,0.0,0.0,2,2,1.0
pw85,2021-03-08,2021-03-08 23:00:00,,,6,0,0.0
pw85,2021-03-09,2021-03-09 00:00:00,,,1,0,0.0
pw85,2021-03-09,2021-03-09 01:00:00,0.0,0.0,2,1,0.5
pw85,2021-03-09,2021-03-09 03:00:00,0.0,0.0,3,1,0.3333333333333333
pw85,2021-03-09,2021-03-09 05:00:00,,,2,0,0.0
pw85,2021-03-09,2021-03-09 06:00:00,0.0,0.0,8,4,0.5
pw85,2021-03-09,2021-03-09 07:00:00,1.2857142857142858,1.2857142857142858,7,4,0.5714285714285714
pw85,2021-03-09,2021-03-09 08:00:00,,,4,0,0.0
pw85,2021-03-09,2021-03-09 09:00:00,0.0,0.0,5,1,0.2
pw85,2021-03-09,2021-03-09 10:00:00,0.0,0.0,2,1,0.5
pw85,2021-03-09,2021-03-09 11:00:00,4.166666666666667,4.166666666666667,6,4,0.6666666666666666
pw85,2021-03-09,2021-03-09 15:00:00,0.0,0.0,6,3,0.5
pw85,2021-03-09,2021-03-09 23:00:00,,,1,0,0.0
pw85,2021-03-10,2021-03-10 03:00:00,9.5,9.5,3,3,1.0
pw85,2021-03-10,2021-03-10 04:00:00,,,5,0,0.0
pw85,2021-03-10,2021-03-10 06:00:00,3.367816091954023,3.367816091954023,1,1,1.0
pw85,2021-03-10,2021-03-10 11:00:00,,,1,0,0.0
pw85,2021-03-10,2021-03-10 12:00:00,3.4285714285714284,3.4285714285714284,6,2,0.3333333333333333
pw85,2021-03-10,2021-03-10 14:00:00,,,2,0,0.0
pw85,2021-03-11,2021-03-11 01:00:00,,,1,0,0.0
pw85,2021-03-11,2021-03-11 02:00:00,,,1,0,0.0
pw85,2021-03-11,2021-03-11 06:00:00,,,1,0,0.0
pw85,2021-03-11,2021-03-11 08:00:00,,,1,0,0.0
pw85,2021-03-11,2021-03-11 14:00:00,2.1666666666666665,2.1666666666666665,3,1,0.3333333333333333
pw85,2021-03-11,2021-03-11 15:00:00,0.0,0.0,4,1,0.25
pw85,2021-03-11,2021-03-11 16:00:00,0.0,0.0,8,1,0.125
pw85,2021-03-12,2021-03-12 00:00:00,10.5,10.5,1,1,1.0
pw85,2021-03-12,2021-03-12 05:00:00,0.0,0.0,4,2,0.5
pw85,2021-03-12,2021-03-12 13:00:00,,,1,0,0.0
pw85,2021-03-12,2021-03-12 14:00:00,0.0,0.0,2,2,1.0
pw85,2021-03-12,2021-03-12 15:00:00,0.0,0.0,6,4,0.6666666666666666
pw85,2021-03-12,2021-03-12 16:00:00,1.6842105263157894,1.6842105263157894,8,1,0.125
pw85,2021-03-12,2021-03-12 17:00:00,,,2,0,0.0
pw85,2021-03-12,2021-03-12 23:00:00,,,2,0,0.0
pw85,2021-03-13,2021-03-13 00:00:00,0.0,0.0,2,1,0.5
pw85,2021-03-13,2021-03-13 01:00:00,,,6,0,0.0
pw85,2021-03-13,2021-03-13 02:00:00,7.333333333333333,7.333333333333333,10,3,0.3
pw85,2021-03-13,2021-03-13 03:00:00,10.833333333333332,7.5,9,3,0.3333333333333333
pw85,2021-03-13,2021-03-13 04:00:00,0.0,0.0,5,1,0.2
pw85,2021-03-13,2021-03-13 05:00:00,10.0,10.0,1,1,1.0
pw85,2021-03-13,2021-03-13 06:00:00,0.0,0.0,2,2,1.0
pw85,2021-03-13,2021-03-13 07:00:00,43.0,43.0,5,1,0.2
pw85,2021-03-13,2021-03-13 08:00:00,0.0,0.0,2,2,1.0
pw85,2021-03-13,2021-03-13 09:00:00,42.0,42.0,1,1,1.0
pw85,2021-03-13,2021-03-13 10:00:00,24.0,24.0,4,4,1.0
pw85,2021-03-13,2021-03-13 11:00:00,,,1,0,0.0
pw85,2021-03-13,2021-03-13 12:00:00,0.0,0.0,5,3,0.6
pw85,2021-03-13,2021-03-13 13:00:00,0.0,0.0,7,3,0.42857142857142855
pw85,2021-03-13,2021-03-13 14:00:00,0.0,0.0,5,2,0.4
pw85,2021-03-13,2021-03-13 15:00:00,0.0,0.0,2,1,0.5
pw85,2021-03-13,2021-03-13 16:00:00,0.0,0.0,10,8,0.8
pw85,2021-03-13,2021-03-13 17:00:00,0.0,0.0,11,10,0.9090909090909091
pw85,2021-03-13,2021-03-13 18:00:00,,,3,0,0.0
pw85,2021-03-14,2021-03-14 01:00:00,,,1,0,0.0
pw85,2021-03-14,2021-03-14 02:00:00,,,1,0,0.0
pw85,2021-03-15,2021-03-15 23:00:00,0.0,0.0,5,1,0.2
pw85,2021-03-16,2021-03-16 00:00:00,0.0,0.0,4,1,0.25
pw85,2021-03-16,2021-03-16 03:00:00,,,1,0,0.0
pw85,2021-03-16,2021-03-16 04:00:00,,,2,0,0.0
pw85,2021-03-16,2021-03-16 05:00:00,,,1,0,0.0
pw85,2021-03-16,2021-03-16 06:00:00,0.0,0.0,7,3,0.42857142857142855
pw85,2021-03-16,2021-03-16 07:00:00,,,3,0,0.0
pw85,2021-03-16,2021-03-16 10:00:00,0.0,0.0,2,2,1.0
pw85,2021-03-16,2021-03-16 13:00:00,,,1,0,0.0
pw85,2021-03-16,2021-03-16 16:00:00,0.0,0.0,2,1,0.5
pw85,2021-03-16,2021-03-16 17:00:00,0.0,0.0,5,2,0.4
pw85,2021-03-17,2021-03-17 01:00:00,0.0,0.0,8,6,0.75
pw85,2021-03-17,2021-03-17 02:00:00,0.0,0.0,5,3,0.6
pw85,2021-03-17,2021-03-17 03:00:00,,,3,0,0.0
pw85,2021-03-17,2021-03-17 04:00:00,,,2,0,0.0
pw85,2021-03-17,2021-03-17 05:00:00,,,1,0,0.0
pw85,2021-03-17,2021-03-17 06:00:00,0.0,0.0,3,1,0.3333333333333333
pw85,2021-03-17,2021-03-17 13:00:00,,,2,0,0.0
pw85,2021-03-17,2021-03-17 14:00:00,0.0,0.0,1,1,1.0
pw85,2021-03-17,2021-03-17 15:00:00,,,1,0,0.0
pw85,2021-03-17,2021-03-17 22:00:00,,,1,0,0.0
pw85,2021-03-17,2021-03-17 23:00:00,0.0,0.0,8,1,0.125
pw85,2021-03-18,2021-03-18 00:00:00,,,7,0,0.0
pw85,2021-03-18,2021-03-18 01:00:00,,,1,0,0.0
pw85,2021-03-18,2021-03-18 02:00:00,0.0,0.0,10,4,0.4
pw85,2021-03-18,2021-03-18 03:00:00,0.0,0.0,6,3,0.5
pw85,2021-03-18,2021-03-18 04:00:00,,,2,0,0.0
pw85,2021-03-18,2021-03-18 05:00:00,,,5,0,0.0
pw85,2021-03-18,2021-03-18 08:00:00,5.5,5.5,2,1,0.5
pw85,2021-03-18,2021-03-18 09:00:00,0.0,0.0,2,1,0.5
pw85,2021-03-18,2021-03-18 10:00:00,,,2,0,0.0
pw85,2021-03-18,2021-03-18 12:00:00,,,1,0,0.0
pw85,2021-03-18,2021-03-18 13:00:00,0.0,0.0,5,1,0.2
pw85,2021-03-18,2021-03-18 14:00:00,,,2,0,0.0
pw85,2021-03-18,2021-03-18 15:00:00,0.0,0.0,7,2,0.2857142857142857
pw85,2021-03-18,2021-03-18 16:00:00,0.0,0.0,6,2,0.3333333333333333
pw85,2021-03-19,2021-03-19 00:00:00,,,2,0,0.0
pw85,2021-03-19,2021-03-19 03:00:00,,,1,0,0.0
pw85,2021-03-19,2021-03-19 04:00:00,,,4,0,0.0
pw85,2021-03-19,2021-03-19 05:00:00,,,6,0,0.0
pw85,2021-03-19,2021-03-19 09:00:00,,,2,0,0.0
pw85,2021-03-19,2021-03-19 10:00:00,,,4,0,0.0
pw85,2021-03-19,2021-03-19 11:00:00,,,3,0,0.0
pw85,2021-03-19,2021-03-19 13:00:00,,,2,0,0.0
pw85,2021-03-19,2021-03-19 14:00:00,,,6,0,0.0
pw85,2021-03-19,2021-03-19 15:00:00,,,4,0,0.0
pw85,2021-03-19,2021-03-19 16:00:00,,,4,0,0.0
pw85,2021-03-20,2021-03-20 00:00:00,0.0,0.0,5,1,0.2
pw85,2021-03-20,2021-03-20 01:00:00,0.0,0.0,3,1,0.3333333333333333
pw85,2021-03-20,2021-03-20 04:00:00,,,1,0,0.0
pw85,2021-03-20,2021-03-20 05:00:00,0.0,0.0,3,2,0.6666666666666666
pw85,2021-03-20,2021-03-20 06:00:00,0.0,0.0,10,2,0.2
pw85,2021-03-20,2021-03-20 07:00:00,0.0,0.0,12,1,0.08333333333333333
pw85,2021-03-20,2021-03-20 08:00:00,,,3,0,0.0
pw85,2021-03-20,2021-03-20 09:00:00,,,3,0,0.0
pw85,2021-03-20,2021-03-20 10:00:00,0.0,0.0,11,2,0.18181818181818182
pw85,2021-03-20,2021-03-20 11:00:00,0.0,0.0,4,4,1.0
pw85,2021-03-20,2021-03-20 12:00:00,,,3,0,0.0
pw85,2021-03-20,2021-03-20 13:00:00,0.0,0.0,6,1,0.16666666666666666
pw85,2021-03-20,2021-03-20 14:00:00,0.0,0.0,1,1,1.0
pw85,2021-03-20,2021-03-20 15:00:00,0.0,0.0,4,2,0.5
pw85,2021-03-20,2021-03-20 17:00:00,,,2,0,0.0
pw85,2021-03-21,2021-03-21 00:00:00,0.0,0.0,2,1,0.5
pw85,2021-03-21,2021-03-21 02:00:00,,,1,0,0.0
pw85,2021-03-21,2021-03-21 03:00:00,0.0,0.0,2,2,1.0
pw85,2021-03-21,2021-03-21 04:00:00,0.0,0.0,4,1,0.25
pw85,2021-03-21,2021-03-21 05:00:00,8.333333333333334,8.333333333333334,4,2,0.5
pw85,2021-03-21,2021-03-21 06:00:00,,,1,0,0.0
pw85,2021-03-21,2021-03-21 07:00:00,0.0,0.0,4,1,0.25
pw85,2021-03-21,2021-03-21 10:00:00,,,1,0,0.0
pw85,2021-03-21,2021-03-21 11:00:00,,,3,0,0.0
pw85,2021-03-21,2021-03-21 12:00:00,0.0,0.0,4,2,0.5
pw85,2021-03-21,2021-03-21 13:00:00,0.0,0.0,5,1,0.2
pw85,2021-03-21,2021-03-21 14:00:00,0.0,0.0,9,2,0.2222222222222222
pw85,2021-03-21,2021-03-21 15:00:00,0.0,0.0,12,3,0.25
pw85,2021-03-21,2021-03-21 16:00:00,0.0,0.0,12,2,0.16666666666666666
pw85,2021-03-21,2021-03-21 17:00:00,,,7,0,0.0
pw85,2021-03-22,2021-03-22 00:00:00,,,3,0,0.0
pw85,2021-03-22,2021-03-22 01:00:00,0.0,0.0,5,1,0.2
pw85,2021-03-22,2021-03-22 02:00:00,0.0,0.0,7,1,0.14285714285714285
pw85,2021-03-22,2021-03-22 04:00:00,,,2,0,0.0
pw85,2021-03-22,2021-03-22 05:00:00,,,1,0,0.0
pw85,2021-03-22,2021-03-22 10:00:00,,,2,0,0.0
pw85,2021-03-22,2021-03-22 11:00:00,,,2,0,0.0
pw85,2021-03-22,2021-03-22 12:00:00,10.666666666666666,10.666666666666666,2,1,0.5
pw85,2021-03-22,2021-03-22 13:00:00,7.5,7.5,9,4,0.4444444444444444
pw85,2021-03-22,2021-03-22 14:00:00,0.0,0.0,10,5,0.5
pw85,2021-03-22,2021-03-22 15:00:00,0.0,0.0,3,3,1.0
pw85,2021-03-22,2021-03-22 16:00:00,0.0,0.0,4,1,0.25
pw85,2021-03-23,2021-03-23 02:00:00,,,3,0,0.0
pw85,2021-03-23,2021-03-23 03:00:00,0.0,0.0,4,1,0.25
pw85,2021-03-23,2021-03-23 04:00:00,,,4,0,0.0
pw85,2021-03-23,2021-03-23 05:00:00,0.0,0.0,1,1,1.0
pw85,2021-03-23,2021-03-23 06:00:00,0.0,0.0,2,1,0.5
pw85,2021-03-23,2021-03-23 08:00:00,,,1,0,0.0
pw85,2021-03-23,2021-03-23 12:00:00,,,5,0,0.0
pw85,2021-03-23,2021-03-23 13:00:00,0.0,0.0,7,4,0.5714285714285714
pw85,2021-03-23,2021-03-23 23:00:00,,,1,0,0.0
pw85,2021-03-24,2021-03-24 00:00:00,0.0,0.0,3,1,0.3333333333333333
pw85,2021-03-24,2021-03-24 01:00:00,,,1,0,0.0
pw85,2021-03-24,2021-03-24 02:00:00,,,1,0,0.0
pw85,2021-03-24,2021-03-24 04:00:00,,,2,0,0.0
pw85,2021-03-24,2021-03-24 05:00:00,0.0,0.0,3,1,0.3333333333333333
pw85,2021-03-24,2021-03-24 12:00:00,,,2,0,0.0
pw85,2021-03-24,2021-03-24 13:00:00,,,1,0,0.0
pw85,2021-03-24,2021-03-24 14:00:00,0.0,0.0,2,1,0.5
pw85,2021-03-24,2021-03-24 15:00:00,0.0,0.0,1,1,1.0
pw85,2021-03-24,2021-03-24 16:00:00,11.455555555555556,5.9,10,4,0.4
pw85,2021-03-25,2021-03-25 00:00:00,0.0,0.0,4,3,0.75
pw85,2021-03-25,2021-03-25 01:00:00,,,3,0,0.0
pw85,2021-03-25,2021-03-25 02:00:00,0.0,0.0,2,2,1.0
pw85,2021-03-25,2021-03-25 06:00:00,,,4,0,0.0
pw85,2021-03-25,2021-03-25 07:00:00,0.0,0.0,2,2,1.0
pw85,2021-03-25,2021-03-25 09:00:00,,,1,0,0.0
pw85,2021-03-25,2021-03-25 10:00:00,0.0,0.0,1,1,1.0
pw85,2021-03-25,2021-03-25 11:00:00,,,2,0,0.0
pw85,2021-03-25,2021-03-25 12:00:00,,,6,0,0.0
pw85,2021-03-25,2021-03-25 13:00:00,,,7,0,0.0
pw85,2021-03-25,2021-03-25 14:00:00,,,2,0,0.0
pw85,2021-03-25,2021-03-25 15:00:00,,,1,0,0.0
pw85,2021-03-25,2021-03-25 16:00:00,,,2,0,0.0
pw85,2021-03-26,2021-03-26 00:00:00,,,1,0,0.0
pw85,2021-03-26,2021-03-26 04:00:00,0.0,0.0,2,2,1.0
pw85,2021-03-26,2021-03-26 07:00:00,,,1,0,0.0
pw85,2021-03-26,2021-03-26 11:00:00,0.0,0.0,2,1,0.5
pw85,2021-03-26,2021-03-26 13:00:00,0.0,0.0,2,1,0.5
pw85,2021-03-26,2021-03-26 15:00:00,0.0,0.0,9,4,0.4444444444444444
pw85,2021-03-26,2021-03-26 16:00:00,2.1666666666666665,2.1666666666666665,8,2,0.25
pw85,2021-03-26,2021-03-26 17:00:00,,,2,0,0.0
pw85,2021-03-28,2021-03-28 00:00:00,0.0,0.0,7,2,0.2857142857142857
pw85,2021-03-28,2021-03-28 01:00:00,,,3,0,0.0
pw85,2021-03-28,2021-03-28 02:00:00,,,1,0,0.0
pw85,2021-03-28,2021-03-28 03:00:00,0.0,0.0,1,1,1.0
pw85,2021-03-28,2021-03-28 04:00:00,,,3,0,0.0
pw85,2021-03-28,2021-03-28 05:00:00,,,1,0,0.0
pw85,2021-03-28,2021-03-28 06:00:00,,,3,0,0.0
pw85,2021-03-28,2021-03-28 07:00:00,0.0,0.0,5,1,0.2
pw85,2021-03-28,2021-03-28 08:00:00,0.0,0.0,1,1,1.0
pw85,2021-03-28,2021-03-28 16:00:00,,,5,0,0.0
pw85,2021-03-28,2021-03-28 17:00:00,,,2,0,0.0
pw85,2021-03-29,2021-03-29 00:00:00,0.0,0.0,2,1,0.5
pw85,2021-03-29,2021-03-29 01:00:00,0.0,0.0,3,1,0.3333333333333333
pw85,2021-03-29,2021-03-29 02:00:00,,,1,0,0.0
pw85,2021-03-29,2021-03-29 05:00:00,,,3,0,0.0
pw85,2021-03-29,2021-03-29 09:00:00,,,4,0,0.0
pw85,2021-03-29,2021-03-29 11:00:00,0.0,0.0,1,1,1.0
pw85,2021-03-29,2021-03-29 12:00:00,0.0,0.0,4,3,0.75
pw85,2021-03-29,2021-03-29 14:00:00,0.0,0.0,3,3,1.0
pw85,2021-03-29,2021-03-29 15:00:00,0.0,0.0,5,5,1.0
pw85,2021-03-29,2021-03-29 16:00:00,0.0,0.0,2,1,0.5
pw85,2021-03-30,2021-03-30 01:00:00,0.0,0.0,4,1,0.25
pw85,2021-03-30,2021-03-30 03:00:00,0.0,0.0,2,1,0.5
pw85,2021-03-30,2021-03-30 04:00:00,0.0,0.0,3,2,0.6666666666666666
pw85,2021-03-30,2021-03-30 05:00:00,0.0,0.0,2,1,0.5
pw85,2021-03-30,2021-03-30 13:00:00,0.5,0.5,2,1,0.5
pw85,2021-03-31,2021-03-31 04:00:00,,,2,0,0.0
pw85,2021-03-31,2021-03-31 05:00:00,,,1,0,0.0
pw85,2021-03-31,2021-03-31 08:00:00,,,3,0,0.0
pw85,2021-03-31,2021-03-31 09:00:00,,,2,0,0.0
pw85,2021-03-31,2021-03-31 12:00:00,,,1,0,0.0
pw85,2021-03-31,2021-03-31 13:00:00,,,1,0,0.0
pw85,2021-03-31,2021-03-31 14:00:00,,,2,0,0.0
pw85,2021-03-31,2021-03-31 17:00:00,,,1,0,0.0
pw85,2021-04-01,2021-04-01 04:00:00,,,2,0,0.0
pw85,2021-04-01,2021-04-01 05:00:00,,,2,0,0.0
pw85,2021-04-01,2021-04-01 07:00:00,,,1,0,0.0
pw85,2021-04-01,2021-04-01 09:00:00,,,1,0,0.0
pw85,2021-04-01,2021-04-01 10:00:00,,,2,0,0.0
pw85,2021-04-01,2021-04-01 13:00:00,,,1,0,0.0
pw85,2021-04-01,2021-04-01 14:00:00,,,3,0,0.0
pw85,2021-04-01,2021-04-01 23:00:00,,,1,0,0.0
pw85,2021-04-02,2021-04-02 04:00:00,,,2,0,0.0
pw85,2021-04-02,2021-04-02 10:00:00,,,1,0,0.0
pw85,2021-04-02,2021-04-02 11:00:00,,,1,0,0.0
pw85,2021-04-02,2021-04-02 12:00:00,,,1,0,0.0
pw85,2021-04-03,2021-04-03 02:00:00,,,2,0,0.0
rb86,2021-03-04,2021-03-04 04:00:00,,,6,0,0.0
rb86,2021-03-04,2021-03-04 05:00:00,,,5,0,0.0
rb86,2021-03-05,2021-03-05 01:00:00,,,2,0,0.0
rb86,2021-03-05,2021-03-05 04:00:00,,,5,0,0.0
rb86,2021-03-05,2021-03-05 05:00:00,,,4,0,0.0
rb86,2021-03-05,2021-03-05 06:00:00,,,3,0,0.0
rb86,2021-03-05,2021-03-05 07:00:00,,,3,0,0.0
rb86,2021-03-05,2021-03-05 08:00:00,,,2,0,0.0
rb86,2021-03-05,2021-03-05 09:00:00,,,9,0,0.0
rb86,2021-03-05,2021-03-05 11:00:00,,,1,0,0.0
rb86,2021-03-05,2021-03-05 12:00:00,,,1,0,0.0
rb86,2021-03-05,2021-03-05 13:00:00,,,2,0,0.0
rb86,2021-03-05,2021-03-05 14:00:00,,,4,0,0.0
rb86,2021-03-06,2021-03-06 02:00:00,,,3,0,0.0
rb86,2021-03-06,2021-03-06 04:00:00,,,2,0,0.0
rb86,2021-03-06,2021-03-06 08:00:00,,,5,0,0.0
rb86,2021-03-06,2021-03-06 09:00:00,,,9,0,0.0
rb86,2021-03-06,2021-03-06 10:00:00,,,5,0,0.0
rb86,2021-03-06,2021-03-06 11:00:00,,,1,0,0.0
rb86,2021-03-07,2021-03-07 03:00:00,,,1,0,0.0
rb86,2021-03-07,2021-03-07 04:00:00,,,3,0,0.0
rb86,2021-03-07,2021-03-07 09:00:00,,,11,0,0.0
rb86,2021-03-07,2021-03-07 10:00:00,,,8,0,0.0
rb86,2021-03-07,2021-03-07 11:00:00,,,1,0,0.0
rb86,2021-03-07,2021-03-07 23:00:00,,,1,0,0.0
rb86,2021-03-08,2021-03-08 01:00:00,0.0,0.0,7,2,0.2857142857142857
rb86,2021-03-08,2021-03-08 02:00:00,0.0,0.0,1,1,1.0
rb86,2021-03-08,2021-03-08 04:00:00,0.0,0.0,2,1,0.5
rb86,2021-03-08,2021-03-08 05:00:00,0.0,0.0,2,1,0.5
rb86,2021-03-08,2021-03-08 06:00:00,0.0,0.0,3,2,0.6666666666666666
rb86,2021-03-08,2021-03-08 07:00:00,,,1,0,0.0
rb86,2021-03-08,2021-03-08 08:00:00,0.0,0.0,2,2,1.0
rb86,2021-03-08,2021-03-08 09:00:00,2.6,2.6,1,1,1.0
rb86,2021-03-08,2021-03-08 13:00:00,0.0,0.0,3,1,0.3333333333333333
rb86,2021-03-08,2021-03-08 14:00:00,0.0,0.0,3,2,0.6666666666666666
rb86,2021-03-08,2021-03-08 23:00:00,,,1,0,0.0
rb86,2021-03-09,2021-03-09 01:00:00,,,3,0,0.0
rb86,2021-03-09,2021-03-09 02:00:00,2.5,2.5,1,1,1.0
rb86,2021-03-09,2021-03-09 04:00:00,,,5,0,0.0
rb86,2021-03-09,2021-03-09 07:00:00,,,1,0,0.0
rb86,2021-03-10,2021-03-10 00:00:00,0.0,0.0,2,2,1.0
rb86,2021-03-10,2021-03-10 02:00:00,0.0,0.0,1,1,1.0
rb86,2021-03-10,2021-03-10 05:00:00,,,1,0,0.0
rb86,2021-03-10,2021-03-10 07:00:00,0.0,0.0,4,3,0.75
rb86,2021-03-10,2021-03-10 09:00:00,0.0,0.0,5,2,0.4
rb86,2021-03-10,2021-03-10 10:00:00,3.333333333333333,3.333333333333333,3,2,0.6666666666666666
rb86,2021-03-10,2021-03-10 12:00:00,0.0,0.0,8,3,0.375
rb86,2021-03-10,2021-03-10 13:00:00,0.0,0.0,6,6,1.0
rb86,2021-03-10,2021-03-10 14:00:00,0.0,0.0,3,2,0.6666666666666666
rb86,2021-03-11,2021-03-11 00:00:00,0.0,0.0,4,1,0.25
rb86,2021-03-11,2021-03-11 01:00:00,12.0,12.0,2,1,0.5
rb86,2021-03-11,2021-03-11 02:00:00,5.0,5.0,5,3,0.6
rb86,2021-03-11,2021-03-11 08:00:00,2.5,2.5,2,1,0.5
rb86,2021-03-12,2021-03-12 01:00:00,0.0,0.0,2,1,0.5
rb86,2021-03-12,2021-03-12 03:00:00,0.0,0.0,2,1,0.5
rb86,2021-03-12,2021-03-12 07:00:00,,,2,0,0.0
rb86,2021-03-12,2021-03-12 08:00:00,,,1,0,0.0
rb86,2021-03-12,2021-03-12 12:00:00,,,1,0,0.0
rb86,2021-03-12,2021-03-12 13:00:00,3.0,3.0,3,1,0.3333333333333333
rb86,2021-03-12,2021-03-12 23:00:00,0.75,0.75,2,2,1.0
rb86,2021-03-13,2021-03-13 05:00:00,0.0,0.0,6,4,0.6666666666666666
rb86,2021-03-13,2021-03-13 06:00:00,0.0,0.0,4,3,0.75
rb86,2021-03-13,2021-03-13 23:00:00,,,1,0,0.0
rb86,2021-03-14,2021-03-14 00:00:00,0.0,0.0,10,3,0.3
rb86,2021-03-14,2021-03-14 01:00:00,0.0,0.0,12,2,0.16666666666666666
rb86,2021-03-14,2021-03-14 02:00:00,0.0,0.0,11,1,0.09090909090909091
rb86,2021-03-14,2021-03-14 03:00:00,,,3,0,0.0
rb86,2021-03-14,2021-03-14 04:00:00,,,2,0,0.0
rb86,2021-03-14,2021-03-14 10:00:00,0.0,0.0,4,1,0.25
rb86,2021-03-14,2021-03-14 11:00:00,0.0,0.0,3,2,0.6666666666666666
rb86,2021-03-14,2021-03-14 12:00:00,0.0,0.0,5,2,0.4
rb86,2021-03-14,2021-03-14 13:00:00,,,2,0,0.0
rb86,2021-03-14,2021-03-14 14:00:00,,,1,0,0.0
rb86,2021-03-14,2021-03-14 15:00:00,,,1,0,0.0
rb86,2021-03-15,2021-03-15 03:00:00,0.0,0.0,3,1,0.3333333333333333
rb86,2021-03-15,2021-03-15 06:00:00,,,1,0,0.0
rb86,2021-03-15,2021-03-15 07:00:00,6.4,6.4,4,1,0.25
rb86,2021-03-15,2021-03-15 11:00:00,0.0,0.0,2,2,1.0
rb86,2021-03-15,2021-03-15 12:00:00,,,1,0,0.0
rb86,2021-03-16,2021-03-16 02:00:00,,,1,0,0.0
rb86,2021-03-16,2021-03-16 07:00:00,0.0,0.0,1,1,1.0
rb86,2021-03-16,2021-03-16 09:00:00,,,2,0,0.0
rb86,2021-03-16,2021-03-16 10:00:00,0.0,0.0,2,2,1.0
rb86,2021-03-16,2021-03-16 11:00:00,0.0,0.0,2,1,0.5
rb86,2021-03-16,2021-03-16 12:00:00,,,1,0,0.0
rb86,2021-03-16,2021-03-16 13:00:00,0.0,0.0,1,1,1.0
rb86,2021-03-16,2021-03-16 14:00:00,0.0,0.0,3,1,0.3333333333333333
rb86,2021-03-16,2021-03-16 15:00:00,0.0,0.0,6,3,0.5
rb86,2021-03-17,2021-03-17 05:00:00,0.0,0.0,1,1,1.0
rb86,2021-03-17,2021-03-17 06:00:00,,,1,0,0.0
rb86,2021-03-17,2021-03-17 07:00:00,0.0,0.0,1,1,1.0
rb86,2021-03-17,2021-03-17 09:00:00,0.0,0.0,2,1,0.5
rb86,2021-03-17,2021-03-17 11:00:00,0.0,0.0,3,3,1.0
rb86,2021-03-17,2021-03-17 12:00:00,,,3,0,0.0
rb86,2021-03-17,2021-03-17 23:00:00,,,7,0,0.0
rb86,2021-03-18,2021-03-18 00:00:00,,,11,0,0.0
rb86,2021-03-18,2021-03-18 01:00:00,0.0,0.0,8,3,0.375
rb86,2021-03-18,2021-03-18 04:00:00,,,1,0,0.0
rb86,2021-03-18,2021-03-18 06:00:00,,,1,0,0.0
rb86,2021-03-18,2021-03-18 09:00:00,0.0,0.0,6,1,0.16666666666666666
rb86,2021-03-18,2021-03-18 10:00:00,,,1,0,0.0
rb86,2021-03-19,2021-03-19 02:00:00,0.0,0.0,2,2,1.0
rb86,2021-03-19,2021-03-19 04:00:00,0.0,0.0,1,1,1.0
rb86,2021-03-19,2021-03-19 06:00:00,0.0,0.0,1,1,1.0
rb86,2021-03-19,2021-03-19 10:00:00,,,1,0,0.0
rb86,2021-03-19,2021-03-19 13:00:00,,,1,0,0.0
rb86,2021-03-20,2021-03-20 01:00:00,58.0,58.0,6,1,0.16666666666666666
rb86,2021-03-20,2021-03-20 02:00:00,,,3,0,0.0
rb86,2021-03-20,2021-03-20 08:00:00,2.5,2.5,2,2,1.0
rb86,2021-03-20,2021-03-20 12:00:00,,,3,0,0.0
rb86,2021-03-20,2021-03-20 13:00:00,,,1,0,0.0
rb86,2021-03-20,2021-03-20 15:00:00,0.0,0.0,5,1,0.2
rb86,2021-03-21,2021-03-21 10:00:00,0.0,0.0,7,1,0.14285714285714285
rb86,2021-03-21,2021-03-21 11:00:00,,,10,0,0.0
rb86,2021-03-21,2021-03-21 14:00:00,0.0,0.0,2,2,1.0
rb86,2021-03-21,2021-03-21 15:00:00,,,1,0,0.0
rb86,2021-03-22,2021-03-22 06:00:00,,,1,0,0.0
rb86,2021-03-22,2021-03-22 07:00:00,0.0,0.0,1,1,1.0
rb86,2021-03-22,2021-03-22 11:00:00,,,2,0,0.0
rb86,2021-03-22,2021-03-22 12:00:00,,,3,0,0.0
rb86,2021-03-22,2021-03-22 13:00:00,,,1,0,0.0
rb86,2021-03-22,2021-03-22 14:00:00,26.0,26.0,3,2,0.6666666666666666
rb86,2021-03-23,2021-03-23 00:00:00,0.0,0.0,6,1,0.16666666666666666
rb86,2021-03-23,2021-03-23 08:00:00,,,1,0,0.0
rb86,2021-03-23,2021-03-23 09:00:00,,,1,0,0.0
rb86,2021-03-23,2021-03-23 10:00:00,0.0,0.0,3,2,0.6666666666666666
rb86,2021-03-23,2021-03-23 11:00:00,,,4,0,0.0
rb86,2021-03-23,2021-03-23 13:00:00,0.0,0.0,3,1,0.3333333333333333
rb86,2021-03-23,2021-03-23 14:00:00,0.0,0.0,4,1,0.25
rb86,2021-03-24,2021-03-24 01:00:00,0.0,0.0,1,1,1.0
rb86,2021-03-24,2021-03-24 02:00:00,,,1,0,0.0
rb86,2021-03-24,2021-03-24 03:00:00,0.0,0.0,4,1,0.25
rb86,2021-03-24,2021-03-24 06:00:00,,,2,0,0.0
rb86,2021-03-24,2021-03-24 12:00:00,26.0,26.0,3,2,0.6666666666666666
rb86,2021-03-25,2021-03-25 01:00:00,,,5,0,0.0
rb86,2021-03-25,2021-03-25 05:00:00,0.0,0.0,1,1,1.0
rb86,2021-03-25,2021-03-25 06:00:00,0.0,0.0,2,1,0.5
rb86,2021-03-25,2021-03-25 07:00:00,,,1,0,0.0
rb86,2021-03-25,2021-03-25 09:00:00,0.0,0.0,1,1,1.0
rb86,2021-03-25,2021-03-25 10:00:00,0.0,0.0,2,1,0.5
rb86,2021-03-25,2021-03-25 11:00:00,,,1,0,0.0
rb86,2021-03-25,2021-03-25 13:00:00,0.0,0.0,1,1,1.0
rb86,2021-03-25,2021-03-25 14:00:00,0.0,0.0,2,1,0.5
rb86,2021-03-26,2021-03-26 00:00:00,,,1,0,0.0
rb86,2021-03-26,2021-03-26 02:00:00,0.0,0.0,2,1,0.5
rb86,2021-03-26,2021-03-26 04:00:00,,,2,0,0.0
rb86,2021-03-26,2021-03-26 05:00:00,,,1,0,0.0
rb86,2021-03-26,2021-03-26 06:00:00,0.0,0.0,3,1,0.3333333333333333
rb86,2021-03-26,2021-03-26 07:00:00,0.0,0.0,4,3,0.75
rb86,2021-03-26,2021-03-26 12:00:00,0.0,0.0,2,1,0.5
rb86,2021-03-26,2021-03-26 14:00:00,4.4,4.4,3,3,1.0
rb86,2021-03-26,2021-03-26 15:00:00,,,3,0,0.0
rb86,2021-03-27,2021-03-27 02:00:00,0.0,0.0,4,1,0.25
rb86,2021-03-27,2021-03-27 03:00:00,,,7,0,0.0
rb86,2021-03-27,2021-03-27 05:00:00,0.0,0.0,3,2,0.6666666666666666
rb86,2021-03-27,2021-03-27 08:00:00,0.0,0.0,2,1,0.5
rb86,2021-03-27,2021-03-27 09:00:00,0.0,0.0,4,2,0.5
rb86,2021-03-27,2021-03-27 10:00:00,0.0,0.0,2,1,0.5
rb86,2021-03-27,2021-03-27 12:00:00,0.0,0.0,6,3,0.5
rb86,2021-03-28,2021-03-28 01:00:00,0.0,0.0,5,2,0.4
rb86,2021-03-28,2021-03-28 02:00:00,,,1,0,0.0
rb86,2021-03-28,2021-03-28 06:00:00,0.0,0.0,3,1,0.3333333333333333
rb86,2021-03-28,2021-03-28 10:00:00,,,2,0,0.0
rb86,2021-03-28,2021-03-28 11:00:00,0.0,0.0,7,1,0.14285714285714285
rb86,2021-03-28,2021-03-28 12:00:00,,,10,0,0.0
rb86,2021-03-28,2021-03-28 13:00:00,,,2,0,0.0
rb86,2021-03-28,2021-03-28 14:00:00,,,3,0,0.0
rb86,2021-03-29,2021-03-29 01:00:00,6.333333333333333,6.333333333333333,4,1,0.25
rb86,2021-03-29,2021-03-29 02:00:00,10.0,10.0,1,1,1.0
rb86,2021-03-29,2021-03-29 03:00:00,0.0,0.0,4,1,0.25
rb86,2021-03-29,2021-03-29 04:00:00,,,1,0,0.0
rb86,2021-03-29,2021-03-29 05:00:00,0.0,0.0,3,1,0.3333333333333333
rb86,2021-03-29,2021-03-29 06:00:00,0.0,0.0,4,1,0.25
rb86,2021-03-29,2021-03-29 10:00:00,,,2,0,0.0
rb86,2021-03-29,2021-03-29 11:00:00,,,7,0,0.0
rb86,2021-03-29,2021-03-29 12:00:00,0.0,0.0,2,1,0.5
rb86,2021-03-29,2021-03-29 14:00:00,6.5,6.5,4,2,0.5
rb86,2021-03-29,2021-03-29 15:00:00,0.0,0.0,3,3,1.0
rb86,2021-03-29,2021-03-29 16:00:00,,,2,0,0.0
rb86,2021-03-30,2021-03-30 04:00:00,0.0,0.0,1,1,1.0
rb86,2021-03-30,2021-03-30 05:00:00,0.0,0.0,5,5,1.0
rb86,2021-03-30,2021-03-30 06:00:00,0.0,0.0,3,1,0.3333333333333333
rb86,2021-03-30,2021-03-30 07:00:00,,,1,0,0.0
rb86,2021-03-30,2021-03-30 08:00:00,0.0,0.0,1,1,1.0
rb86,2021-03-30,2021-03-30 11:00:00,,,1,0,0.0
rb86,2021-03-30,2021-03-30 12:00:00,,,2,0,0.0
rb86,2021-03-31,2021-03-31 01:00:00,2.8,2.8,1,1,1.0
rb86,2021-03-31,2021-03-31 02:00:00,,,1,0,0.0
rb86,2021-03-31,2021-03-31 03:00:00,0.0,0.0,6,2,0.3333333333333333
rb86,2021-03-31,2021-03-31 05:00:00,22.0,22.0,1,1,1.0
rb86,2021-03-31,2021-03-31 06:00:00,,,1,0,0.0
rb86,2021-03-31,2021-03-31 07:00:00,,,2,0,0.0
rb86,2021-03-31,2021-03-31 08:00:00,0.0,0.0,1,1,1.0
rb86,2021-03-31,2021-03-31 11:00:00,0.0,0.0,1,1,1.0
rb86,2021-03-31,2021-03-31 12:00:00,0.0,0.0,4,1,0.25
rb86,2021-04-01,2021-04-01 09:00:00,5.333333333333333,5.333333333333333,3,2,0.6666666666666666
rb86,2021-04-01,2021-04-01 10:00:00,0.0,0.0,4,1,0.25
rb86,2021-04-01,2021-04-01 11:00:00,,,1,0,0.0
rb86,2021-04-01,2021-04-01 13:00:00,,,1,0,0.0
rb86,2021-04-01,2021-04-01 15:00:00,0.0,0.0,3,1,0.3333333333333333
rb86,2021-04-02,2021-04-02 02:00:00,0.0,0.0,1,1,1.0
rb86,2021-04-02,2021-04-02 04:00:00,,,1,0,0.0
rb86,2021-04-02,2021-04-02 10:00:00,0.0,0.0,2,1,0.5
rb86,2021-04-02,2021-04-02 14:00:00,0.0,0.0,6,2,0.3333333333333333
rb86,2021-04-02,2021-04-02 15:00:00,0.0,0.0,5,3,0.6
rb86,2021-04-03,2021-04-03 01:00:00,0.0,0.0,2,2,1.0
rb86,2021-04-03,2021-04-03 02:00:00,0.0,0.0,1,1,1.0
rb86,2021-04-03,2021-04-03 04:00:00,,,2,0,0.0
rb86,2021-04-03,2021-04-03 10:00:00,0.0,0.0,1,1,1.0
rb86,2021-04-03,2021-04-03 12:00:00,,,1,0,0.0
rb86,2021-04-03,2021-04-03 13:00:00,,,1,0,0.0
rb86,2021-04-03,2021-04-03 14:00:00,0.0,0.0,3,1,0.3333333333333333
rb86,2021-04-03,2021-04-03 16:00:00,0.0,0.0,3,2,0.6666666666666666
rb86,2021-04-04,2021-04-04 02:00:00,0.0,0.0,5,1,0.2
rb86,2021-04-04,2021-04-04 13:00:00,,,1,0,0.0
rb86,2021-04-04,2021-04-04 23:00:00,,,1,0,0.0
rb86,2021-04-05,2021-04-05 00:00:00,,,3,0,0.0
rw83,2021-03-08,2021-03-08 04:00:00,2.5,2.5,4,2,0.5
rw83,2021-03-08,2021-03-08 05:00:00,,,2,0,0.0
rw83,2021-03-08,2021-03-08 06:00:00,4.0,4.0,9,5,0.5555555555555556
rw83,2021-03-08,2021-03-08 07:00:00,2.6,2.6,4,4,1.0
rw83,2021-03-08,2021-03-08 11:00:00,0.0,0.0,5,5,1.0
rw83,2021-03-08,2021-03-08 12:00:00,0.0,0.0,10,7,0.7
rw83,2021-03-08,2021-03-08 13:00:00,2.25,2.25,6,4,0.6666666666666666
rw83,2021-03-08,2021-03-08 14:00:00,13.0,13.0,10,6,0.6
rw83,2021-03-08,2021-03-08 15:00:00,0.0,0.0,5,3,0.6
rw83,2021-03-08,2021-03-08 16:00:00,0.0,0.0,4,2,0.5
rw83,2021-03-08,2021-03-08 17:00:00,,,2,0,0.0
rw83,2021-03-09,2021-03-09 04:00:00,0.0,0.0,10,1,0.1
rw83,2021-03-09,2021-03-09 05:00:00,,,8,0,0.0
rw83,2021-03-09,2021-03-09 06:00:00,0.0,0.0,1,1,1.0
rw83,2021-03-09,2021-03-09 07:00:00,,,2,0,0.0
rw83,2021-03-09,2021-03-09 08:00:00,0.0,0.0,5,3,0.6
rw83,2021-03-09,2021-03-09 09:00:00,0.0,0.0,3,2,0.6666666666666666
rw83,2021-03-09,2021-03-09 10:00:00,2.0,2.0,6,3,0.5
rw83,2021-03-09,2021-03-09 11:00:00,0.0,0.0,11,5,0.45454545454545453
rw83,2021-03-09,2021-03-09 12:00:00,0.0,0.0,5,2,0.4
rw83,2021-03-09,2021-03-09 13:00:00,10.833333333333332,7.5,6,2,0.3333333333333333
rw83,2021-03-09,2021-03-09 14:00:00,0.0,0.0,4,1,0.25
rw83,2021-03-09,2021-03-09 15:00:00,,,4,0,0.0
rw83,2021-03-10,2021-03-10 00:00:00,10.0,10.0,7,1,0.14285714285714285
rw83,2021-03-10,2021-03-10 03:00:00,,,2,0,0.0
rw83,2021-03-10,2021-03-10 05:00:00,0.0,0.0,1,1,1.0
rw83,2021-03-10,2021-03-10 06:00:00,0.0,0.0,7,1,0.14285714285714285
rw83,2021-03-10,2021-03-10 07:00:00,15.214285714285715,5.0,5,5,1.0
rw83,2021-03-10,2021-03-10 08:00:00,,,2,0,0.0
rw83,2021-03-10,2021-03-10 09:00:00,10.477272727272727,6.75,3,3,1.0
rw83,2021-03-10,2021-03-10 11:00:00,5.0,5.0,4,2,0.5
rw83,2021-03-10,2021-03-10 12:00:00,0.0,0.0,5,4,0.8
rw83,2021-03-10,2021-03-10 13:00:00,2.75,2.75,2,2,1.0
rw83,2021-03-10,2021-03-10 14:00:00,,,2,0,0.0
rw83,2021-03-10,2021-03-10 15:00:00,0.0,0.0,6,3,0.5
rw83,2021-03-10,2021-03-10 16:00:00,0.0,0.0,3,1,0.3333333333333333
rw83,2021-03-10,2021-03-10 17:00:00,0.0,0.0,4,1,0.25
rw83,2021-03-11,2021-03-11 01:00:00,0.0,0.0,1,1,1.0
rw83,2021-03-11,2021-03-11 02:00:00,0.0,0.0,5,3,0.6
rw83,2021-03-11,2021-03-11 03:00:00,,,3,0,0.0
rw83,2021-03-11,2021-03-11 04:00:00,35.25,33.0,11,5,0.45454545454545453
rw83,2021-03-11,2021-03-11 05:00:00,0.0,0.0,7,4,0.5714285714285714
rw83,2021-03-11,2021-03-11 06:00:00,0.0,0.0,1,1,1.0
rw83,2021-03-11,2021-03-11 07:00:00,,,2,0,0.0
rw83,2021-03-11,2021-03-11 08:00:00,0.0,0.0,3,2,0.6666666666666666
rw83,2021-03-11,2021-03-11 10:00:00,0.0,0.0,7,3,0.42857142857142855
rw83,2021-03-11,2021-03-11 11:00:00,2.5,2.5,8,4,0.5
rw83,2021-03-11,2021-03-11 12:00:00,2.0,2.0,6,5,0.8333333333333334
rw83,2021-03-11,2021-03-11 13:00:00,15.0,14.0,9,7,0.7777777777777778
rw83,2021-03-11,2021-03-11 14:00:00,0.0,0.0,2,1,0.5
rw83,2021-03-11,2021-03-11 15:00:00,,,1,0,0.0
rw83,2021-03-11,2021-03-11 16:00:00,,,1,0,0.0
rw83,2021-03-11,2021-03-11 17:00:00,,,8,0,0.0
rw83,2021-03-12,2021-03-12 07:00:00,,,2,0,0.0
rw83,2021-03-12,2021-03-12 08:00:00,4.333333333333333,4.333333333333333,2,2,1.0
rw83,2021-03-12,2021-03-12 09:00:00,0.0,0.0,2,1,0.5
rw83,2021-03-12,2021-03-12 10:00:00,0.0,0.0,11,1,0.09090909090909091
rw83,2021-03-12,2021-03-12 11:00:00,,,7,0,0.0
rw83,2021-03-12,2021-03-12 12:00:00,0.0,0.0,6,2,0.3333333333333333
rw83,2021-03-12,2021-03-12 13:00:00,,,1,0,0.0
rw83,2021-03-12,2021-03-12 15:00:00,14.333333333333334,14.333333333333334,3,2,0.6666666666666666
rw83,2021-03-12,2021-03-12 22:00:00,,,6,0,0.0
rw83,2021-03-12,2021-03-12 23:00:00,29.0,29.0,10,3,0.3
rw83,2021-03-13,2021-03-13 00:00:00,,,7,0,0.0
rw83,2021-03-13,2021-03-13 01:00:00,,,3,0,0.0
rw83,2021-03-13,2021-03-13 02:00:00,0.0,0.0,11,1,0.09090909090909091
rw83,2021-03-13,2021-03-13 03:00:00,,,4,0,0.0
rw83,2021-03-13,2021-03-13 04:00:00,0.0,0.0,5,1,0.2
rw83,2021-03-13,2021-03-13 06:00:00,22.8,19.0,3,2,0.6666666666666666
rw83,2021-03-13,2021-03-13 07:00:00,2.5,2.5,3,2,0.6666666666666666
rw83,2021-03-13,2021-03-13 10:00:00,0.0,0.0,6,5,0.8333333333333334
rw83,2021-03-13,2021-03-13 11:00:00,7.0,3.6666666666666665,12,10,0.8333333333333334
rw83,2021-03-13,2021-03-13 12:00:00,10.233333333333333,3.333333333333333,8,5,0.625
rw83,2021-03-13,2021-03-13 13:00:00,3.0,3.0,4,3,0.75
rw83,2021-03-13,2021-03-13 14:00:00,0.0,0.0,1,1,1.0
rw83,2021-03-13,2021-03-13 15:00:00,3.595238095238095,2.1666666666666665,3,3,1.0
rw83,2021-03-13,2021-03-13 16:00:00,0.0,0.0,6,1,0.16666666666666666
rw83,2021-03-14,2021-03-14 00:00:00,,,3,0,0.0
rw83,2021-03-14,2021-03-14 01:00:00,0.0,0.0,3,2,0.6666666666666666
rw83,2021-03-14,2021-03-14 02:00:00,0.0,0.0,2,1,0.5
rw83,2021-03-14,2021-03-14 03:00:00,,,1,0,0.0
rw83,2021-03-14,2021-03-14 04:00:00,0.0,0.0,3,1,0.3333333333333333
rw83,2021-03-14,2021-03-14 05:00:00,0.0,0.0,2,2,1.0
rw83,2021-03-14,2021-03-14 06:00:00,10.5,10.5,5,4,0.8
rw83,2021-03-14,2021-03-14 07:00:00,5.5,5.5,1,1,1.0
rw83,2021-03-14,2021-03-14 10:00:00,0.0,0.0,5,2,0.4
rw83,2021-03-14,2021-03-14 11:00:00,5.642857142857142,3.5,10,5,0.5
rw83,2021-03-14,2021-03-14 12:00:00,,,2,0,0.0
rw83,2021-03-14,2021-03-14 13:00:00,0.0,0.0,9,2,0.2222222222222222
rw83,2021-03-14,2021-03-14 14:00:00,1.6666666666666667,1.6666666666666667,4,2,0.5
rw83,2021-03-14,2021-03-14 15:00:00,,,1,0,0.0
rw83,2021-03-14,2021-03-14 16:00:00,0.0,0.0,2,1,0.5
rw83,2021-03-14,2021-03-14 17:00:00,,,2,0,0.0
rw83,2021-03-15,2021-03-15 00:00:00,90.08974358974359,38.92307692307692,3,3,1.0
rw83,2021-03-15,2021-03-15 02:00:00,9.714285714285715,7.0,2,2,1.0
rw83,2021-03-15,2021-03-15 04:00:00,0.0,0.0,3,3,1.0
rw83,2021-03-15,2021-03-15 05:00:00,0.0,0.0,5,1,0.2
rw83,2021-03-15,2021-03-15 06:00:00,0.0,0.0,4,1,0.25
rw83,2021-03-15,2021-03-15 07:00:00,,,3,0,0.0
rw83,2021-03-15,2021-03-15 08:00:00,20.33333333333333,20.33333333333333,8,4,0.5
rw83,2021-03-15,2021-03-15 09:00:00,0.5,0.5,5,2,0.4
rw83,2021-03-15,2021-03-15 10:00:00,11.5,11.5,2,1,0.5
rw83,2021-03-15,2021-03-15 11:00:00,2.0,2.0,1,1,1.0
rw83,2021-03-15,2021-03-15 12:00:00,0.0,0.0,1,1,1.0
rw83,2021-03-15,2021-03-15 13:00:00,3.333333333333333,3.333333333333333,2,1,0.5
rw83,2021-03-15,2021-03-15 14:00:00,8.0,8.0,3,2,0.6666666666666666
rw83,2021-03-15,2021-03-15 15:00:00,,,8,0,0.0
rw83,2021-03-15,2021-03-15 16:00:00,,,7,0,0.0
rw83,2021-03-15,2021-03-15 17:00:00,,,1,0,0.0
rw83,2021-03-15,2021-03-15 18:00:00,,,5,0,0.0
rw83,2021-03-16,2021-03-16 02:00:00,,,4,0,0.0
rw83,2021-03-16,2021-03-16 04:00:00,,,3,0,0.0
rw83,2021-03-16,2021-03-16 05:00:00,0.0,0.0,5,4,0.8
rw83,2021-03-16,2021-03-16 06:00:00,,,3,0,0.0
rw83,2021-03-16,2021-03-16 07:00:00,2.111111111111111,2.111111111111111,4,2,0.5
rw83,2021-03-16,2021-03-16 08:00:00,0.0,0.0,11,4,0.36363636363636365
rw83,2021-03-16,2021-03-16 09:00:00,0.0,0.0,5,1,0.2
rw83,2021-03-16,2021-03-16 10:00:00,7.2727272727272725,5.2727272727272725,3,3,1.0
rw83,2021-03-16,2021-03-16 11:00:00,6.0,6.0,3,1,0.3333333333333333
rw83,2021-03-16,2021-03-16 12:00:00,,,3,0,0.0
rw83,2021-03-16,2021-03-16 13:00:00,0.0,0.0,2,1,0.5
rw83,2021-03-16,2021-03-16 14:00:00,0.0,0.0,5,4,0.8
rw83,2021-03-16,2021-03-16 15:00:00,0.0,0.0,6,6,1.0
rw83,2021-03-16,2021-03-16 16:00:00,0.0,0.0,7,4,0.5714285714285714
rw83,2021-03-17,2021-03-17 03:00:00,0.0,0.0,11,3,0.2727272727272727
rw83,2021-03-17,2021-03-17 04:00:00,12.75,12.75,9,2,0.2222222222222222
rw83,2021-03-17,2021-03-17 05:00:00,6.888888888888889,6.888888888888889,5,4,0.8
rw83,2021-03-17,2021-03-17 06:00:00,3.6666666666666665,3.6666666666666665,4,3,0.75
rw83,2021-03-17,2021-03-17 08:00:00,2.0,2.0,3,1,0.3333333333333333
rw83,2021-03-17,2021-03-17 09:00:00,0.0,0.0,2,1,0.5
rw83,2021-03-17,2021-03-17 10:00:00,,,1,0,0.0
rw83,2021-03-17,2021-03-17 11:00:00,5.0,5.0,1,1,1.0
rw83,2021-03-17,2021-03-17 12:00:00,10.71111111111111,4.6,4,4,1.0
rw83,2021-03-17,2021-03-17 13:00:00,2.5,2.5,3,2,0.6666666666666666
rw83,2021-03-17,2021-03-17 14:00:00,48.23076923076923,44.0,4,4,1.0
rw83,2021-03-17,2021-03-17 15:00:00,0.0,0.0,3,1,0.3333333333333333
rw83,2021-03-17,2021-03-17 16:00:00,0.0,0.0,3,2,0.6666666666666666
rw83,2021-03-17,2021-03-17 17:00:00,,,5,0,0.0
rw83,2021-03-18,2021-03-18 01:00:00,10.0,10.0,1,1,1.0
rw83,2021-03-18,2021-03-18 02:00:00,2.071428571428572,2.071428571428572,4,3,0.75
rw83,2021-03-18,2021-03-18 03:00:00,9.333333333333332,6.0,6,4,0.6666666666666666
rw83,2021-03-18,2021-03-18 04:00:00,,,4,0,0.0
rw83,2021-03-18,2021-03-18 06:00:00,0.0,0.0,4,3,0.75
rw83,2021-03-18,2021-03-18 07:00:00,5.902777777777778,2.125,4,3,0.75
rw83,2021-03-18,2021-03-18 08:00:00,30.0,26.0,10,3,0.3
rw83,2021-03-18,2021-03-18 09:00:00,,,4,0,0.0
rw83,2021-03-18,2021-03-18 10:00:00,0.0,0.0,3,2,0.6666666666666666
rw83,2021-03-18,2021-03-18 11:00:00,0.0,0.0,1,1,1.0
rw83,2021-03-18,2021-03-18 14:00:00,4.866666666666666,4.866666666666666,1,1,1.0
rw83,2021-03-18,2021-03-18 16:00:00,0.0,0.0,1,1,1.0
rw83,2021-03-18,2021-03-18 17:00:00,0.0,0.0,5,2,0.4
rw83,2021-03-19,2021-03-19 00:00:00,0.0,0.0,1,1,1.0
rw83,2021-03-19,2021-03-19 01:00:00,0.0,0.0,4,3,0.75
rw83,2021-03-19,2021-03-19 02:00:00,0.0,0.0,4,2,0.5
rw83,2021-03-19,2021-03-19 03:00:00,,,5,0,0.0
rw83,2021-03-19,2021-03-19 05:00:00,0.0,0.0,2,1,0.5
rw83,2021-03-19,2021-03-19 07:00:00,34.916666666666664,20.25,4,3,0.75
rw83,2021-03-19,2021-03-19 08:00:00,0.0,0.0,5,2,0.4
rw83,2021-03-19,2021-03-19 09:00:00,2.142857142857143,2.142857142857143,2,2,1.0
rw83,2021-03-19,2021-03-19 11:00:00,5.125,5.125,1,1,1.0
rw83,2021-03-19,2021-03-19 12:00:00,12.633333333333333,7.833333333333333,2,2,1.0
rw83,2021-03-19,2021-03-19 13:00:00,14.0,8.0,3,2,0.6666666666666666
rw83,2021-03-19,2021-03-19 14:00:00,6.25,6.25,3,2,0.6666666666666666
rw83,2021-03-19,2021-03-19 15:00:00,,,1,0,0.0
rw83,2021-03-20,2021-03-20 01:00:00,0.0,0.0,5,2,0.4
rw83,2021-03-20,2021-03-20 02:00:00,3.0,3.0,2,2,1.0
rw83,2021-03-20,2021-03-20 03:00:00,23.833333333333336,12.5,5,4,0.8
rw83,2021-03-20,2021-03-20 04:00:00,0.0,0.0,4,1,0.25
rw83,2021-03-20,2021-03-20 08:00:00,3.333333333333333,3.333333333333333,8,5,0.625
rw83,2021-03-20,2021-03-20 09:00:00,0.0,0.0,3,2,0.6666666666666666
rw83,2021-03-20,2021-03-20 11:00:00,2.75,2.75,5,4,0.8
rw83,2021-03-20,2021-03-20 15:00:00,0.0,0.0,2,1,0.5
rw83,2021-03-20,2021-03-20 16:00:00,0.0,0.0,7,4,0.5714285714285714
rw83,2021-03-21,2021-03-21 02:00:00,0.0,0.0,4,2,0.5
rw83,2021-03-21,2021-03-21 03:00:00,0.0,0.0,2,1,0.5
rw83,2021-03-21,2021-03-21 04:00:00,0.0,0.0,2,1,0.5
rw83,2021-03-21,2021-03-21 05:00:00,0.0,0.0,2,1,0.5
rw83,2021-03-21,2021-03-21 06:00:00,3.333333333333333,3.333333333333333,3,3,1.0
rw83,2021-03-21,2021-03-21 07:00:00,4.75,2.75,3,3,1.0
rw83,2021-03-21,2021-03-21 11:00:00,14.0,8.5,6,3,0.5
rw83,2021-03-21,2021-03-21 13:00:00,0.0,0.0,3,1,0.3333333333333333
rw83,2021-03-21,2021-03-21 14:00:00,,,1,0,0.0
rw83,2021-03-22,2021-03-22 01:00:00,0.0,0.0,3,2,0.6666666666666666
rw83,2021-03-22,2021-03-22 02:00:00,0.0,0.0,11,9,0.8181818181818182
rw83,2021-03-22,2021-03-22 03:00:00,12.0,12.0,5,2,0.4
rw83,2021-03-22,2021-03-22 04:00:00,0.0,0.0,6,2,0.3333333333333333
rw83,2021-03-22,2021-03-22 05:00:00,2.8,2.8,2,1,0.5
rw83,2021-03-22,2021-03-22 06:00:00,0.0,0.0,4,1,0.25
rw83,2021-03-22,2021-03-22 07:00:00,0.0,0.0,6,2,0.3333333333333333
rw83,2021-03-22,2021-03-22 08:00:00,4.0,4.0,4,1,0.25
rw83,2021-03-22,2021-03-22 09:00:00,0.0,0.0,3,1,0.3333333333333333
rw83,2021-03-22,2021-03-22 10:00:00,,,4,0,0.0
rw83,2021-03-22,2021-03-22 11:00:00,0.0,0.0,4,3,0.75
rw83,2021-03-22,2021-03-22 12:00:00,,,1,0,0.0
rw83,2021-03-22,2021-03-22 13:00:00,0.0,0.0,1,1,1.0
rw83,2021-03-22,2021-03-22 14:00:00,0.0,0.0,3,1,0.3333333333333333
rw83,2021-03-22,2021-03-22 15:00:00,0.0,0.0,11,9,0.8181818181818182
rw83,2021-03-22,2021-03-22 16:00:00,0.0,0.0,5,1,0.2
rw83,2021-03-22,2021-03-22 17:00:00,0.0,0.0,8,6,0.75
rw83,2021-03-22,2021-03-22 18:00:00,0.0,0.0,3,1,0.3333333333333333
rw83,2021-03-23,2021-03-23 03:00:00,0.0,0.0,5,2,0.4
rw83,2021-03-23,2021-03-23 04:00:00,0.0,0.0,9,2,0.2222222222222222
rw83,2021-03-23,2021-03-23 05:00:00,,,1,0,0.0
rw83,2021-03-23,2021-03-23 06:00:00,0.0,0.0,1,1,1.0
rw83,2021-03-23,2021-03-23 07:00:00,0.0,0.0,6,1,0.16666666666666666
rw83,2021-03-23,2021-03-23 08:00:00,,,3,0,0.0
rw83,2021-03-23,2021-03-23 10:00:00,0.0,0.0,2,1,0.5
rw83,2021-03-23,2021-03-23 12:00:00,0.0,0.0,1,1,1.0
rw83,2021-03-23,2021-03-23 13:00:00,15.666666666666668,11.0,4,4,1.0
rw83,2021-03-23,2021-03-23 14:00:00,,,4,0,0.0
rw83,2021-03-23,2021-03-23 15:00:00,,,7,0,0.0
rw83,2021-03-23,2021-03-23 16:00:00,0.0,0.0,5,2,0.4
rw83,2021-03-23,2021-03-23 17:00:00,0.0,0.0,5,3,0.6
rw83,2021-03-23,2021-03-23 23:00:00,0.0,0.0,11,8,0.7272727272727273
rw83,2021-03-24,2021-03-24 00:00:00,12.0,12.0,5,2,0.4
rw83,2021-03-24,2021-03-24 01:00:00,0.0,0.0,6,1,0.16666666666666666
rw83,2021-03-24,2021-03-24 02:00:00,5.5,5.5,11,2,0.18181818181818182
rw83,2021-03-24,2021-03-24 03:00:00,0.0,0.0,12,2,0.16666666666666666
rw83,2021-03-24,2021-03-24 04:00:00,0.0,0.0,12,3,0.25
rw83,2021-03-24,2021-03-24 05:00:00,,,8,0,0.0
rw83,2021-03-24,2021-03-24 06:00:00,,,8,0,0.0
rw83,2021-03-24,2021-03-24 07:00:00,0.0,0.0,5,1,0.2
rw83,2021-03-24,2021-03-24 08:00:00,0.0,0.0,11,3,0.2727272727272727
rw83,2021-03-25,2021-03-25 02:00:00,7.111111111111111,5.0,11,2,0.18181818181818182
rw83,2021-03-25,2021-03-25 03:00:00,0.0,0.0,5,3,0.6
rw83,2021-03-25,2021-03-25 04:00:00,0.0,0.0,7,1,0.14285714285714285
rw83,2021-03-25,2021-03-25 05:00:00,0.0,0.0,7,1,0.14285714285714285
rw83,2021-03-25,2021-03-25 06:00:00,0.0,0.0,4,1,0.25
rw83,2021-03-25,2021-03-25 07:00:00,2.5,2.5,1,1,1.0
rw83,2021-03-25,2021-03-25 08:00:00,12.5,12.5,4,2,0.5
rw83,2021-03-25,2021-03-25 10:00:00,0.0,0.0,3,3,1.0
rw83,2021-03-25,2021-03-25 11:00:00,0.0,0.0,2,2,1.0
rw83,2021-03-25,2021-03-25 12:00:00,2.5,2.5,7,6,0.8571428571428571
rw83,2021-03-25,2021-03-25 13:00:00,0.0,0.0,3,2,0.6666666666666666
rw83,2021-03-25,2021-03-25 14:00:00,3.083333333333333,3.083333333333333,3,3,1.0
rw83,2021-03-25,2021-03-25 15:00:00,13.0,13.0,6,3,0.5
rw83,2021-03-25,2021-03-25 16:00:00,0.0,0.0,6,1,0.16666666666666666
rw83,2021-03-26,2021-03-26 01:00:00,0.0,0.0,7,2,0.2857142857142857
rw83,2021-03-26,2021-03-26 02:00:00,,,2,0,0.0
rw83,2021-03-26,2021-03-26 03:00:00,,,3,0,0.0
rw83,2021-03-26,2021-03-26 04:00:00,0.0,0.0,7,2,0.2857142857142857
rw83,2021-03-26,2021-03-26 05:00:00,0.0,0.0,5,4,0.8
rw83,2021-03-26,2021-03-26 06:00:00,0.0,0.0,1,1,1.0
rw83,2021-03-26,2021-03-26 07:00:00,5.266666666666667,3.1,2,2,1.0
rw83,2021-03-26,2021-03-26 08:00:00,2.333333333333333,2.333333333333333,4,4,1.0
rw83,2021-03-26,2021-03-26 09:00:00,0.0,0.0,2,1,0.5
rw83,2021-03-26,2021-03-26 10:00:00,0.0,0.0,2,2,1.0
rw83,2021-03-26,2021-03-26 11:00:00,35.0,25.0,7,7,1.0
rw83,2021-03-26,2021-03-26 12:00:00,5.4,3.4,5,3,0.6
rw83,2021-03-26,2021-03-26 13:00:00,0.0,0.0,2,1,0.5
rw83,2021-03-26,2021-03-26 14:00:00,0.0,0.0,3,1,0.3333333333333333
rw83,2021-03-26,2021-03-26 15:00:00,,,3,0,0.0
rw83,2021-03-26,2021-03-26 16:00:00,,,1,0,0.0
rw83,2021-03-27,2021-03-27 01:00:00,0.0,0.0,5,3,0.6
rw83,2021-03-27,2021-03-27 02:00:00,2.8181818181818183,2.8181818181818183,3,3,1.0
rw83,2021-03-27,2021-03-27 03:00:00,0.0,0.0,1,1,1.0
rw83,2021-03-27,2021-03-27 06:00:00,,,2,0,0.0
rw83,2021-03-27,2021-03-27 07:00:00,0.0,0.0,1,1,1.0
rw83,2021-03-27,2021-03-27 08:00:00,3.333333333333333,3.333333333333333,3,3,1.0
rw83,2021-03-27,2021-03-27 09:00:00,0.0,0.0,6,4,0.6666666666666666
rw83,2021-03-27,2021-03-27 15:00:00,0.0,0.0,1,1,1.0
rw83,2021-03-27,2021-03-27 16:00:00,0.0,0.0,5,1,0.2
rw83,2021-03-27,2021-03-27 17:00:00,0.0,0.0,5,3,0.6
rw83,2021-03-28,2021-03-28 02:00:00,18.75,18.75,3,2,0.6666666666666666
rw83,2021-03-28,2021-03-28 03:00:00,0.0,0.0,8,8,1.0
rw83,2021-03-28,2021-03-28 04:00:00,0.0,0.0,4,4,1.0
rw83,2021-03-28,2021-03-28 05:00:00,,,3,0,0.0
rw83,2021-03-28,2021-03-28 06:00:00,,,2,0,0.0
rw83,2021-03-28,2021-03-28 07:00:00,,,4,0,0.0
rw83,2021-03-28,2021-03-28 10:00:00,0.0,0.0,1,1,1.0
rw83,2021-03-28,2021-03-28 13:00:00,5.9,3.4,7,6,0.8571428571428571
rw83,2021-03-28,2021-03-28 14:00:00,0.0,0.0,6,5,0.8333333333333334
rw83,2021-03-28,2021-03-28 15:00:00,,,5,0,0.0
rw83,2021-03-28,2021-03-28 16:00:00,0.0,0.0,8,2,0.25
rw83,2021-03-28,2021-03-28 17:00:00,0.0,0.0,11,3,0.2727272727272727
rw83,2021-03-28,2021-03-28 18:00:00,0.0,0.0,3,1,0.3333333333333333
rw83,2021-03-29,2021-03-29 03:00:00,0.0,0.0,1,1,1.0
rw83,2021-03-29,2021-03-29 05:00:00,,,1,0,0.0
rw83,2021-03-29,2021-03-29 06:00:00,0.0,0.0,4,3,0.75
rw83,2021-03-29,2021-03-29 07:00:00,49.5,49.5,3,2,0.6666666666666666
rw83,2021-03-29,2021-03-29 08:00:00,,,1,0,0.0
rw83,2021-03-29,2021-03-29 09:00:00,9.0,9.0,9,7,0.7777777777777778
rw83,2021-03-29,2021-03-29 10:00:00,,,4,0,0.0
rw83,2021-03-29,2021-03-29 11:00:00,4.0,4.0,7,5,0.7142857142857143
rw83,2021-03-29,2021-03-29 12:00:00,0.0,0.0,5,3,0.6
rw83,2021-03-29,2021-03-29 13:00:00,5.333333333333333,5.333333333333333,2,2,1.0
rw83,2021-03-29,2021-03-29 14:00:00,,,3,0,0.0
rw83,2021-03-29,2021-03-29 15:00:00,0.0,0.0,8,5,0.625
rw83,2021-03-29,2021-03-29 16:00:00,,,3,0,0.0
rw83,2021-03-29,2021-03-29 17:00:00,0.0,0.0,5,2,0.4
rw83,2021-03-30,2021-03-30 03:00:00,34.0,22.0,4,3,0.75
rw83,2021-03-30,2021-03-30 04:00:00,0.0,0.0,5,1,0.2
rw83,2021-03-30,2021-03-30 05:00:00,32.0,18.0,7,4,0.5714285714285714
rw83,2021-03-30,2021-03-30 06:00:00,5.083333333333333,3.333333333333333,5,3,0.6
rw83,2021-03-30,2021-03-30 07:00:00,7.333333333333333,7.333333333333333,4,2,0.5
rw83,2021-03-30,2021-03-30 08:00:00,4.5,4.5,8,7,0.875
rw83,2021-03-30,2021-03-30 09:00:00,2.75,2.75,5,5,1.0
rw83,2021-03-30,2021-03-30 10:00:00,0.0,0.0,1,1,1.0
rw83,2021-03-30,2021-03-30 11:00:00,1.8571428571428568,1.8571428571428568,3,3,1.0
rw83,2021-03-30,2021-03-30 13:00:00,2.8,2.8,2,2,1.0
rw83,2021-03-30,2021-03-30 14:00:00,0.0,0.0,2,2,1.0
rw83,2021-03-30,2021-03-30 15:00:00,0.0,0.0,2,1,0.5
rw83,2021-03-30,2021-03-30 16:00:00,0.0,0.0,2,1,0.5
rw83,2021-03-30,2021-03-30 17:00:00,0.0,0.0,9,4,0.4444444444444444
rw83,2021-03-30,2021-03-30 18:00:00,0.0,0.0,4,1,0.25
rw83,2021-03-30,2021-03-30 19:00:00,0.0,0.0,6,1,0.16666666666666666
rw83,2021-03-31,2021-03-31 00:00:00,0.0,0.0,3,1,0.3333333333333333
rw83,2021-03-31,2021-03-31 01:00:00,0.0,0.0,5,2,0.4
rw83,2021-03-31,2021-03-31 02:00:00,6.25,6.25,6,4,0.6666666666666666
rw83,2021-03-31,2021-03-31 03:00:00,0.0,0.0,3,3,1.0
rw83,2021-03-31,2021-03-31 04:00:00,0.0,0.0,10,2,0.2
rw83,2021-03-31,2021-03-31 05:00:00,,,4,0,0.0
rw83,2021-03-31,2021-03-31 06:00:00,0.0,0.0,2,1,0.5
rw83,2021-03-31,2021-03-31 07:00:00,,,3,0,0.0
rw83,2021-03-31,2021-03-31 08:00:00,,,1,0,0.0
rw83,2021-03-31,2021-03-31 09:00:00,0.0,0.0,4,1,0.25
rw83,2021-03-31,2021-03-31 10:00:00,2.0,2.0,6,5,0.8333333333333334
rw83,2021-03-31,2021-03-31 11:00:00,1.6666666666666667,1.6666666666666667,5,5,1.0
rw83,2021-03-31,2021-03-31 12:00:00,0.0,0.0,4,4,1.0
rw83,2021-03-31,2021-03-31 14:00:00,7.571428571428571,7.571428571428571,3,3,1.0
rw83,2021-03-31,2021-03-31 15:00:00,6.0,5.5,12,9,0.75
rw83,2021-03-31,2021-03-31 16:00:00,44.83333333333333,30.33333333333333,9,7,0.7777777777777778
rw83,2021-04-01,2021-04-01 01:00:00,0.0,0.0,1,1,1.0
rw83,2021-04-01,2021-04-01 02:00:00,,,3,0,0.0
rw83,2021-04-01,2021-04-01 03:00:00,0.0,0.0,7,2,0.2857142857142857
rw83,2021-04-01,2021-04-01 04:00:00,3.75,3.75,7,2,0.2857142857142857
rw83,2021-04-01,2021-04-01 05:00:00,19.33333333333333,19.33333333333333,7,5,0.7142857142857143
rw83,2021-04-01,2021-04-01 06:00:00,0.0,0.0,9,5,0.5555555555555556
rw83,2021-04-01,2021-04-01 07:00:00,0.0,0.0,8,5,0.625
rw83,2021-04-01,2021-04-01 08:00:00,0.0,0.0,9,7,0.7777777777777778
rw83,2021-04-01,2021-04-01 09:00:00,0.0,0.0,4,3,0.75
rw83,2021-04-01,2021-04-01 10:00:00,2.5,2.5,3,3,1.0
rw83,2021-04-01,2021-04-01 11:00:00,0.0,0.0,2,2,1.0
rw83,2021-04-01,2021-04-01 12:00:00,6.211538461538462,3.4615384615384617,5,5,1.0
rw83,2021-04-01,2021-04-01 13:00:00,0.0,0.0,1,1,1.0
rw83,2021-04-01,2021-04-01 15:00:00,23.666666666666664,7.333333333333333,10,6,0.6
rw83,2021-04-01,2021-04-01 16:00:00,10.25,10.25,9,6,0.6666666666666666
rw83,2021-04-01,2021-04-01 17:00:00,10.0,10.0,6,3,0.5
rw83,2021-04-01,2021-04-01 18:00:00,0.0,0.0,7,4,0.5714285714285714
rw83,2021-04-01,2021-04-01 19:00:00,0.0,0.0,9,3,0.3333333333333333
rw83,2021-04-01,2021-04-01 20:00:00,,,1,0,0.0
rw83,2021-04-02,2021-04-02 01:00:00,0.0,0.0,5,1,0.2
rw83,2021-04-02,2021-04-02 03:00:00,0.0,0.0,4,4,1.0
rw83,2021-04-02,2021-04-02 04:00:00,0.0,0.0,5,4,0.8
rw83,2021-04-02,2021-04-02 05:00:00,,,12,0,0.0
rw83,2021-04-02,2021-04-02 06:00:00,0.0,0.0,10,1,0.1
rw83,2021-04-02,2021-04-02 07:00:00,,,2,0,0.0
rw83,2021-04-02,2021-04-02 08:00:00,0.0,0.0,5,5,1.0
rw83,2021-04-02,2021-04-02 10:00:00,0.0,0.0,3,1,0.3333333333333333
rw83,2021-04-02,2021-04-02 11:00:00,0.0,0.0,1,1,1.0
rw83,2021-04-02,2021-04-02 12:00:00,0.0,0.0,3,2,0.6666666666666666
rw83,2021-04-02,2021-04-02 13:00:00,,,1,0,0.0
rw83,2021-04-02,2021-04-02 14:00:00,,,2,0,0.0
rw83,2021-04-02,2021-04-02 19:00:00,0.0,0.0,5,4,0.8
rw83,2021-04-02,2021-04-02 20:00:00,0.0,0.0,3,3,1.0
rw83,2021-04-02,2021-04-02 21:00:00,0.0,0.0,2,1,0.5
rw83,2021-04-02,2021-04-02 22:00:00,0.0,0.0,6,1,0.16666666666666666
rw83,2021-04-02,2021-04-02 23:00:00,,,11,0,0.0
rw83,2021-04-03,2021-04-03 00:00:00,0.0,0.0,2,1,0.5
rw83,2021-04-03,2021-04-03 01:00:00,0.0,0.0,2,1,0.5
rw83,2021-04-03,2021-04-03 02:00:00,0.0,0.0,1,1,1.0
rw83,2021-04-03,2021-04-03 03:00:00,,,8,0,0.0
rw83,2021-04-03,2021-04-03 04:00:00,0.0,0.0,7,1,0.14285714285714285
rw83,2021-04-03,2021-04-03 05:00:00,,,5,0,0.0
rw83,2021-04-03,2021-04-03 08:00:00,0.0,0.0,1,1,1.0
rw83,2021-04-03,2021-04-03 15:00:00,10.0,6.5,2,2,1.0
rw83,2021-04-04,2021-04-04 04:00:00,0.0,0.0,3,2,0.6666666666666666
rw83,2021-04-04,2021-04-04 11:00:00,,,1,0,0.0
rw83,2021-04-04,2021-04-04 14:00:00,,,2,0,0.0
ry23,2021-03-05,2021-03-05 04:00:00,,,1,0,0.0
ry23,2021-03-05,2021-03-05 05:00:00,,,8,0,0.0
ry23,2021-03-05,2021-03-05 06:00:00,,,3,0,0.0
ry23,2021-03-05,2021-03-05 07:00:00,,,3,0,0.0
ry23,2021-03-08,2021-03-08 22:00:00,3.6666666666666665,3.6666666666666665,4,2,0.5
ry23,2021-03-08,2021-03-08 23:00:00,,,2,0,0.0
ry23,2021-03-09,2021-03-09 03:00:00,,,1,0,0.0
ry23,2021-03-09,2021-03-09 08:00:00,,,2,0,0.0
ry23,2021-03-09,2021-03-09 12:00:00,,,2,0,0.0
ry23,2021-03-10,2021-03-10 09:00:00,,,1,0,0.0
ry23,2021-03-10,2021-03-10 11:00:00,0.0,0.0,1,1,1.0
ry23,2021-03-10,2021-03-10 12:00:00,,,1,0,0.0
ry23,2021-03-11,2021-03-11 00:00:00,,,1,0,0.0
ry23,2021-03-12,2021-03-12 07:00:00,0.0,0.0,3,1,0.3333333333333333
ry23,2021-03-12,2021-03-12 09:00:00,0.0,0.0,1,1,1.0
ry23,2021-03-12,2021-03-12 11:00:00,0.0,0.0,8,1,0.125
ry23,2021-03-12,2021-03-12 12:00:00,0.0,0.0,10,4,0.4
ry23,2021-03-12,2021-03-12 13:00:00,0.0,0.0,7,2,0.2857142857142857
ry23,2021-03-12,2021-03-12 14:00:00,0.0,0.0,11,2,0.18181818181818182
ry23,2021-03-12,2021-03-12 15:00:00,,,7,0,0.0
ry23,2021-03-13,2021-03-13 01:00:00,0.0,0.0,1,1,1.0
ry23,2021-03-13,2021-03-13 03:00:00,0.0,0.0,2,1,0.5
ry23,2021-03-13,2021-03-13 05:00:00,0.0,0.0,1,1,1.0
ry23,2021-03-13,2021-03-13 06:00:00,0.0,0.0,8,1,0.125
ry23,2021-03-13,2021-03-13 07:00:00,,,5,0,0.0
ry23,2021-03-15,2021-03-15 05:00:00,,,1,0,0.0
ry23,2021-03-16,2021-03-16 07:00:00,,,1,0,0.0
ry23,2021-03-16,2021-03-16 10:00:00,,,1,0,0.0
ry23,2021-03-17,2021-03-17 02:00:00,,,1,0,0.0
ry23,2021-03-17,2021-03-17 03:00:00,,,1,0,0.0
ry23,2021-03-17,2021-03-17 04:00:00,0.0,0.0,1,1,1.0
ry23,2021-03-17,2021-03-17 11:00:00,,,1,0,0.0
ry23,2021-03-17,2021-03-17 23:00:00,,,3,0,0.0
ry23,2021-03-18,2021-03-18 00:00:00,,,1,0,0.0
ry23,2021-03-18,2021-03-18 03:00:00,,,1,0,0.0
ry23,2021-03-18,2021-03-18 04:00:00,,,1,0,0.0
ry23,2021-03-18,2021-03-18 05:00:00,0.0,0.0,3,1,0.3333333333333333
ry23,2021-03-18,2021-03-18 06:00:00,0.0,0.0,2,2,1.0
ry23,2021-03-18,2021-03-18 11:00:00,0.0,0.0,1,1,1.0
ry23,2021-03-20,2021-03-20 00:00:00,0.0,0.0,3,2,0.6666666666666666
ry23,2021-03-20,2021-03-20 01:00:00,4.428571428571429,3.0,3,3,1.0
ry23,2021-03-20,2021-03-20 02:00:00,0.0,0.0,1,1,1.0
ry23,2021-03-20,2021-03-20 03:00:00,0.0,0.0,1,1,1.0
ry23,2021-03-20,2021-03-20 04:00:00,2.0,2.0,1,1,1.0
ry23,2021-03-20,2021-03-20 05:00:00,0.0,0.0,2,1,0.5
ry23,2021-03-20,2021-03-20 06:00:00,0.0,0.0,1,1,1.0
ry23,2021-03-20,2021-03-20 12:00:00,0.0,0.0,2,1,0.5
ry23,2021-03-21,2021-03-21 01:00:00,0.0,0.0,1,1,1.0
ry23,2021-03-21,2021-03-21 02:00:00,3.0,3.0,1,1,1.0
ry23,2021-03-21,2021-03-21 03:00:00,0.0,0.0,1,1,1.0
ry23,2021-03-21,2021-03-21 06:00:00,,,1,0,0.0
ry23,2021-03-22,2021-03-22 00:00:00,,,1,0,0.0
ry23,2021-03-22,2021-03-22 02:00:00,,,1,0,0.0
ry23,2021-03-22,2021-03-22 12:00:00,,,1,0,0.0
ry23,2021-03-23,2021-03-23 03:00:00,0.0,0.0,1,1,1.0
ry23,2021-03-23,2021-03-23 06:00:00,0.0,0.0,2,2,1.0
ry23,2021-03-23,2021-03-23 08:00:00,,,1,0,0.0
ry23,2021-03-23,2021-03-23 09:00:00,,,1,0,0.0
ry23,2021-03-23,2021-03-23 12:00:00,2.75,2.75,1,1,1.0
ry23,2021-03-23,2021-03-23 13:00:00,,,2,0,0.0
ry23,2021-03-23,2021-03-23 14:00:00,0.0,0.0,3,1,0.3333333333333333
ry23,2021-03-24,2021-03-24 02:00:00,,,2,0,0.0
ry23,2021-03-24,2021-03-24 05:00:00,0.0,0.0,6,6,1.0
ry23,2021-03-24,2021-03-24 06:00:00,,,1,0,0.0
ry23,2021-03-24,2021-03-24 08:00:00,0.0,0.0,1,1,1.0
ry23,2021-03-24,2021-03-24 09:00:00,0.0,0.0,1,1,1.0
ry23,2021-03-25,2021-03-25 03:00:00,0.0,0.0,4,2,0.5
ry23,2021-03-25,2021-03-25 06:00:00,0.0,0.0,9,4,0.4444444444444444
ry23,2021-03-25,2021-03-25 07:00:00,0.0,0.0,5,4,0.8
ry23,2021-03-25,2021-03-25 08:00:00,,,3,0,0.0
ry23,2021-03-25,2021-03-25 09:00:00,0.0,0.0,6,3,0.5
ry23,2021-03-25,2021-03-25 11:00:00,,,1,0,0.0
ry23,2021-03-25,2021-03-25 12:00:00,,,4,0,0.0
ry23,2021-03-25,2021-03-25 13:00:00,,,6,0,0.0
ry23,2021-03-25,2021-03-25 14:00:00,,,5,0,0.0
ry23,2021-03-25,2021-03-25 15:00:00,,,4,0,0.0
ry23,2021-03-26,2021-03-26 05:00:00,,,1,0,0.0
ry23,2021-03-26,2021-03-26 07:00:00,0.0,0.0,1,1,1.0
ry23,2021-03-26,2021-03-26 08:00:00,5.5,5.5,4,2,0.5
ry23,2021-03-26,2021-03-26 10:00:00,,,2,0,0.0
ry23,2021-03-26,2021-03-26 11:00:00,21.3,21.3,1,1,1.0
ry23,2021-03-26,2021-03-26 12:00:00,3.333333333333333,3.333333333333333,3,2,0.6666666666666666
ry23,2021-03-27,2021-03-27 09:00:00,0.0,0.0,1,1,1.0
ry23,2021-03-28,2021-03-28 04:00:00,0.0,0.0,2,2,1.0
ry23,2021-03-28,2021-03-28 12:00:00,0.0,0.0,2,1,0.5
ry23,2021-03-28,2021-03-28 14:00:00,0.0,0.0,3,1,0.3333333333333333
ry23,2021-03-29,2021-03-29 11:00:00,3.333333333333333,3.333333333333333,1,1,1.0
ry23,2021-03-29,2021-03-29 12:00:00,,,2,0,0.0
ry23,2021-03-30,2021-03-30 00:00:00,,,2,0,0.0
ry23,2021-03-30,2021-03-30 05:00:00,0.0,0.0,3,2,0.6666666666666666
ry23,2021-03-30,2021-03-30 07:00:00,4.5,4.5,6,4,0.6666666666666666
ry23,2021-03-30,2021-03-30 08:00:00,,,1,0,0.0
ry23,2021-03-30,2021-03-30 11:00:00,,,1,0,0.0
ry23,2021-03-30,2021-03-30 12:00:00,,,1,0,0.0
ry23,2021-03-30,2021-03-30 13:00:00,,,1,0,0.0
ry23,2021-03-31,2021-03-31 03:00:00,0.0,0.0,2,1,0.5
ry23,2021-03-31,2021-03-31 05:00:00,0.0,0.0,1,1,1.0
ry23,2021-03-31,2021-03-31 07:00:00,0.0,0.0,2,1,0.5
ry23,2021-03-31,2021-03-31 10:00:00,,,1,0,0.0
ry23,2021-04-01,2021-04-01 01:00:00,0.0,0.0,4,4,1.0
ry23,2021-04-01,2021-04-01 05:00:00,0.0,0.0,3,1,0.3333333333333333
ry23,2021-04-01,2021-04-01 06:00:00,0.0,0.0,4,4,1.0
ry23,2021-04-01,2021-04-01 11:00:00,173.26666666666665,95.6,2,2,1.0
ry23,2021-04-01,2021-04-01 12:00:00,19.5,19.5,3,1,0.3333333333333333
ry23,2021-04-02,2021-04-02 12:00:00,,,1,0,0.0
ry23,2021-04-03,2021-04-03 00:00:00,,,1,0,0.0
ry23,2021-04-03,2021-04-03 09:00:00,,,4,0,0.0
ry23,2021-04-03,2021-04-03 10:00:00,2.0,2.0,5,3,0.6
ry23,2021-04-03,2021-04-03 11:00:00,0.0,0.0,2,1,0.5
ry23,2021-04-04,2021-04-04 03:00:00,0.0,0.0,1,1,1.0
ry23,2021-04-04,2021-04-04 04:00:00,,,1,0,0.0
ry23,2021-04-04,2021-04-04 08:00:00,0.0,0.0,2,2,1.0
ry23,2021-04-05,2021-04-05 04:00:00,,,3,0,0.0
ry23,2021-04-05,2021-04-05 05:00:00,,,2,0,0.0
sc27,2021-03-05,2021-03-05 05:00:00,,,1,0,0.0
sc27,2021-03-07,2021-03-07 22:00:00,,,1,0,0.0
sc27,2021-03-08,2021-03-08 09:00:00,,,1,0,0.0
sc27,2021-03-08,2021-03-08 11:00:00,,,2,0,0.0
sc27,2021-03-08,2021-03-08 12:00:00,0.0,0.0,5,1,0.2
sc27,2021-03-08,2021-03-08 13:00:00,,,3,0,0.0
sc27,2021-03-08,2021-03-08 21:00:00,,,1,0,0.0
sc27,2021-03-08,2021-03-08 22:00:00,,,1,0,0.0
sc27,2021-03-09,2021-03-09 10:00:00,,,1,0,0.0
sc27,2021-03-09,2021-03-09 13:00:00,,,2,0,0.0
sc27,2021-03-09,2021-03-09 14:00:00,,,2,0,0.0
sc27,2021-03-09,2021-03-09 21:00:00,,,1,0,0.0
sc27,2021-03-10,2021-03-10 09:00:00,,,3,0,0.0
sc27,2021-03-10,2021-03-10 10:00:00,,,2,0,0.0
sc27,2021-03-10,2021-03-10 11:00:00,,,1,0,0.0
sc27,2021-03-10,2021-03-10 12:00:00,,,3,0,0.0
sc27,2021-03-10,2021-03-10 14:00:00,0.0,0.0,2,1,0.5
sc27,2021-03-10,2021-03-10 15:00:00,,,4,0,0.0
sc27,2021-03-10,2021-03-10 16:00:00,,,11,0,0.0
sc27,2021-03-10,2021-03-10 17:00:00,,,9,0,0.0
sc27,2021-03-10,2021-03-10 18:00:00,,,8,0,0.0
sc27,2021-03-10,2021-03-10 19:00:00,,,1,0,0.0
sc27,2021-03-12,2021-03-12 09:00:00,,,2,0,0.0
sc27,2021-03-12,2021-03-12 11:00:00,,,1,0,0.0
sc27,2021-03-12,2021-03-12 12:00:00,,,1,0,0.0
sc27,2021-03-12,2021-03-12 14:00:00,,,1,0,0.0
sc27,2021-03-12,2021-03-12 23:00:00,,,1,0,0.0
sc27,2021-03-13,2021-03-13 00:00:00,,,2,0,0.0
sc27,2021-03-13,2021-03-13 01:00:00,,,2,0,0.0
sc27,2021-03-13,2021-03-13 02:00:00,,,2,0,0.0
sc27,2021-03-13,2021-03-13 04:00:00,,,1,0,0.0
sc27,2021-03-13,2021-03-13 05:00:00,,,1,0,0.0
sc27,2021-03-13,2021-03-13 06:00:00,,,2,0,0.0
sc27,2021-03-13,2021-03-13 11:00:00,,,1,0,0.0
sc27,2021-03-13,2021-03-13 22:00:00,,,3,0,0.0
sc27,2021-03-13,2021-03-13 23:00:00,0.0,0.0,4,1,0.25
sc27,2021-03-14,2021-03-14 00:00:00,,,2,0,0.0
sc27,2021-03-14,2021-03-14 06:00:00,,,1,0,0.0
sc27,2021-03-14,2021-03-14 13:00:00,,,3,0,0.0
sc27,2021-03-14,2021-03-14 22:00:00,2.9411764705882355,2.9411764705882355,2,1,0.5
sc27,2021-03-15,2021-03-15 00:00:00,,,1,0,0.0
sc27,2021-03-15,2021-03-15 01:00:00,,,2,0,0.0
sc27,2021-03-15,2021-03-15 02:00:00,,,1,0,0.0
sc27,2021-03-16,2021-03-16 04:00:00,,,1,0,0.0
sc27,2021-03-16,2021-03-16 06:00:00,,,1,0,0.0
sc27,2021-03-16,2021-03-16 07:00:00,,,1,0,0.0
sc27,2021-03-16,2021-03-16 09:00:00,,,1,0,0.0
sc27,2021-03-16,2021-03-16 10:00:00,,,1,0,0.0
sc27,2021-03-16,2021-03-16 11:00:00,,,2,0,0.0
sc27,2021-03-16,2021-03-16 12:00:00,,,2,0,0.0
sc27,2021-03-17,2021-03-17 03:00:00,,,2,0,0.0
sc27,2021-03-17,2021-03-17 09:00:00,,,1,0,0.0
sc27,2021-03-17,2021-03-17 10:00:00,,,4,0,0.0
sc27,2021-03-17,2021-03-17 11:00:00,,,2,0,0.0
sc27,2021-03-17,2021-03-17 14:00:00,,,1,0,0.0
sc27,2021-03-18,2021-03-18 01:00:00,,,1,0,0.0
sc27,2021-03-18,2021-03-18 11:00:00,,,1,0,0.0
sc27,2021-03-19,2021-03-19 23:00:00,,,1,0,0.0
sc27,2021-03-20,2021-03-20 02:00:00,,,2,0,0.0
sc27,2021-03-20,2021-03-20 08:00:00,,,1,0,0.0
sc27,2021-03-20,2021-03-20 09:00:00,,,2,0,0.0
sc27,2021-03-21,2021-03-21 02:00:00,,,1,0,0.0
sc27,2021-03-21,2021-03-21 03:00:00,,,2,0,0.0
sc27,2021-03-21,2021-03-21 04:00:00,,,4,0,0.0
sc27,2021-03-21,2021-03-21 05:00:00,,,1,0,0.0
sc27,2021-03-22,2021-03-22 00:00:00,,,1,0,0.0
sc27,2021-03-22,2021-03-22 05:00:00,,,1,0,0.0
sc27,2021-03-22,2021-03-22 13:00:00,,,3,0,0.0
sc27,2021-03-23,2021-03-23 03:00:00,,,3,0,0.0
sc27,2021-03-23,2021-03-23 06:00:00,,,1,0,0.0
sc27,2021-03-23,2021-03-23 10:00:00,,,3,0,0.0
sc27,2021-03-23,2021-03-23 13:00:00,,,1,0,0.0
sc27,2021-03-23,2021-03-23 14:00:00,,,3,0,0.0
sc27,2021-03-24,2021-03-24 03:00:00,,,1,0,0.0
sc27,2021-03-24,2021-03-24 10:00:00,,,1,0,0.0
sc27,2021-03-24,2021-03-24 11:00:00,,,1,0,0.0
sc27,2021-03-25,2021-03-25 23:00:00,,,2,0,0.0
sc27,2021-03-26,2021-03-26 08:00:00,,,1,0,0.0
sc27,2021-03-26,2021-03-26 10:00:00,,,1,0,0.0
sc27,2021-03-26,2021-03-26 22:00:00,,,1,0,0.0
sc27,2021-03-27,2021-03-27 00:00:00,,,1,0,0.0
sc27,2021-03-27,2021-03-27 01:00:00,,,2,0,0.0
sc27,2021-03-27,2021-03-27 02:00:00,,,7,0,0.0
sc27,2021-03-27,2021-03-27 03:00:00,,,2,0,0.0
sc27,2021-03-27,2021-03-27 04:00:00,,,2,0,0.0
sc27,2021-03-27,2021-03-27 06:00:00,,,4,0,0.0
sc27,2021-03-28,2021-03-28 01:00:00,,,1,0,0.0
sc27,2021-03-28,2021-03-28 02:00:00,,,1,0,0.0
sc27,2021-03-28,2021-03-28 05:00:00,,,2,0,0.0
sc27,2021-03-28,2021-03-28 08:00:00,,,12,0,0.0
sc27,2021-03-28,2021-03-28 09:00:00,,,8,0,0.0
sc27,2021-03-28,2021-03-28 11:00:00,0.0,0.0,5,1,0.2
sc27,2021-03-29,2021-03-29 04:00:00,,,1,0,0.0
sc27,2021-03-29,2021-03-29 06:00:00,,,1,0,0.0
sc27,2021-03-29,2021-03-29 13:00:00,,,1,0,0.0
sc27,2021-03-30,2021-03-30 06:00:00,,,1,0,0.0
sc27,2021-03-30,2021-03-30 08:00:00,,,1,0,0.0
sc27,2021-03-31,2021-03-31 01:00:00,,,2,0,0.0
sc27,2021-03-31,2021-03-31 03:00:00,,,1,0,0.0
sc27,2021-03-31,2021-03-31 05:00:00,,,1,0,0.0
sc27,2021-03-31,2021-03-31 07:00:00,,,1,0,0.0
sc27,2021-03-31,2021-03-31 09:00:00,,,1,0,0.0
sc27,2021-03-31,2021-03-31 10:00:00,,,1,0,0.0
sc27,2021-04-01,2021-04-01 02:00:00,,,1,0,0.0
sc27,2021-04-01,2021-04-01 14:00:00,,,1,0,0.0
sc27,2021-04-02,2021-04-02 23:00:00,,,1,0,0.0
sc27,2021-04-03,2021-04-03 00:00:00,,,6,0,0.0
sc27,2021-04-03,2021-04-03 01:00:00,,,4,0,0.0
sc27,2021-04-03,2021-04-03 03:00:00,,,1,0,0.0
sc27,2021-04-03,2021-04-03 04:00:00,,,2,0,0.0
sc27,2021-04-03,2021-04-03 06:00:00,,,2,0,0.0
sc27,2021-04-03,2021-04-03 08:00:00,,,1,0,0.0
sc27,2021-04-03,2021-04-03 09:00:00,0.0,0.0,3,1,0.3333333333333333
sc27,2021-04-03,2021-04-03 10:00:00,,,7,0,0.0
sh29,2021-03-04,2021-03-04 04:00:00,,,11,0,0.0
sh29,2021-03-04,2021-03-04 05:00:00,,,10,0,0.0
sh29,2021-03-04,2021-03-04 06:00:00,,,10,0,0.0
sh29,2021-03-04,2021-03-04 07:00:00,,,10,0,0.0
sh29,2021-03-04,2021-03-04 08:00:00,,,10,0,0.0
sh29,2021-03-04,2021-03-04 09:00:00,,,11,0,0.0
sh29,2021-03-04,2021-03-04 10:00:00,,,11,0,0.0
sh29,2021-03-04,2021-03-04 11:00:00,,,11,0,0.0
sh29,2021-03-04,2021-03-04 12:00:00,,,7,0,0.0
sh29,2021-03-07,2021-03-07 23:00:00,0.0,0.0,3,2,0.6666666666666666
sh29,2021-03-08,2021-03-08 00:00:00,8.727272727272727,5.0,9,4,0.4444444444444444
sh29,2021-03-08,2021-03-08 01:00:00,4.333333333333333,4.333333333333333,12,4,0.3333333333333333
sh29,2021-03-08,2021-03-08 02:00:00,0.0,0.0,10,4,0.4
sh29,2021-03-08,2021-03-08 03:00:00,,,1,0,0.0
sh29,2021-03-08,2021-03-08 04:00:00,0.0,0.0,7,5,0.7142857142857143
sh29,2021-03-08,2021-03-08 05:00:00,0.0,0.0,5,1,0.2
sh29,2021-03-08,2021-03-08 06:00:00,,,1,0,0.0
sh29,2021-03-08,2021-03-08 10:00:00,0.0,0.0,2,1,0.5
sh29,2021-03-08,2021-03-08 11:00:00,0.0,0.0,6,5,0.8333333333333334
sh29,2021-03-08,2021-03-08 12:00:00,0.0,0.0,10,7,0.7
sh29,2021-03-08,2021-03-08 13:00:00,0.0,0.0,12,10,0.8333333333333334
sh29,2021-03-08,2021-03-08 14:00:00,0.0,0.0,11,4,0.36363636363636365
sh29,2021-03-08,2021-03-08 15:00:00,0.0,0.0,8,5,0.625
sh29,2021-03-08,2021-03-08 23:00:00,5.0,5.0,4,2,0.5
sh29,2021-03-09,2021-03-09 00:00:00,16.4,12.0,11,7,0.6363636363636364
sh29,2021-03-09,2021-03-09 01:00:00,0.0,0.0,6,5,0.8333333333333334
sh29,2021-03-09,2021-03-09 02:00:00,5.0,5.0,8,6,0.75
sh29,2021-03-09,2021-03-09 03:00:00,16.75,12.0,7,4,0.5714285714285714
sh29,2021-03-09,2021-03-09 04:00:00,0.0,0.0,11,1,0.09090909090909091
sh29,2021-03-09,2021-03-09 05:00:00,0.0,0.0,11,3,0.2727272727272727
sh29,2021-03-09,2021-03-09 06:00:00,0.0,0.0,10,5,0.5
sh29,2021-03-09,2021-03-09 07:00:00,0.0,0.0,11,2,0.18181818181818182
sh29,2021-03-09,2021-03-09 08:00:00,11.0,11.0,6,2,0.3333333333333333
sh29,2021-03-09,2021-03-09 11:00:00,,,1,0,0.0
sh29,2021-03-09,2021-03-09 12:00:00,2.75,2.75,3,1,0.3333333333333333
sh29,2021-03-09,2021-03-09 13:00:00,5.666666666666667,5.666666666666667,8,4,0.5
sh29,2021-03-09,2021-03-09 14:00:00,5.0,4.0,5,3,0.6
sh29,2021-03-09,2021-03-09 15:00:00,3.6666666666666665,3.6666666666666665,3,1,0.3333333333333333
sh29,2021-03-09,2021-03-09 23:00:00,7.5,7.5,5,3,0.6
sh29,2021-03-10,2021-03-10 00:00:00,3.25,3.25,9,7,0.7777777777777778
sh29,2021-03-10,2021-03-10 01:00:00,4.4,4.4,11,2,0.18181818181818182
sh29,2021-03-10,2021-03-10 02:00:00,32.75,17.75,8,6,0.75
sh29,2021-03-10,2021-03-10 03:00:00,0.0,0.0,6,4,0.6666666666666666
sh29,2021-03-10,2021-03-10 04:00:00,2.5,2.5,5,4,0.8
sh29,2021-03-10,2021-03-10 05:00:00,,,2,0,0.0
sh29,2021-03-10,2021-03-10 06:00:00,,,1,0,0.0
sh29,2021-03-10,2021-03-10 09:00:00,129.08333333333334,74.75,8,6,0.75
sh29,2021-03-10,2021-03-10 10:00:00,0.0,0.0,6,1,0.16666666666666666
sh29,2021-03-10,2021-03-10 12:00:00,0.0,0.0,7,5,0.7142857142857143
sh29,2021-03-10,2021-03-10 13:00:00,0.0,0.0,9,5,0.5555555555555556
sh29,2021-03-10,2021-03-10 14:00:00,4.333333333333333,4.333333333333333,7,6,0.8571428571428571
sh29,2021-03-10,2021-03-10 15:00:00,,,2,0,0.0
sh29,2021-03-10,2021-03-10 23:00:00,59.25,55.0,8,5,0.625
sh29,2021-03-11,2021-03-11 00:00:00,31.0,31.0,12,6,0.5
sh29,2021-03-11,2021-03-11 01:00:00,7.25,7.25,11,9,0.8181818181818182
sh29,2021-03-11,2021-03-11 02:00:00,0.0,0.0,5,3,0.6
sh29,2021-03-11,2021-03-11 03:00:00,0.0,0.0,2,2,1.0
sh29,2021-03-11,2021-03-11 04:00:00,0.0,0.0,8,4,0.5
sh29,2021-03-11,2021-03-11 05:00:00,0.0,0.0,7,1,0.14285714285714285
sh29,2021-03-11,2021-03-11 06:00:00,3.8,3.8,5,5,1.0
sh29,2021-03-11,2021-03-11 07:00:00,0.0,0.0,5,4,0.8
sh29,2021-03-11,2021-03-11 08:00:00,0.0,0.0,1,1,1.0
sh29,2021-03-11,2021-03-11 09:00:00,0.0,0.0,2,1,0.5
sh29,2021-03-11,2021-03-11 11:00:00,0.0,0.0,3,2,0.6666666666666666
sh29,2021-03-11,2021-03-11 12:00:00,1.6363636363636365,1.6363636363636365,4,1,0.25
sh29,2021-03-11,2021-03-11 13:00:00,0.0,0.0,6,3,0.5
sh29,2021-03-11,2021-03-11 14:00:00,0.0,0.0,10,1,0.1
sh29,2021-03-11,2021-03-11 23:00:00,4.0,4.0,5,3,0.6
sh29,2021-03-12,2021-03-12 00:00:00,0.0,0.0,3,2,0.6666666666666666
sh29,2021-03-12,2021-03-12 01:00:00,0.0,0.0,9,7,0.7777777777777778
sh29,2021-03-12,2021-03-12 02:00:00,0.0,0.0,6,3,0.5
sh29,2021-03-12,2021-03-12 03:00:00,0.0,0.0,2,1,0.5
sh29,2021-03-12,2021-03-12 04:00:00,0.0,0.0,9,3,0.3333333333333333
sh29,2021-03-12,2021-03-12 05:00:00,3.4,3.4,11,1,0.09090909090909091
sh29,2021-03-12,2021-03-12 06:00:00,0.0,0.0,8,3,0.375
sh29,2021-03-12,2021-03-12 07:00:00,0.0,0.0,4,1,0.25
sh29,2021-03-12,2021-03-12 08:00:00,,,1,0,0.0
sh29,2021-03-12,2021-03-12 12:00:00,14.166666666666666,14.166666666666666,3,3,1.0
sh29,2021-03-12,2021-03-12 13:00:00,11.083333333333332,7.5,6,5,0.8333333333333334
sh29,2021-03-12,2021-03-12 14:00:00,0.0,0.0,6,2,0.3333333333333333
sh29,2021-03-12,2021-03-12 15:00:00,0.0,0.0,6,3,0.5
sh29,2021-03-12,2021-03-12 16:00:00,0.0,0.0,5,4,0.8
sh29,2021-03-13,2021-03-13 00:00:00,19.0,16.25,9,5,0.5555555555555556
sh29,2021-03-13,2021-03-13 01:00:00,50.6,40.0,12,6,0.5
sh29,2021-03-13,2021-03-13 02:00:00,2.75,2.75,7,6,0.8571428571428571
sh29,2021-03-13,2021-03-13 03:00:00,0.0,0.0,1,1,1.0
sh29,2021-03-13,2021-03-13 04:00:00,,,8,0,0.0
sh29,2021-03-13,2021-03-13 05:00:00,0.0,0.0,10,3,0.3
sh29,2021-03-13,2021-03-13 06:00:00,0.0,0.0,8,2,0.25
sh29,2021-03-13,2021-03-13 09:00:00,,,2,0,0.0
sh29,2021-03-13,2021-03-13 10:00:00,0.0,0.0,7,4,0.5714285714285714
sh29,2021-03-13,2021-03-13 11:00:00,2.0,2.0,8,1,0.125
sh29,2021-03-13,2021-03-13 12:00:00,0.0,0.0,12,8,0.6666666666666666
sh29,2021-03-13,2021-03-13 13:00:00,0.0,0.0,11,3,0.2727272727272727
sh29,2021-03-13,2021-03-13 14:00:00,8.333333333333334,8.333333333333334,8,6,0.75
sh29,2021-03-13,2021-03-13 15:00:00,0.0,0.0,2,1,0.5
sh29,2021-03-14,2021-03-14 00:00:00,0.0,0.0,6,2,0.3333333333333333
sh29,2021-03-14,2021-03-14 01:00:00,11.166666666666668,5.666666666666667,11,5,0.45454545454545453
sh29,2021-03-14,2021-03-14 02:00:00,0.0,0.0,11,4,0.36363636363636365
sh29,2021-03-14,2021-03-14 03:00:00,,,8,0,0.0
sh29,2021-03-14,2021-03-14 04:00:00,,,5,0,0.0
sh29,2021-03-14,2021-03-14 05:00:00,0.0,0.0,10,8,0.8
sh29,2021-03-14,2021-03-14 06:00:00,0.0,0.0,9,2,0.2222222222222222
sh29,2021-03-14,2021-03-14 07:00:00,2.5,2.5,10,4,0.4
sh29,2021-03-14,2021-03-14 08:00:00,0.0,0.0,11,2,0.18181818181818182
sh29,2021-03-14,2021-03-14 09:00:00,,,1,0,0.0
sh29,2021-03-14,2021-03-14 10:00:00,0.0,0.0,6,3,0.5
sh29,2021-03-14,2021-03-14 11:00:00,0.0,0.0,1,1,1.0
sh29,2021-03-14,2021-03-14 12:00:00,0.0,0.0,7,5,0.7142857142857143
sh29,2021-03-14,2021-03-14 13:00:00,0.0,0.0,5,4,0.8
sh29,2021-03-14,2021-03-14 15:00:00,0.0,0.0,6,2,0.3333333333333333
sh29,2021-03-15,2021-03-15 00:00:00,48.4145299145299,31.33333333333333,8,8,1.0
sh29,2021-03-15,2021-03-15 01:00:00,0.0,0.0,12,6,0.5
sh29,2021-03-15,2021-03-15 02:00:00,14.666666666666668,10.833333333333334,11,11,1.0
sh29,2021-03-15,2021-03-15 03:00:00,10.285714285714286,10.285714285714286,5,3,0.6
sh29,2021-03-15,2021-03-15 04:00:00,5.0,3.6666666666666665,9,7,0.7777777777777778
sh29,2021-03-15,2021-03-15 05:00:00,8.25,8.25,10,9,0.9
sh29,2021-03-15,2021-03-15 06:00:00,0.0,0.0,12,10,0.8333333333333334
sh29,2021-03-15,2021-03-15 09:00:00,3.8333333333333335,3.8333333333333335,3,3,1.0
sh29,2021-03-15,2021-03-15 10:00:00,0.0,0.0,10,8,0.8
sh29,2021-03-15,2021-03-15 11:00:00,0.0,0.0,12,4,0.3333333333333333
sh29,2021-03-15,2021-03-15 12:00:00,0.0,0.0,11,5,0.45454545454545453
sh29,2021-03-15,2021-03-15 13:00:00,0.0,0.0,9,8,0.8888888888888888
sh29,2021-03-15,2021-03-15 14:00:00,0.0,0.0,10,7,0.7
sh29,2021-03-15,2021-03-15 15:00:00,,,3,0,0.0
sh29,2021-03-15,2021-03-15 23:00:00,0.0,0.0,2,2,1.0
sh29,2021-03-16,2021-03-16 00:00:00,3.5,3.5,12,10,0.8333333333333334
sh29,2021-03-16,2021-03-16 01:00:00,7.333333333333333,5.833333333333333,9,7,0.7777777777777778
sh29,2021-03-16,2021-03-16 02:00:00,0.0,0.0,4,1,0.25
sh29,2021-03-16,2021-03-16 03:00:00,0.0,0.0,2,1,0.5
sh29,2021-03-16,2021-03-16 04:00:00,0.0,0.0,6,1,0.16666666666666666
sh29,2021-03-16,2021-03-16 05:00:00,,,3,0,0.0
sh29,2021-03-16,2021-03-16 06:00:00,,,7,0,0.0
sh29,2021-03-16,2021-03-16 07:00:00,0.0,0.0,4,1,0.25
sh29,2021-03-16,2021-03-16 08:00:00,0.0,0.0,2,1,0.5
sh29,2021-03-16,2021-03-16 11:00:00,1.8333333333333333,1.8333333333333333,1,1,1.0
sh29,2021-03-16,2021-03-16 12:00:00,0.0,0.0,9,6,0.6666666666666666
sh29,2021-03-16,2021-03-16 13:00:00,0.0,0.0,6,4,0.6666666666666666
sh29,2021-03-16,2021-03-16 14:00:00,0.0,0.0,3,3,1.0
sh29,2021-03-16,2021-03-16 15:00:00,0.0,0.0,8,6,0.75
sh29,2021-03-16,2021-03-16 23:00:00,18.5,18.5,4,3,0.75
sh29,2021-03-17,2021-03-17 00:00:00,9.333333333333334,8.0,11,7,0.6363636363636364
sh29,2021-03-17,2021-03-17 01:00:00,7.666666666666667,7.666666666666667,12,6,0.5
sh29,2021-03-17,2021-03-17 02:00:00,0.0,0.0,8,5,0.625
sh29,2021-03-17,2021-03-17 03:00:00,0.0,0.0,4,1,0.25
sh29,2021-03-17,2021-03-17 04:00:00,0.0,0.0,12,9,0.75
sh29,2021-03-17,2021-03-17 05:00:00,24.0,24.0,4,2,0.5
sh29,2021-03-17,2021-03-17 06:00:00,,,1,0,0.0
sh29,2021-03-17,2021-03-17 09:00:00,,,6,0,0.0
sh29,2021-03-17,2021-03-17 10:00:00,,,1,0,0.0
sh29,2021-03-17,2021-03-17 11:00:00,54.22222222222222,47.0,10,5,0.5
sh29,2021-03-17,2021-03-17 12:00:00,0.0,0.0,12,4,0.3333333333333333
sh29,2021-03-17,2021-03-17 13:00:00,0.0,0.0,3,3,1.0
sh29,2021-03-17,2021-03-17 14:00:00,0.0,0.0,3,3,1.0
sh29,2021-03-17,2021-03-17 15:00:00,0.0,0.0,10,5,0.5
sh29,2021-03-17,2021-03-17 16:00:00,,,1,0,0.0
sh29,2021-03-18,2021-03-18 00:00:00,0.0,0.0,9,3,0.3333333333333333
sh29,2021-03-18,2021-03-18 01:00:00,0.0,0.0,1,1,1.0
sh29,2021-03-18,2021-03-18 02:00:00,0.0,0.0,4,4,1.0
sh29,2021-03-18,2021-03-18 03:00:00,0.0,0.0,6,3,0.5
sh29,2021-03-18,2021-03-18 04:00:00,0.0,0.0,6,3,0.5
sh29,2021-03-18,2021-03-18 05:00:00,0.0,0.0,11,2,0.18181818181818182
sh29,2021-03-18,2021-03-18 06:00:00,,,7,0,0.0
sh29,2021-03-18,2021-03-18 07:00:00,0.0,0.0,3,1,0.3333333333333333
sh29,2021-03-18,2021-03-18 08:00:00,,,7,0,0.0
sh29,2021-03-18,2021-03-18 09:00:00,,,2,0,0.0
sh29,2021-03-18,2021-03-18 11:00:00,,,1,0,0.0
sh29,2021-03-18,2021-03-18 12:00:00,0.0,0.0,7,4,0.5714285714285714
sh29,2021-03-18,2021-03-18 13:00:00,0.0,0.0,6,3,0.5
sh29,2021-03-18,2021-03-18 14:00:00,16.6,10.6,11,9,0.8181818181818182
sh29,2021-03-18,2021-03-18 15:00:00,0.0,0.0,3,2,0.6666666666666666
sh29,2021-03-18,2021-03-18 23:00:00,10.0,7.5,5,4,0.8
sh29,2021-03-19,2021-03-19 00:00:00,43.0,36.0,4,2,0.5
sh29,2021-03-19,2021-03-19 01:00:00,0.0,0.0,10,1,0.1
sh29,2021-03-19,2021-03-19 02:00:00,0.0,0.0,5,3,0.6
sh29,2021-03-19,2021-03-19 03:00:00,,,1,0,0.0
sh29,2021-03-19,2021-03-19 04:00:00,,,3,0,0.0
sh29,2021-03-19,2021-03-19 05:00:00,0.0,0.0,1,1,1.0
sh29,2021-03-19,2021-03-19 06:00:00,,,6,0,0.0
sh29,2021-03-19,2021-03-19 07:00:00,0.0,0.0,6,2,0.3333333333333333
sh29,2021-03-19,2021-03-19 08:00:00,0.0,0.0,5,1,0.2
sh29,2021-03-19,2021-03-19 09:00:00,0.0,0.0,2,1,0.5
sh29,2021-03-19,2021-03-19 12:00:00,89.6,85.0,4,3,0.75
sh29,2021-03-19,2021-03-19 13:00:00,,,2,0,0.0
sh29,2021-03-19,2021-03-19 14:00:00,4.666666666666667,4.666666666666667,3,2,0.6666666666666666
sh29,2021-03-19,2021-03-19 15:00:00,0.0,0.0,4,4,1.0
sh29,2021-03-19,2021-03-19 16:00:00,,,2,0,0.0
sh29,2021-03-20,2021-03-20 00:00:00,12.5,12.5,4,2,0.5
sh29,2021-03-20,2021-03-20 01:00:00,3.75,3.75,11,6,0.5454545454545454
sh29,2021-03-20,2021-03-20 02:00:00,4.0,4.0,11,6,0.5454545454545454
sh29,2021-03-20,2021-03-20 04:00:00,0.0,0.0,4,3,0.75
sh29,2021-03-20,2021-03-20 05:00:00,0.0,0.0,3,1,0.3333333333333333
sh29,2021-03-20,2021-03-20 06:00:00,0.0,0.0,7,2,0.2857142857142857
sh29,2021-03-20,2021-03-20 07:00:00,0.0,0.0,5,1,0.2
sh29,2021-03-20,2021-03-20 08:00:00,,,4,0,0.0
sh29,2021-03-20,2021-03-20 09:00:00,,,3,0,0.0
sh29,2021-03-20,2021-03-20 12:00:00,1.5,1.5,1,1,1.0
sh29,2021-03-20,2021-03-20 13:00:00,4.333333333333333,4.333333333333333,6,5,0.8333333333333334
sh29,2021-03-20,2021-03-20 14:00:00,7.800000000000001,4.2,11,9,0.8181818181818182
sh29,2021-03-20,2021-03-20 15:00:00,0.0,0.0,7,2,0.2857142857142857
sh29,2021-03-21,2021-03-21 00:00:00,0.0,0.0,8,1,0.125
sh29,2021-03-21,2021-03-21 01:00:00,3.6666666666666665,3.6666666666666665,12,8,0.6666666666666666
sh29,2021-03-21,2021-03-21 02:00:00,0.0,0.0,10,7,0.7
sh29,2021-03-21,2021-03-21 03:00:00,0.0,0.0,10,4,0.4
sh29,2021-03-21,2021-03-21 04:00:00,,,2,0,0.0
sh29,2021-03-21,2021-03-21 05:00:00,,,1,0,0.0
sh29,2021-03-21,2021-03-21 06:00:00,0.0,0.0,8,1,0.125
sh29,2021-03-21,2021-03-21 07:00:00,0.0,0.0,3,1,0.3333333333333333
sh29,2021-03-21,2021-03-21 08:00:00,0.0,0.0,3,1,0.3333333333333333
sh29,2021-03-21,2021-03-21 09:00:00,0.0,0.0,2,1,0.5
sh29,2021-03-21,2021-03-21 10:00:00,0.0,0.0,6,1,0.16666666666666666
sh29,2021-03-21,2021-03-21 11:00:00,0.0,0.0,12,2,0.16666666666666666
sh29,2021-03-21,2021-03-21 12:00:00,0.75,0.75,12,3,0.25
sh29,2021-03-21,2021-03-21 13:00:00,0.0,0.0,9,3,0.3333333333333333
sh29,2021-03-21,2021-03-21 14:00:00,,,3,0,0.0
sh29,2021-03-21,2021-03-21 15:00:00,12.625,10.125,10,5,0.5
sh29,2021-03-21,2021-03-21 23:00:00,,,1,0,0.0
sh29,2021-03-22,2021-03-22 00:00:00,0.6,0.6,6,3,0.5
sh29,2021-03-22,2021-03-22 01:00:00,0.0,0.0,11,6,0.5454545454545454
sh29,2021-03-22,2021-03-22 02:00:00,0.0,0.0,2,2,1.0
sh29,2021-03-22,2021-03-22 04:00:00,0.0,0.0,6,3,0.5
sh29,2021-03-22,2021-03-22 05:00:00,0.0,0.0,3,1,0.3333333333333333
sh29,2021-03-22,2021-03-22 06:00:00,,,5,0,0.0
sh29,2021-03-22,2021-03-22 07:00:00,0.0,0.0,6,1,0.16666666666666666
sh29,2021-03-22,2021-03-22 09:00:00,0.0,0.0,2,2,1.0
sh29,2021-03-22,2021-03-22 10:00:00,0.0,0.0,6,2,0.3333333333333333
sh29,2021-03-22,2021-03-22 11:00:00,0.0,0.0,6,3,0.5
sh29,2021-03-22,2021-03-22 12:00:00,0.0,0.0,2,1,0.5
sh29,2021-03-22,2021-03-22 15:00:00,,,2,0,0.0
sh29,2021-03-22,2021-03-22 23:00:00,16.066666666666666,10.666666666666666,3,3,1.0
sh29,2021-03-23,2021-03-23 00:00:00,11.025974025974026,7.571428571428571,11,9,0.8181818181818182
sh29,2021-03-23,2021-03-23 01:00:00,0.0,0.0,8,6,0.75
sh29,2021-03-23,2021-03-23 02:00:00,21.8,12.0,9,8,0.8888888888888888
sh29,2021-03-23,2021-03-23 03:00:00,0.0,0.0,5,3,0.6
sh29,2021-03-23,2021-03-23 04:00:00,0.0,0.0,8,3,0.375
sh29,2021-03-23,2021-03-23 05:00:00,0.0,0.0,10,2,0.2
sh29,2021-03-23,2021-03-23 06:00:00,0.0,0.0,8,4,0.5
sh29,2021-03-23,2021-03-23 07:00:00,0.0,0.0,5,2,0.4
sh29,2021-03-23,2021-03-23 08:00:00,0.0,0.0,1,1,1.0
sh29,2021-03-23,2021-03-23 09:00:00,0.0,0.0,7,3,0.42857142857142855
sh29,2021-03-23,2021-03-23 10:00:00,26.75,26.75,7,1,0.14285714285714285
sh29,2021-03-23,2021-03-23 11:00:00,0.0,0.0,5,1,0.2
sh29,2021-03-23,2021-03-23 12:00:00,0.0,0.0,3,1,0.3333333333333333
sh29,2021-03-23,2021-03-23 15:00:00,19.25,16.25,4,3,0.75
sh29,2021-03-24,2021-03-24 00:00:00,7.0,7.0,8,5,0.625
sh29,2021-03-24,2021-03-24 01:00:00,0.0,0.0,9,4,0.4444444444444444
sh29,2021-03-24,2021-03-24 02:00:00,0.0,0.0,6,5,0.8333333333333334
sh29,2021-03-24,2021-03-24 04:00:00,0.0,0.0,5,4,0.8
sh29,2021-03-24,2021-03-24 05:00:00,0.0,0.0,3,1,0.3333333333333333
sh29,2021-03-24,2021-03-24 06:00:00,,,1,0,0.0
sh29,2021-03-24,2021-03-24 08:00:00,3.142857142857143,3.142857142857143,1,1,1.0
sh29,2021-03-24,2021-03-24 09:00:00,,,2,0,0.0
sh29,2021-03-24,2021-03-24 10:00:00,0.0,0.0,5,5,1.0
sh29,2021-03-24,2021-03-24 11:00:00,0.0,0.0,6,3,0.5
sh29,2021-03-24,2021-03-24 12:00:00,,,2,0,0.0
sh29,2021-03-24,2021-03-24 14:00:00,,,2,0,0.0
sh29,2021-03-24,2021-03-24 23:00:00,4.9,4.9,2,2,1.0
sh29,2021-03-25,2021-03-25 00:00:00,0.0,0.0,11,9,0.8181818181818182
sh29,2021-03-25,2021-03-25 01:00:00,2.5,2.5,8,7,0.875
sh29,2021-03-25,2021-03-25 02:00:00,0.0,0.0,5,5,1.0
sh29,2021-03-25,2021-03-25 03:00:00,0.0,0.0,5,1,0.2
sh29,2021-03-25,2021-03-25 04:00:00,0.0,0.0,3,2,0.6666666666666666
sh29,2021-03-25,2021-03-25 05:00:00,0.0,0.0,5,4,0.8
sh29,2021-03-25,2021-03-25 06:00:00,36.25,36.25,11,5,0.45454545454545453
sh29,2021-03-25,2021-03-25 07:00:00,0.0,0.0,10,2,0.2
sh29,2021-03-25,2021-03-25 08:00:00,0.0,0.0,7,1,0.14285714285714285
sh29,2021-03-25,2021-03-25 09:00:00,0.0,0.0,6,1,0.16666666666666666
sh29,2021-03-25,2021-03-25 10:00:00,0.0,0.0,10,2,0.2
sh29,2021-03-25,2021-03-25 11:00:00,,,6,0,0.0
sh29,2021-03-25,2021-03-25 12:00:00,0.0,0.0,6,1,0.16666666666666666
sh29,2021-03-25,2021-03-25 15:00:00,,,1,0,0.0
sh29,2021-03-26,2021-03-26 00:00:00,,,1,0,0.0
sh29,2021-03-26,2021-03-26 01:00:00,0.0,0.0,4,2,0.5
sh29,2021-03-26,2021-03-26 02:00:00,0.5,0.5,5,2,0.4
sh29,2021-03-26,2021-03-26 03:00:00,0.0,0.0,2,1,0.5
sh29,2021-03-26,2021-03-26 04:00:00,0.0,0.0,6,1,0.16666666666666666
sh29,2021-03-26,2021-03-26 05:00:00,0.0,0.0,7,4,0.5714285714285714
sh29,2021-03-26,2021-03-26 06:00:00,0.0,0.0,4,2,0.5
sh29,2021-03-26,2021-03-26 07:00:00,0.0,0.0,3,3,1.0
sh29,2021-03-26,2021-03-26 10:00:00,31.25,28.25,3,2,0.6666666666666666
sh29,2021-03-26,2021-03-26 11:00:00,0.0,0.0,5,4,0.8
sh29,2021-03-26,2021-03-26 12:00:00,15.0,15.0,7,3,0.42857142857142855
sh29,2021-03-26,2021-03-26 13:00:00,13.0,13.0,10,5,0.5
sh29,2021-03-26,2021-03-26 14:00:00,0.0,0.0,10,1,0.1
sh29,2021-03-26,2021-03-26 15:00:00,3.5,3.5,4,3,0.75
sh29,2021-03-26,2021-03-26 23:00:00,7.8,7.8,4,2,0.5
sh29,2021-03-27,2021-03-27 00:00:00,0.0,0.0,11,5,0.45454545454545453
sh29,2021-03-27,2021-03-27 01:00:00,0.0,0.0,6,1,0.16666666666666666
sh29,2021-03-27,2021-03-27 02:00:00,0.0,0.0,2,2,1.0
sh29,2021-03-27,2021-03-27 03:00:00,,,1,0,0.0
sh29,2021-03-27,2021-03-27 04:00:00,0.0,0.0,3,1,0.3333333333333333
sh29,2021-03-27,2021-03-27 05:00:00,0.0,0.0,2,1,0.5
sh29,2021-03-27,2021-03-27 06:00:00,,,3,0,0.0
sh29,2021-03-27,2021-03-27 07:00:00,,,1,0,0.0
sh29,2021-03-27,2021-03-27 10:00:00,0.0,0.0,3,2,0.6666666666666666
sh29,2021-03-27,2021-03-27 11:00:00,0.0,0.0,2,2,1.0
sh29,2021-03-27,2021-03-27 12:00:00,26.33333333333333,26.33333333333333,1,1,1.0
sh29,2021-03-27,2021-03-27 13:00:00,,,2,0,0.0
sh29,2021-03-27,2021-03-27 14:00:00,0.0,0.0,3,1,0.3333333333333333
sh29,2021-03-27,2021-03-27 15:00:00,0.0,0.0,6,3,0.5
sh29,2021-03-27,2021-03-27 16:00:00,0.0,0.0,12,8,0.6666666666666666
sh29,2021-03-27,2021-03-27 17:00:00,0.0,0.0,5,1,0.2
sh29,2021-03-28,2021-03-28 01:00:00,7.666666666666667,7.666666666666667,4,3,0.75
sh29,2021-03-28,2021-03-28 02:00:00,0.0,0.0,12,2,0.16666666666666666
sh29,2021-03-28,2021-03-28 03:00:00,88.0,88.0,5,3,0.6
sh29,2021-03-28,2021-03-28 04:00:00,5.0,5.0,9,2,0.2222222222222222
sh29,2021-03-28,2021-03-28 05:00:00,,,12,0,0.0
sh29,2021-03-28,2021-03-28 06:00:00,,,12,0,0.0
sh29,2021-03-28,2021-03-28 07:00:00,0.0,0.0,4,2,0.5
sh29,2021-03-28,2021-03-28 08:00:00,,,1,0,0.0
sh29,2021-03-28,2021-03-28 09:00:00,0.0,0.0,4,2,0.5
sh29,2021-03-28,2021-03-28 10:00:00,6.5,6.5,6,5,0.8333333333333334
sh29,2021-03-28,2021-03-28 11:00:00,24.0,24.0,10,8,0.8
sh29,2021-03-28,2021-03-28 12:00:00,0.0,0.0,8,5,0.625
sh29,2021-03-28,2021-03-28 13:00:00,0.0,0.0,2,1,0.5
sh29,2021-03-28,2021-03-28 14:00:00,0.0,0.0,10,6,0.6
sh29,2021-03-28,2021-03-28 15:00:00,,,1,0,0.0
sh29,2021-03-28,2021-03-28 23:00:00,0.0,0.0,4,2,0.5
sh29,2021-03-29,2021-03-29 00:00:00,0.0,0.0,3,1,0.3333333333333333
sh29,2021-03-29,2021-03-29 01:00:00,0.0,0.0,4,3,0.75
sh29,2021-03-29,2021-03-29 02:00:00,0.0,0.0,7,1,0.14285714285714285
sh29,2021-03-29,2021-03-29 03:00:00,0.0,0.0,5,2,0.4
sh29,2021-03-29,2021-03-29 04:00:00,0.0,0.0,10,4,0.4
sh29,2021-03-29,2021-03-29 05:00:00,,,8,0,0.0
sh29,2021-03-29,2021-03-29 06:00:00,0.0,0.0,8,4,0.5
sh29,2021-03-29,2021-03-29 07:00:00,0.0,0.0,4,3,0.75
sh29,2021-03-29,2021-03-29 10:00:00,,,3,0,0.0
sh29,2021-03-29,2021-03-29 11:00:00,0.0,0.0,6,4,0.6666666666666666
sh29,2021-03-29,2021-03-29 12:00:00,5.0,5.0,5,1,0.2
sh29,2021-03-29,2021-03-29 15:00:00,32.36666666666667,26.2,11,6,0.5454545454545454
sh29,2021-03-29,2021-03-29 16:00:00,,,5,0,0.0
sh29,2021-03-29,2021-03-29 23:00:00,0.0,0.0,1,1,1.0
sh29,2021-03-30,2021-03-30 00:00:00,2.5,2.5,10,9,0.9
sh29,2021-03-30,2021-03-30 01:00:00,0.0,0.0,11,6,0.5454545454545454
sh29,2021-03-30,2021-03-30 02:00:00,0.0,0.0,5,5,1.0
sh29,2021-03-30,2021-03-30 03:00:00,0.0,0.0,2,1,0.5
sh29,2021-03-30,2021-03-30 04:00:00,0.0,0.0,2,1,0.5
sh29,2021-03-30,2021-03-30 05:00:00,,,7,0,0.0
sh29,2021-03-30,2021-03-30 06:00:00,0.0,0.0,5,1,0.2
sh29,2021-03-30,2021-03-30 09:00:00,0.0,0.0,1,1,1.0
sh29,2021-03-30,2021-03-30 10:00:00,0.0,0.0,7,4,0.5714285714285714
sh29,2021-03-30,2021-03-30 11:00:00,,,1,0,0.0
sh29,2021-03-30,2021-03-30 12:00:00,0.0,0.0,1,1,1.0
sh29,2021-03-30,2021-03-30 15:00:00,4.0,4.0,1,1,1.0
sh29,2021-03-31,2021-03-31 00:00:00,21.357142857142858,20.857142857142858,6,6,1.0
sh29,2021-03-31,2021-03-31 01:00:00,22.75,18.0,10,4,0.4
sh29,2021-03-31,2021-03-31 02:00:00,0.0,0.0,9,2,0.2222222222222222
sh29,2021-03-31,2021-03-31 03:00:00,,,4,0,0.0
sh29,2021-03-31,2021-03-31 04:00:00,0.0,0.0,8,6,0.75
sh29,2021-03-31,2021-03-31 05:00:00,0.0,0.0,8,3,0.375
sh29,2021-03-31,2021-03-31 06:00:00,0.0,0.0,12,10,0.8333333333333334
sh29,2021-03-31,2021-03-31 07:00:00,0.0,0.0,11,4,0.36363636363636365
sh29,2021-03-31,2021-03-31 08:00:00,0.0,0.0,8,4,0.5
sh29,2021-03-31,2021-03-31 09:00:00,0.3333333333333333,0.3333333333333333,6,2,0.3333333333333333
sh29,2021-03-31,2021-03-31 10:00:00,0.0,0.0,9,3,0.3333333333333333
sh29,2021-03-31,2021-03-31 11:00:00,0.0,0.0,5,4,0.8
sh29,2021-03-31,2021-03-31 13:00:00,0.0,0.0,4,2,0.5
sh29,2021-03-31,2021-03-31 14:00:00,74.75,74.0,3,3,1.0
sh29,2021-03-31,2021-03-31 15:00:00,0.0,0.0,12,6,0.5
sh29,2021-03-31,2021-03-31 16:00:00,0.0,0.0,6,1,0.16666666666666666
sh29,2021-04-01,2021-04-01 00:00:00,0.0,0.0,4,1,0.25
sh29,2021-04-01,2021-04-01 01:00:00,0.0,0.0,6,4,0.6666666666666666
sh29,2021-04-01,2021-04-01 02:00:00,0.0,0.0,8,6,0.75
sh29,2021-04-01,2021-04-01 03:00:00,0.0,0.0,6,3,0.5
sh29,2021-04-01,2021-04-01 04:00:00,0.0,0.0,12,6,0.5
sh29,2021-04-01,2021-04-01 05:00:00,0.0,0.0,9,4,0.4444444444444444
sh29,2021-04-01,2021-04-01 06:00:00,0.0,0.0,8,7,0.875
sh29,2021-04-01,2021-04-01 07:00:00,0.0,0.0,12,9,0.75
sh29,2021-04-01,2021-04-01 08:00:00,0.0,0.0,3,2,0.6666666666666666
sh29,2021-04-01,2021-04-01 09:00:00,0.0,0.0,9,7,0.7777777777777778
sh29,2021-04-01,2021-04-01 10:00:00,0.0,0.0,9,6,0.6666666666666666
sh29,2021-04-01,2021-04-01 11:00:00,0.0,0.0,4,2,0.5
sh29,2021-04-01,2021-04-01 12:00:00,0.0,0.0,2,1,0.5
sh29,2021-04-01,2021-04-01 14:00:00,,,2,0,0.0
sh29,2021-04-01,2021-04-01 15:00:00,,,2,0,0.0
sh29,2021-04-01,2021-04-01 16:00:00,,,1,0,0.0
sh29,2021-04-02,2021-04-02 00:00:00,0.0,0.0,2,1,0.5
sh29,2021-04-02,2021-04-02 01:00:00,20.666666666666668,20.666666666666668,3,3,1.0
sh29,2021-04-02,2021-04-02 02:00:00,0.0,0.0,7,5,0.7142857142857143
sh29,2021-04-02,2021-04-02 03:00:00,0.0,0.0,4,2,0.5
sh29,2021-04-02,2021-04-02 04:00:00,0.0,0.0,2,2,1.0
sh29,2021-04-02,2021-04-02 05:00:00,0.0,0.0,5,4,0.8
sh29,2021-04-02,2021-04-02 06:00:00,0.0,0.0,7,1,0.14285714285714285
sh29,2021-04-02,2021-04-02 07:00:00,0.0,0.0,3,3,1.0
sh29,2021-04-02,2021-04-02 08:00:00,0.0,0.0,1,1,1.0
sh29,2021-04-02,2021-04-02 12:00:00,,,1,0,0.0
sh29,2021-04-02,2021-04-02 13:00:00,6.4,4.2,4,4,1.0
sh29,2021-04-02,2021-04-02 14:00:00,0.0,0.0,2,1,0.5
sh29,2021-04-03,2021-04-03 14:00:00,,,1,0,0.0
sm34,2021-03-06,2021-03-06 15:00:00,,,2,0,0.0
sm34,2021-03-06,2021-03-06 16:00:00,,,5,0,0.0
sm34,2021-03-08,2021-03-08 04:00:00,21.0,21.0,4,2,0.5
sm34,2021-03-08,2021-03-08 05:00:00,,,2,0,0.0
sm34,2021-03-08,2021-03-08 06:00:00,,,2,0,0.0
sm34,2021-03-08,2021-03-08 10:00:00,0.0,0.0,2,1,0.5
sm34,2021-03-08,2021-03-08 11:00:00,,,1,0,0.0
sm34,2021-03-08,2021-03-08 14:00:00,0.0,0.0,1,1,1.0
sm34,2021-03-09,2021-03-09 05:00:00,0.0,0.0,6,2,0.3333333333333333
sm34,2021-03-09,2021-03-09 15:00:00,,,1,0,0.0
sm34,2021-03-09,2021-03-09 16:00:00,,,1,0,0.0
sm34,2021-03-10,2021-03-10 07:00:00,,,1,0,0.0
sm34,2021-03-10,2021-03-10 10:00:00,,,3,0,0.0
sm34,2021-03-10,2021-03-10 16:00:00,,,1,0,0.0
sm34,2021-03-11,2021-03-11 05:00:00,,,5,0,0.0
sm34,2021-03-11,2021-03-11 09:00:00,,,2,0,0.0
sm34,2021-03-11,2021-03-11 11:00:00,,,1,0,0.0
sm34,2021-03-12,2021-03-12 03:00:00,0.0,0.0,2,1,0.5
sm34,2021-03-12,2021-03-12 09:00:00,,,2,0,0.0
sm34,2021-03-13,2021-03-13 06:00:00,,,1,0,0.0
sm34,2021-03-13,2021-03-13 15:00:00,,,2,0,0.0
sm34,2021-03-15,2021-03-15 07:00:00,,,3,0,0.0
sm34,2021-03-15,2021-03-15 14:00:00,0.0,0.0,2,1,0.5
sm34,2021-03-16,2021-03-16 09:00:00,0.0,0.0,5,4,0.8
sm34,2021-03-16,2021-03-16 10:00:00,,,3,0,0.0
sm34,2021-03-16,2021-03-16 11:00:00,0.0,0.0,7,1,0.14285714285714285
sm34,2021-03-16,2021-03-16 12:00:00,,,2,0,0.0
sm34,2021-03-16,2021-03-16 15:00:00,,,1,0,0.0
sm34,2021-03-16,2021-03-16 16:00:00,,,1,0,0.0
sm34,2021-03-17,2021-03-17 02:00:00,,,1,0,0.0
sm34,2021-03-17,2021-03-17 03:00:00,0.0,0.0,2,2,1.0
sm34,2021-03-17,2021-03-17 04:00:00,5.0,5.0,1,1,1.0
sm34,2021-03-17,2021-03-17 06:00:00,,,1,0,0.0
sm34,2021-03-17,2021-03-17 07:00:00,,,1,0,0.0
sm34,2021-03-17,2021-03-17 11:00:00,2.58974358974359,1.6666666666666667,2,2,1.0
sm34,2021-03-18,2021-03-18 06:00:00,,,1,0,0.0
sm34,2021-03-18,2021-03-18 07:00:00,,,3,0,0.0
sm34,2021-03-18,2021-03-18 08:00:00,,,6,0,0.0
sm34,2021-03-18,2021-03-18 11:00:00,,,1,0,0.0
sm34,2021-03-18,2021-03-18 13:00:00,0.0,0.0,2,2,1.0
sm34,2021-03-18,2021-03-18 14:00:00,0.0,0.0,7,2,0.2857142857142857
sm34,2021-03-18,2021-03-18 15:00:00,0.0,0.0,3,1,0.3333333333333333
sm34,2021-03-19,2021-03-19 16:00:00,,,8,0,0.0
sm34,2021-03-19,2021-03-19 17:00:00,,,10,0,0.0
sm34,2021-03-19,2021-03-19 18:00:00,,,10,0,0.0
sm34,2021-03-19,2021-03-19 19:00:00,0.0,0.0,5,1,0.2
sm34,2021-03-19,2021-03-19 20:00:00,,,9,0,0.0
sm34,2021-03-20,2021-03-20 05:00:00,,,1,0,0.0
sm34,2021-03-20,2021-03-20 06:00:00,,,11,0,0.0
sm34,2021-03-20,2021-03-20 07:00:00,,,11,0,0.0
sm34,2021-03-20,2021-03-20 08:00:00,,,2,0,0.0
sm34,2021-03-20,2021-03-20 12:00:00,0.0,0.0,4,3,0.75
sm34,2021-03-20,2021-03-20 13:00:00,0.0,0.0,3,1,0.3333333333333333
sm34,2021-03-20,2021-03-20 14:00:00,0.0,0.0,3,2,0.6666666666666666
sm34,2021-03-20,2021-03-20 15:00:00,0.0,0.0,3,3,1.0
sm34,2021-03-21,2021-03-21 03:00:00,,,2,0,0.0
sm34,2021-03-21,2021-03-21 04:00:00,,,9,0,0.0
sm34,2021-03-23,2021-03-23 09:00:00,,,1,0,0.0
sm34,2021-03-23,2021-03-23 10:00:00,0.0,0.0,1,1,1.0
sm34,2021-03-24,2021-03-24 07:00:00,,,3,0,0.0
sm34,2021-03-25,2021-03-25 03:00:00,0.0,0.0,1,1,1.0
sm34,2021-03-25,2021-03-25 04:00:00,,,3,0,0.0
sm34,2021-03-25,2021-03-25 08:00:00,0.6666666666666666,0.6666666666666666,1,1,1.0
sm34,2021-03-25,2021-03-25 15:00:00,0.0,0.0,2,2,1.0
sm34,2021-03-25,2021-03-25 18:00:00,,,1,0,0.0
sm34,2021-03-26,2021-03-26 07:00:00,0.0,0.0,2,2,1.0
sm34,2021-03-26,2021-03-26 13:00:00,0.0,0.0,2,1,0.5
sm34,2021-03-27,2021-03-27 01:00:00,,,8,0,0.0
sm34,2021-03-27,2021-03-27 02:00:00,,,2,0,0.0
sm34,2021-03-27,2021-03-27 07:00:00,,,1,0,0.0
sm34,2021-03-27,2021-03-27 08:00:00,,,9,0,0.0
sm34,2021-03-27,2021-03-27 10:00:00,5.5,5.5,1,1,1.0
sm34,2021-03-27,2021-03-27 12:00:00,,,1,0,0.0
sm34,2021-03-27,2021-03-27 14:00:00,0.0,0.0,7,6,0.8571428571428571
sm34,2021-03-27,2021-03-27 19:00:00,0.0,0.0,3,1,0.3333333333333333
sm34,2021-03-28,2021-03-28 05:00:00,0.0,0.0,1,1,1.0
sm34,2021-03-28,2021-03-28 06:00:00,0.0,0.0,1,1,1.0
sm34,2021-03-29,2021-03-29 05:00:00,0.0,0.0,5,1,0.2
sm34,2021-03-30,2021-03-30 06:00:00,,,1,0,0.0
sm34,2021-03-30,2021-03-30 09:00:00,,,4,0,0.0
sm34,2021-03-30,2021-03-30 10:00:00,0.0,0.0,2,1,0.5
sm34,2021-03-31,2021-03-31 03:00:00,,,1,0,0.0
sm34,2021-03-31,2021-03-31 05:00:00,0.0,0.0,2,1,0.5
sm34,2021-03-31,2021-03-31 06:00:00,0.0,0.0,3,1,0.3333333333333333
sm34,2021-04-01,2021-04-01 06:00:00,,,1,0,0.0
sm34,2021-04-01,2021-04-01 07:00:00,,,2,0,0.0
sm34,2021-04-01,2021-04-01 08:00:00,,,1,0,0.0
sm34,2021-04-02,2021-04-02 02:00:00,,,1,0,0.0
sm34,2021-04-02,2021-04-02 03:00:00,,,1,0,0.0
sm34,2021-04-02,2021-04-02 05:00:00,,,6,0,0.0
sp33,2021-03-04,2021-03-04 06:00:00,,,1,0,0.0
sp33,2021-03-04,2021-03-04 07:00:00,,,1,0,0.0
sp33,2021-03-04,2021-03-04 08:00:00,,,1,0,0.0
sp33,2021-03-04,2021-03-04 12:00:00,,,1,0,0.0
sp33,2021-03-08,2021-03-08 01:00:00,,,4,0,0.0
sp33,2021-03-08,2021-03-08 02:00:00,,,8,0,0.0
sp33,2021-03-08,2021-03-08 03:00:00,0.0,0.0,8,1,0.125
sp33,2021-03-08,2021-03-08 05:00:00,0.0,0.0,1,1,1.0
sp33,2021-03-08,2021-03-08 08:00:00,0.0,0.0,4,2,0.5
sp33,2021-03-08,2021-03-08 09:00:00,,,1,0,0.0
sp33,2021-03-08,2021-03-08 10:00:00,,,1,0,0.0
sp33,2021-03-08,2021-03-08 14:00:00,,,1,0,0.0
sp33,2021-03-08,2021-03-08 15:00:00,0.0,0.0,8,1,0.125
sp33,2021-03-08,2021-03-08 16:00:00,,,6,0,0.0
sp33,2021-03-09,2021-03-09 03:00:00,,,5,0,0.0
sp33,2021-03-09,2021-03-09 15:00:00,0.0,0.0,2,1,0.5
sp33,2021-03-10,2021-03-10 05:00:00,0.0,0.0,1,1,1.0
sp33,2021-03-10,2021-03-10 07:00:00,,,2,0,0.0
sp33,2021-03-10,2021-03-10 08:00:00,,,4,0,0.0
sp33,2021-03-10,2021-03-10 09:00:00,0.0,0.0,2,1,0.5
sp33,2021-03-10,2021-03-10 10:00:00,,,1,0,0.0
sp33,2021-03-10,2021-03-10 12:00:00,,,4,0,0.0
sp33,2021-03-10,2021-03-10 14:00:00,0.0,0.0,3,1,0.3333333333333333
sp33,2021-03-10,2021-03-10 15:00:00,,,2,0,0.0
sp33,2021-03-11,2021-03-11 02:00:00,,,7,0,0.0
sp33,2021-03-11,2021-03-11 03:00:00,,,7,0,0.0
sp33,2021-03-11,2021-03-11 05:00:00,,,3,0,0.0
sp33,2021-03-11,2021-03-11 06:00:00,,,1,0,0.0
sp33,2021-03-11,2021-03-11 07:00:00,,,1,0,0.0
sp33,2021-03-11,2021-03-11 08:00:00,,,1,0,0.0
sp33,2021-03-11,2021-03-11 09:00:00,0.0,0.0,7,2,0.2857142857142857
sp33,2021-03-11,2021-03-11 10:00:00,0.0,0.0,7,1,0.14285714285714285
sp33,2021-03-11,2021-03-11 11:00:00,,,3,0,0.0
sp33,2021-03-11,2021-03-11 12:00:00,,,6,0,0.0
sp33,2021-03-11,2021-03-11 13:00:00,0.0,0.0,5,1,0.2
sp33,2021-03-11,2021-03-11 14:00:00,,,2,0,0.0
sp33,2021-03-12,2021-03-12 05:00:00,0.0,0.0,6,2,0.3333333333333333
sp33,2021-03-12,2021-03-12 06:00:00,0.0,0.0,11,6,0.5454545454545454
sp33,2021-03-12,2021-03-12 07:00:00,0.0,0.0,10,1,0.1
sp33,2021-03-12,2021-03-12 08:00:00,,,2,0,0.0
sp33,2021-03-12,2021-03-12 13:00:00,,,1,0,0.0
sp33,2021-03-12,2021-03-12 14:00:00,0.0,0.0,4,2,0.5
sp33,2021-03-12,2021-03-12 15:00:00,0.0,0.0,2,1,0.5
sp33,2021-03-13,2021-03-13 03:00:00,0.0,0.0,1,1,1.0
sp33,2021-03-13,2021-03-13 04:00:00,,,1,0,0.0
sp33,2021-03-13,2021-03-13 07:00:00,,,3,0,0.0
sp33,2021-03-13,2021-03-13 08:00:00,,,2,0,0.0
sp33,2021-03-13,2021-03-13 11:00:00,0.0,0.0,2,1,0.5
sp33,2021-03-13,2021-03-13 12:00:00,,,1,0,0.0
sp33,2021-03-13,2021-03-13 18:00:00,0.0,0.0,4,2,0.5
sp33,2021-03-13,2021-03-13 19:00:00,0.0,0.0,3,1,0.3333333333333333
sp33,2021-03-13,2021-03-13 20:00:00,,,1,0,0.0
sp33,2021-03-14,2021-03-14 04:00:00,0.0,0.0,2,1,0.5
sp33,2021-03-14,2021-03-14 06:00:00,,,1,0,0.0
sp33,2021-03-14,2021-03-14 07:00:00,0.0,0.0,3,1,0.3333333333333333
sp33,2021-03-14,2021-03-14 08:00:00,,,4,0,0.0
sp33,2021-03-14,2021-03-14 13:00:00,,,1,0,0.0
sp33,2021-03-14,2021-03-14 15:00:00,0.0,0.0,2,1,0.5
sp33,2021-03-15,2021-03-15 03:00:00,5.0,5.0,1,1,1.0
sp33,2021-03-15,2021-03-15 04:00:00,0.0,0.0,5,3,0.6
sp33,2021-03-15,2021-03-15 05:00:00,,,1,0,0.0
sp33,2021-03-15,2021-03-15 06:00:00,0.0,0.0,2,2,1.0
sp33,2021-03-15,2021-03-15 12:00:00,,,1,0,0.0
sp33,2021-03-15,2021-03-15 15:00:00,0.0,0.0,3,1,0.3333333333333333
sp33,2021-03-15,2021-03-15 17:00:00,,,8,0,0.0
sp33,2021-03-17,2021-03-17 01:00:00,,,1,0,0.0
sp33,2021-03-17,2021-03-17 04:00:00,0.0,0.0,4,2,0.5
sp33,2021-03-17,2021-03-17 05:00:00,,,1,0,0.0
sp33,2021-03-17,2021-03-17 07:00:00,,,4,0,0.0
sp33,2021-03-17,2021-03-17 08:00:00,0.0,0.0,1,1,1.0
sp33,2021-03-17,2021-03-17 15:00:00,,,4,0,0.0
sp33,2021-03-18,2021-03-18 05:00:00,,,1,0,0.0
sp33,2021-03-18,2021-03-18 08:00:00,0.0,0.0,2,1,0.5
sp33,2021-03-18,2021-03-18 09:00:00,,,4,0,0.0
sp33,2021-03-18,2021-03-18 10:00:00,,,1,0,0.0
sp33,2021-03-18,2021-03-18 11:00:00,,,1,0,0.0
sp33,2021-03-18,2021-03-18 13:00:00,0.0,0.0,1,1,1.0
sp33,2021-03-18,2021-03-18 15:00:00,,,1,0,0.0
sp33,2021-03-18,2021-03-18 16:00:00,0.0,0.0,2,1,0.5
sp33,2021-03-19,2021-03-19 01:00:00,,,1,0,0.0
sp33,2021-03-19,2021-03-19 02:00:00,,,1,0,0.0
sp33,2021-03-19,2021-03-19 03:00:00,,,2,0,0.0
sp33,2021-03-19,2021-03-19 04:00:00,,,6,0,0.0
sp33,2021-03-19,2021-03-19 05:00:00,0.0,0.0,1,1,1.0
sp33,2021-03-19,2021-03-19 07:00:00,0.0,0.0,3,2,0.6666666666666666
sp33,2021-03-19,2021-03-19 08:00:00,0.0,0.0,3,1,0.3333333333333333
sp33,2021-03-19,2021-03-19 11:00:00,,,1,0,0.0
sp33,2021-03-19,2021-03-19 13:00:00,0.0,0.0,3,2,0.6666666666666666
sp33,2021-03-19,2021-03-19 14:00:00,,,3,0,0.0
sp33,2021-03-20,2021-03-20 07:00:00,,,2,0,0.0
sp33,2021-03-20,2021-03-20 08:00:00,,,6,0,0.0
sp33,2021-03-20,2021-03-20 09:00:00,,,7,0,0.0
sp33,2021-03-20,2021-03-20 10:00:00,11.0,11.0,1,1,1.0
sp33,2021-03-20,2021-03-20 11:00:00,0.0,0.0,2,2,1.0
sp33,2021-03-20,2021-03-20 12:00:00,0.0,0.0,5,2,0.4
sp33,2021-03-20,2021-03-20 13:00:00,0.0,0.0,7,5,0.7142857142857143
sp33,2021-03-20,2021-03-20 14:00:00,0.0,0.0,6,3,0.5
sp33,2021-03-20,2021-03-20 15:00:00,0.0,0.0,3,2,0.6666666666666666
sp33,2021-03-20,2021-03-20 16:00:00,,,5,0,0.0
sp33,2021-03-21,2021-03-21 03:00:00,,,2,0,0.0
sp33,2021-03-21,2021-03-21 04:00:00,0.0,0.0,4,1,0.25
sp33,2021-03-21,2021-03-21 07:00:00,0.0,0.0,6,1,0.16666666666666666
sp33,2021-03-21,2021-03-21 12:00:00,0.0,0.0,6,1,0.16666666666666666
sp33,2021-03-21,2021-03-21 14:00:00,,,1,0,0.0
sp33,2021-03-21,2021-03-21 15:00:00,,,5,0,0.0
sp33,2021-03-21,2021-03-21 16:00:00,,,1,0,0.0
sp33,2021-03-21,2021-03-21 17:00:00,,,1,0,0.0
sp33,2021-03-22,2021-03-22 03:00:00,,,5,0,0.0
sp33,2021-03-22,2021-03-22 06:00:00,,,2,0,0.0
sp33,2021-03-22,2021-03-22 07:00:00,,,3,0,0.0
sp33,2021-03-22,2021-03-22 08:00:00,,,1,0,0.0
sp33,2021-03-23,2021-03-23 02:00:00,,,1,0,0.0
sp33,2021-03-23,2021-03-23 05:00:00,,,1,0,0.0
sp33,2021-03-23,2021-03-23 07:00:00,,,4,0,0.0
sp33,2021-03-23,2021-03-23 09:00:00,0.0,0.0,4,1,0.25
sp33,2021-03-23,2021-03-23 10:00:00,,,1,0,0.0
sp33,2021-03-23,2021-03-23 11:00:00,,,3,0,0.0
sp33,2021-03-23,2021-03-23 14:00:00,3.333333333333333,3.333333333333333,4,3,0.75
sp33,2021-03-23,2021-03-23 15:00:00,,,2,0,0.0
sp33,2021-03-23,2021-03-23 16:00:00,,,2,0,0.0
sp33,2021-03-24,2021-03-24 03:00:00,,,4,0,0.0
sp33,2021-03-24,2021-03-24 04:00:00,,,2,0,0.0
sp33,2021-03-24,2021-03-24 06:00:00,0.0,0.0,2,1,0.5
sp33,2021-03-24,2021-03-24 15:00:00,0.0,0.0,4,2,0.5
sp33,2021-03-25,2021-03-25 07:00:00,,,1,0,0.0
sp33,2021-03-25,2021-03-25 08:00:00,,,1,0,0.0
sp33,2021-03-25,2021-03-25 13:00:00,,,1,0,0.0
sp33,2021-03-25,2021-03-25 14:00:00,,,1,0,0.0
sp33,2021-03-25,2021-03-25 15:00:00,,,1,0,0.0
sp33,2021-03-26,2021-03-26 02:00:00,,,1,0,0.0
sp33,2021-03-26,2021-03-26 03:00:00,,,1,0,0.0
sp33,2021-03-26,2021-03-26 07:00:00,,,1,0,0.0
sp33,2021-03-26,2021-03-26 09:00:00,,,3,0,0.0
sp33,2021-03-26,2021-03-26 15:00:00,0.0,0.0,7,6,0.8571428571428571
sp33,2021-03-26,2021-03-26 16:00:00,0.0,0.0,2,2,1.0
sp33,2021-03-27,2021-03-27 05:00:00,0.0,0.0,1,1,1.0
sp33,2021-03-27,2021-03-27 06:00:00,,,1,0,0.0
sp33,2021-03-27,2021-03-27 08:00:00,0.0,0.0,3,3,1.0
sp33,2021-03-27,2021-03-27 09:00:00,0.0,0.0,4,1,0.25
sp33,2021-03-27,2021-03-27 10:00:00,0.0,0.0,7,2,0.2857142857142857
sp33,2021-03-27,2021-03-27 11:00:00,0.0,0.0,3,1,0.3333333333333333
sp33,2021-03-27,2021-03-27 12:00:00,,,3,0,0.0
sp33,2021-03-27,2021-03-27 15:00:00,0.0,0.0,2,1,0.5
sp33,2021-03-28,2021-03-28 04:00:00,,,1,0,0.0
sp33,2021-03-28,2021-03-28 05:00:00,14.0,14.0,2,1,0.5
sp33,2021-03-28,2021-03-28 06:00:00,0.0,0.0,1,1,1.0
sp33,2021-03-28,2021-03-28 08:00:00,,,1,0,0.0
sp33,2021-03-28,2021-03-28 09:00:00,,,1,0,0.0
sp33,2021-03-28,2021-03-28 11:00:00,,,4,0,0.0
sp33,2021-03-28,2021-03-28 12:00:00,0.0,0.0,8,1,0.125
sp33,2021-03-28,2021-03-28 13:00:00,0.0,0.0,9,3,0.3333333333333333
sp33,2021-03-28,2021-03-28 14:00:00,0.0,0.0,5,1,0.2
sp33,2021-03-28,2021-03-28 16:00:00,,,7,0,0.0
sp33,2021-03-28,2021-03-28 17:00:00,,,1,0,0.0
sp33,2021-03-29,2021-03-29 04:00:00,2.4,2.4,7,2,0.2857142857142857
sp33,2021-03-29,2021-03-29 05:00:00,2.0,2.0,7,2,0.2857142857142857
sp33,2021-03-29,2021-03-29 08:00:00,6.875,6.875,5,2,0.4
sp33,2021-03-29,2021-03-29 09:00:00,0.0,0.0,11,5,0.45454545454545453
sp33,2021-03-29,2021-03-29 10:00:00,0.0,0.0,2,1,0.5
sp33,2021-03-29,2021-03-29 11:00:00,,,1,0,0.0
sp33,2021-03-30,2021-03-30 03:00:00,,,3,0,0.0
sp33,2021-03-30,2021-03-30 05:00:00,,,1,0,0.0
sp33,2021-03-30,2021-03-30 06:00:00,46.5,46.5,3,1,0.3333333333333333
sp33,2021-03-30,2021-03-30 10:00:00,,,3,0,0.0
sp33,2021-03-30,2021-03-30 12:00:00,0.0,0.0,2,1,0.5
sp33,2021-03-30,2021-03-30 13:00:00,,,7,0,0.0
sp33,2021-03-30,2021-03-30 14:00:00,0.0,0.0,1,1,1.0
sp33,2021-03-31,2021-03-31 03:00:00,3.5,3.5,3,1,0.3333333333333333
sp33,2021-03-31,2021-03-31 04:00:00,,,1,0,0.0
sp33,2021-04-01,2021-04-01 01:00:00,0.0,0.0,3,1,0.3333333333333333
sp33,2021-04-01,2021-04-01 03:00:00,119.33333333333334,69.0,8,3,0.375
sp33,2021-04-01,2021-04-01 04:00:00,,,1,0,0.0
sp33,2021-04-01,2021-04-01 05:00:00,,,1,0,0.0
sp33,2021-04-01,2021-04-01 06:00:00,,,1,0,0.0
sp33,2021-04-01,2021-04-01 07:00:00,,,1,0,0.0
sp33,2021-04-01,2021-04-01 08:00:00,0.0,0.0,4,2,0.5
sp33,2021-04-01,2021-04-01 11:00:00,0.0,0.0,1,1,1.0
sp33,2021-04-01,2021-04-01 12:00:00,,,2,0,0.0
sp33,2021-04-01,2021-04-01 13:00:00,,,1,0,0.0
sp33,2021-04-01,2021-04-01 14:00:00,,,1,0,0.0
sp33,2021-04-01,2021-04-01 15:00:00,,,2,0,0.0
sp33,2021-04-02,2021-04-02 04:00:00,,,1,0,0.0
sp33,2021-04-02,2021-04-02 07:00:00,0.0,0.0,2,2,1.0
sp33,2021-04-02,2021-04-02 08:00:00,0.0,0.0,1,1,1.0
sp33,2021-04-02,2021-04-02 09:00:00,,,1,0,0.0
sp33,2021-04-02,2021-04-02 10:00:00,0.0,0.0,2,2,1.0
sp33,2021-04-02,2021-04-02 11:00:00,,,2,0,0.0
sp33,2021-04-02,2021-04-02 12:00:00,0.0,0.0,3,2,0.6666666666666666
sp33,2021-04-03,2021-04-03 07:00:00,0.0,0.0,5,1,0.2
sp33,2021-04-03,2021-04-03 08:00:00,0.0,0.0,12,1,0.08333333333333333
sp33,2021-04-03,2021-04-03 09:00:00,0.0,0.0,12,4,0.3333333333333333
sp33,2021-04-03,2021-04-03 10:00:00,0.0,0.0,10,4,0.4
sp33,2021-04-03,2021-04-03 11:00:00,0.0,0.0,10,4,0.4
sp33,2021-04-03,2021-04-03 12:00:00,0.0,0.0,9,3,0.3333333333333333
sp33,2021-04-03,2021-04-03 13:00:00,5.25,5.25,9,2,0.2222222222222222
sp33,2021-04-03,2021-04-03 14:00:00,91.66666666666669,91.66666666666669,2,1,0.5
sp33,2021-04-03,2021-04-03 15:00:00,0.0,0.0,1,1,1.0
sp33,2021-04-04,2021-04-04 03:00:00,0.0,0.0,3,1,0.3333333333333333
sp33,2021-04-04,2021-04-04 04:00:00,0.0,0.0,8,4,0.5
sp33,2021-04-04,2021-04-04 05:00:00,0.0,0.0,8,1,0.125
sp33,2021-04-04,2021-04-04 06:00:00,0.0,0.0,5,2,0.4
sp33,2021-04-04,2021-04-04 08:00:00,0.0,0.0,4,1,0.25
sp33,2021-04-04,2021-04-04 09:00:00,,,1,0,0.0
te43,2021-03-04,2021-03-04 06:00:00,,,3,0,0.0
te43,2021-03-04,2021-03-04 07:00:00,,,1,0,0.0
te43,2021-03-04,2021-03-04 08:00:00,,,4,0,0.0
te43,2021-03-04,2021-03-04 09:00:00,,,6,0,0.0
te43,2021-03-04,2021-03-04 10:00:00,,,6,0,0.0
te43,2021-03-04,2021-03-04 11:00:00,,,8,0,0.0
te43,2021-03-08,2021-03-08 01:00:00,231.0,231.0,6,4,0.6666666666666666
te43,2021-03-08,2021-03-08 02:00:00,0.0,0.0,6,2,0.3333333333333333
te43,2021-03-08,2021-03-08 03:00:00,57.0,57.0,11,7,0.6363636363636364
te43,2021-03-08,2021-03-08 04:00:00,0.0,0.0,8,7,0.875
te43,2021-03-08,2021-03-08 05:00:00,3.5,3.5,7,6,0.8571428571428571
te43,2021-03-08,2021-03-08 06:00:00,3.6666666666666665,3.6666666666666665,5,4,0.8
te43,2021-03-08,2021-03-08 07:00:00,0.0,0.0,7,1,0.14285714285714285
te43,2021-03-08,2021-03-08 08:00:00,0.0,0.0,4,1,0.25
te43,2021-03-08,2021-03-08 09:00:00,0.0,0.0,3,3,1.0
te43,2021-03-08,2021-03-08 10:00:00,0.0,0.0,4,3,0.75
te43,2021-03-08,2021-03-08 12:00:00,6.119047619047619,3.8333333333333335,2,2,1.0
te43,2021-03-08,2021-03-08 13:00:00,11.083333333333332,3.6666666666666665,9,4,0.4444444444444444
te43,2021-03-08,2021-03-08 14:00:00,0.0,0.0,10,5,0.5
te43,2021-03-08,2021-03-08 15:00:00,,,1,0,0.0
te43,2021-03-09,2021-03-09 02:00:00,,,6,0,0.0
te43,2021-03-10,2021-03-10 00:00:00,0.0,0.0,5,5,1.0
te43,2021-03-10,2021-03-10 01:00:00,,,5,0,0.0
te43,2021-03-10,2021-03-10 02:00:00,9.333333333333334,9.333333333333334,5,1,0.2
te43,2021-03-10,2021-03-10 03:00:00,15.318181818181818,13.5,8,5,0.625
te43,2021-03-10,2021-03-10 04:00:00,0.0,0.0,6,4,0.6666666666666666
te43,2021-03-10,2021-03-10 05:00:00,0.0,0.0,4,3,0.75
te43,2021-03-10,2021-03-10 06:00:00,0.0,0.0,2,2,1.0
te43,2021-03-10,2021-03-10 07:00:00,0.0,0.0,7,4,0.5714285714285714
te43,2021-03-10,2021-03-10 08:00:00,,,5,0,0.0
te43,2021-03-10,2021-03-10 09:00:00,,,7,0,0.0
te43,2021-03-10,2021-03-10 12:00:00,,,1,0,0.0
te43,2021-03-10,2021-03-10 13:00:00,,,7,0,0.0
te43,2021-03-10,2021-03-10 14:00:00,,,8,0,0.0
te43,2021-03-11,2021-03-11 00:00:00,,,2,0,0.0
te43,2021-03-11,2021-03-11 02:00:00,0.0,0.0,3,2,0.6666666666666666
te43,2021-03-11,2021-03-11 04:00:00,,,1,0,0.0
te43,2021-03-11,2021-03-11 09:00:00,,,1,0,0.0
te43,2021-03-11,2021-03-11 10:00:00,0.0,0.0,4,1,0.25
te43,2021-03-11,2021-03-11 22:00:00,0.0,0.0,3,2,0.6666666666666666
te43,2021-03-11,2021-03-11 23:00:00,2.5,2.5,6,4,0.6666666666666666
te43,2021-03-12,2021-03-12 00:00:00,,,2,0,0.0
te43,2021-03-12,2021-03-12 01:00:00,,,1,0,0.0
te43,2021-03-12,2021-03-12 02:00:00,0.0,0.0,9,4,0.4444444444444444
te43,2021-03-12,2021-03-12 04:00:00,0.0,0.0,2,1,0.5
te43,2021-03-12,2021-03-12 05:00:00,3.142857142857143,3.142857142857143,4,2,0.5
te43,2021-03-12,2021-03-12 06:00:00,0.0,0.0,11,3,0.2727272727272727
te43,2021-03-12,2021-03-12 07:00:00,0.0,0.0,11,1,0.09090909090909091
te43,2021-03-12,2021-03-12 08:00:00,0.0,0.0,8,1,0.125
te43,2021-03-12,2021-03-12 09:00:00,19.083333333333336,14.333333333333334,5,3,0.6
te43,2021-03-12,2021-03-12 10:00:00,0.0,0.0,4,3,0.75
te43,2021-03-12,2021-03-12 11:00:00,13.142857142857142,13.142857142857142,11,10,0.9090909090909091
te43,2021-03-12,2021-03-12 12:00:00,9.0,7.0,4,3,0.75
te43,2021-03-13,2021-03-13 00:00:00,4.333333333333333,4.333333333333333,8,7,0.875
te43,2021-03-13,2021-03-13 01:00:00,5.75,5.75,8,4,0.5
te43,2021-03-14,2021-03-14 02:00:00,0.0,0.0,6,6,1.0
te43,2021-03-14,2021-03-14 03:00:00,,,2,0,0.0
te43,2021-03-14,2021-03-14 06:00:00,,,1,0,0.0
te43,2021-03-14,2021-03-14 07:00:00,0.0,0.0,9,5,0.5555555555555556
te43,2021-03-14,2021-03-14 08:00:00,,,11,0,0.0
te43,2021-03-14,2021-03-14 09:00:00,0.0,0.0,10,3,0.3
te43,2021-03-14,2021-03-14 10:00:00,1.6666666666666667,1.6666666666666667,2,1,0.5
te43,2021-03-14,2021-03-14 11:00:00,0.0,0.0,4,2,0.5
te43,2021-03-14,2021-03-14 12:00:00,374.0,374.0,6,3,0.5
te43,2021-03-14,2021-03-14 13:00:00,6.230769230769231,4.0,7,4,0.5714285714285714
te43,2021-03-14,2021-03-14 14:00:00,1.8333333333333333,1.8333333333333333,6,6,1.0
te43,2021-03-15,2021-03-15 00:00:00,0.0,0.0,5,2,0.4
te43,2021-03-15,2021-03-15 01:00:00,0.0,0.0,10,2,0.2
te43,2021-03-15,2021-03-15 02:00:00,0.0,0.0,6,1,0.16666666666666666
te43,2021-03-15,2021-03-15 03:00:00,0.0,0.0,2,1,0.5
te43,2021-03-15,2021-03-15 04:00:00,0.0,0.0,6,3,0.5
te43,2021-03-15,2021-03-15 05:00:00,0.0,0.0,5,4,0.8
te43,2021-03-15,2021-03-15 06:00:00,0.0,0.0,5,4,0.8
te43,2021-03-15,2021-03-15 07:00:00,0.0,0.0,8,1,0.125
te43,2021-03-15,2021-03-15 08:00:00,3.4,3.4,5,5,1.0
te43,2021-03-15,2021-03-15 09:00:00,,,1,0,0.0
te43,2021-03-15,2021-03-15 10:00:00,0.0,0.0,1,1,1.0
te43,2021-03-16,2021-03-16 00:00:00,2.333333333333333,2.333333333333333,3,2,0.6666666666666666
te43,2021-03-16,2021-03-16 01:00:00,,,1,0,0.0
te43,2021-03-16,2021-03-16 02:00:00,,,2,0,0.0
te43,2021-03-16,2021-03-16 03:00:00,0.0,0.0,8,1,0.125
te43,2021-03-16,2021-03-16 04:00:00,0.0,0.0,8,4,0.5
te43,2021-03-16,2021-03-16 05:00:00,,,3,0,0.0
te43,2021-03-16,2021-03-16 06:00:00,0.0,0.0,7,4,0.5714285714285714
te43,2021-03-16,2021-03-16 07:00:00,2.0,2.0,2,2,1.0
te43,2021-03-16,2021-03-16 08:00:00,,,1,0,0.0
te43,2021-03-16,2021-03-16 09:00:00,,,1,0,0.0
te43,2021-03-16,2021-03-16 10:00:00,11.0,11.0,1,1,1.0
te43,2021-03-17,2021-03-17 00:00:00,0.0,0.0,2,2,1.0
te43,2021-03-17,2021-03-17 01:00:00,5.5,5.5,9,6,0.6666666666666666
te43,2021-03-17,2021-03-17 02:00:00,55.75,55.75,4,3,0.75
te43,2021-03-17,2021-03-17 03:00:00,1.0,1.0,4,2,0.5
te43,2021-03-17,2021-03-17 04:00:00,0.0,0.0,6,4,0.6666666666666666
te43,2021-03-17,2021-03-17 08:00:00,,,2,0,0.0
te43,2021-03-17,2021-03-17 10:00:00,,,5,0,0.0
te43,2021-03-17,2021-03-17 11:00:00,16.666666666666668,13.0,6,3,0.5
te43,2021-03-17,2021-03-17 12:00:00,,,2,0,0.0
te43,2021-03-18,2021-03-18 00:00:00,0.0,0.0,2,2,1.0
te43,2021-03-18,2021-03-18 02:00:00,,,2,0,0.0
te43,2021-03-18,2021-03-18 08:00:00,0.0,0.0,1,1,1.0
te43,2021-03-18,2021-03-18 09:00:00,0.0,0.0,6,3,0.5
te43,2021-03-18,2021-03-18 10:00:00,2.4,2.4,1,1,1.0
te43,2021-03-18,2021-03-18 12:00:00,5.5,5.5,4,4,1.0
te43,2021-03-18,2021-03-18 13:00:00,11.166666666666668,9.333333333333334,4,3,0.75
te43,2021-03-18,2021-03-18 14:00:00,0.0,0.0,8,7,0.875
te43,2021-03-19,2021-03-19 09:00:00,0.0,0.0,2,1,0.5
te43,2021-03-19,2021-03-19 10:00:00,0.0,0.0,1,1,1.0
te43,2021-03-19,2021-03-19 11:00:00,0.0,0.0,2,1,0.5
te43,2021-03-19,2021-03-19 12:00:00,0.0,0.0,2,1,0.5
te43,2021-03-19,2021-03-19 13:00:00,15.0,15.0,4,3,0.75
te43,2021-03-19,2021-03-19 14:00:00,0.0,0.0,4,1,0.25
te43,2021-03-19,2021-03-19 15:00:00,0.0,0.0,2,1,0.5
te43,2021-03-19,2021-03-19 16:00:00,0.0,0.0,5,2,0.4
te43,2021-03-19,2021-03-19 17:00:00,0.0,0.0,2,1,0.5
te43,2021-03-19,2021-03-19 18:00:00,0.0,0.0,4,1,0.25
te43,2021-03-20,2021-03-20 00:00:00,0.0,0.0,2,1,0.5
te43,2021-03-20,2021-03-20 01:00:00,0.0,0.0,4,2,0.5
te43,2021-03-20,2021-03-20 02:00:00,0.0,0.0,5,4,0.8
te43,2021-03-20,2021-03-20 03:00:00,,,5,0,0.0
te43,2021-03-20,2021-03-20 23:00:00,0.0,0.0,10,7,0.7
te43,2021-03-21,2021-03-21 00:00:00,0.0,0.0,12,1,0.08333333333333333
te43,2021-03-21,2021-03-21 01:00:00,0.0,0.0,12,4,0.3333333333333333
te43,2021-03-21,2021-03-21 02:00:00,12.444444444444445,8.777777777777779,7,3,0.42857142857142855
te43,2021-03-21,2021-03-21 03:00:00,3.333333333333333,3.333333333333333,3,3,1.0
te43,2021-03-21,2021-03-21 05:00:00,2.0,2.0,2,2,1.0
te43,2021-03-21,2021-03-21 06:00:00,0.0,0.0,3,2,0.6666666666666666
te43,2021-03-21,2021-03-21 07:00:00,4.0,4.0,9,9,1.0
te43,2021-03-21,2021-03-21 08:00:00,0.0,0.0,5,5,1.0
te43,2021-03-21,2021-03-21 09:00:00,34.0,34.0,1,1,1.0
te43,2021-03-21,2021-03-21 10:00:00,,,3,0,0.0
te43,2021-03-21,2021-03-21 12:00:00,26.00754716981132,23.8,3,3,1.0
te43,2021-03-21,2021-03-21 13:00:00,1.5454545454545454,1.5454545454545454,6,5,0.8333333333333334
te43,2021-03-21,2021-03-21 14:00:00,,,1,0,0.0
te43,2021-03-21,2021-03-21 23:00:00,4.5,4.5,1,1,1.0
te43,2021-03-22,2021-03-22 00:00:00,,,4,0,0.0
te43,2021-03-22,2021-03-22 01:00:00,0.0,0.0,7,2,0.2857142857142857
te43,2021-03-22,2021-03-22 02:00:00,,,2,0,0.0
te43,2021-03-22,2021-03-22 03:00:00,7.833333333333333,5.333333333333333,5,3,0.6
te43,2021-03-22,2021-03-22 04:00:00,0.0,0.0,2,2,1.0
te43,2021-03-22,2021-03-22 05:00:00,0.0,0.0,9,7,0.7777777777777778
te43,2021-03-22,2021-03-22 06:00:00,0.0,0.0,6,4,0.6666666666666666
te43,2021-03-22,2021-03-22 07:00:00,,,1,0,0.0
te43,2021-03-23,2021-03-23 00:00:00,1.2,1.2,4,3,0.75
te43,2021-03-23,2021-03-23 01:00:00,0.0,0.0,8,2,0.25
te43,2021-03-23,2021-03-23 02:00:00,16.666666666666668,16.666666666666668,5,3,0.6
te43,2021-03-23,2021-03-23 03:00:00,12.833333333333334,9.0,4,2,0.5
te43,2021-03-23,2021-03-23 04:00:00,5.0,5.0,5,3,0.6
te43,2021-03-23,2021-03-23 05:00:00,8.666666666666666,8.666666666666666,1,1,1.0
te43,2021-03-23,2021-03-23 07:00:00,0.0,0.0,5,3,0.6
te43,2021-03-24,2021-03-24 00:00:00,0.0,0.0,3,2,0.6666666666666666
te43,2021-03-24,2021-03-24 01:00:00,0.0,0.0,7,5,0.7142857142857143
te43,2021-03-24,2021-03-24 02:00:00,4.4,2.4,9,8,0.8888888888888888
te43,2021-03-24,2021-03-24 03:00:00,1.4642857142857142,1.4642857142857142,10,7,0.7
te43,2021-03-24,2021-03-24 04:00:00,3.5,3.5,11,9,0.8181818181818182
te43,2021-03-24,2021-03-24 05:00:00,2.631578947368421,2.631578947368421,7,4,0.5714285714285714
te43,2021-03-24,2021-03-24 06:00:00,0.0,0.0,4,2,0.5
te43,2021-03-24,2021-03-24 07:00:00,,,1,0,0.0
te43,2021-03-24,2021-03-24 08:00:00,0.0,0.0,1,1,1.0
te43,2021-03-24,2021-03-24 09:00:00,6.75,4.0,8,6,0.75
te43,2021-03-24,2021-03-24 10:00:00,0.0,0.0,9,1,0.1111111111111111
te43,2021-03-24,2021-03-24 11:00:00,0.0,0.0,9,1,0.1111111111111111
te43,2021-03-24,2021-03-24 12:00:00,171.5,171.5,4,2,0.5
te43,2021-03-24,2021-03-24 13:00:00,2.0,2.0,2,2,1.0
te43,2021-03-24,2021-03-24 23:00:00,6.333333333333333,6.333333333333333,1,1,1.0
te43,2021-03-25,2021-03-25 00:00:00,0.0,0.0,1,1,1.0
te43,2021-03-25,2021-03-25 03:00:00,3.083333333333333,3.083333333333333,2,1,0.5
te43,2021-03-25,2021-03-25 04:00:00,2.9285714285714284,2.9285714285714284,1,1,1.0
te43,2021-03-25,2021-03-25 05:00:00,2.5,2.5,6,3,0.5
te43,2021-03-25,2021-03-25 06:00:00,0.0,0.0,4,1,0.25
te43,2021-03-25,2021-03-25 07:00:00,11.0,11.0,6,2,0.3333333333333333
te43,2021-03-25,2021-03-25 08:00:00,0.0,0.0,2,1,0.5
te43,2021-03-25,2021-03-25 09:00:00,0.0,0.0,1,1,1.0
te43,2021-03-25,2021-03-25 10:00:00,3.333333333333333,3.333333333333333,7,4,0.5714285714285714
te43,2021-03-25,2021-03-25 11:00:00,8.666666666666666,3.6666666666666665,10,7,0.7
te43,2021-03-25,2021-03-25 12:00:00,0.0,0.0,7,7,1.0
te43,2021-03-25,2021-03-25 13:00:00,0.0,0.0,3,3,1.0
te43,2021-03-25,2021-03-25 14:00:00,2.571428571428572,2.571428571428572,2,2,1.0
te43,2021-03-26,2021-03-26 00:00:00,97.5,97.5,6,2,0.3333333333333333
te43,2021-03-26,2021-03-26 01:00:00,,,1,0,0.0
te43,2021-03-27,2021-03-27 01:00:00,3.25,3.25,3,3,1.0
te43,2021-03-27,2021-03-27 02:00:00,4.0,4.0,6,2,0.3333333333333333
te43,2021-03-27,2021-03-27 03:00:00,0.0,0.0,8,7,0.875
te43,2021-03-27,2021-03-27 04:00:00,4.666666666666667,4.666666666666667,2,2,1.0
te43,2021-03-27,2021-03-27 05:00:00,0.0,0.0,3,2,0.6666666666666666
te43,2021-03-27,2021-03-27 06:00:00,2.5,2.5,10,2,0.2
te43,2021-03-27,2021-03-27 07:00:00,0.0,0.0,5,1,0.2
te43,2021-03-27,2021-03-27 08:00:00,6.0,6.0,3,3,1.0
te43,2021-03-27,2021-03-27 09:00:00,0.0,0.0,5,1,0.2
te43,2021-03-27,2021-03-27 10:00:00,0.0,0.0,3,1,0.3333333333333333
te43,2021-03-27,2021-03-27 11:00:00,0.0,0.0,4,3,0.75
te43,2021-03-27,2021-03-27 12:00:00,,,3,0,0.0
te43,2021-03-27,2021-03-27 13:00:00,4.071428571428572,2.571428571428572,6,6,1.0
te43,2021-03-27,2021-03-27 14:00:00,,,1,0,0.0
te43,2021-03-27,2021-03-27 22:00:00,10.0,10.0,5,4,0.8
te43,2021-03-27,2021-03-27 23:00:00,0.0,0.0,10,7,0.7
te43,2021-03-28,2021-03-28 00:00:00,0.0,0.0,10,2,0.2
te43,2021-03-28,2021-03-28 01:00:00,0.0,0.0,12,1,0.08333333333333333
te43,2021-03-28,2021-03-28 02:00:00,0.0,0.0,10,1,0.1
te43,2021-03-28,2021-03-28 03:00:00,4.2,4.2,3,3,1.0
te43,2021-03-28,2021-03-28 04:00:00,13.0,13.0,5,2,0.4
te43,2021-03-28,2021-03-28 05:00:00,0.0,0.0,7,7,1.0
te43,2021-03-28,2021-03-28 06:00:00,0.0,0.0,4,1,0.25
te43,2021-03-28,2021-03-28 07:00:00,0.0,0.0,1,1,1.0
te43,2021-03-28,2021-03-28 09:00:00,5.2,5.2,2,1,0.5
te43,2021-03-28,2021-03-28 10:00:00,,,3,0,0.0
te43,2021-03-28,2021-03-28 11:00:00,,,5,0,0.0
te43,2021-03-28,2021-03-28 12:00:00,,,2,0,0.0
te43,2021-03-28,2021-03-28 13:00:00,45.0,45.0,3,2,0.6666666666666666
te43,2021-03-28,2021-03-28 14:00:00,0.0,0.0,3,1,0.3333333333333333
te43,2021-03-29,2021-03-29 00:00:00,2.4,2.4,3,3,1.0
te43,2021-03-29,2021-03-29 01:00:00,0.0,0.0,4,3,0.75
te43,2021-03-29,2021-03-29 02:00:00,5.9,3.4,3,3,1.0
te43,2021-03-29,2021-03-29 03:00:00,0.0,0.0,3,3,1.0
te43,2021-03-29,2021-03-29 04:00:00,0.0,0.0,2,1,0.5
te43,2021-03-29,2021-03-29 06:00:00,,,1,0,0.0
te43,2021-03-29,2021-03-29 08:00:00,0.0,0.0,1,1,1.0
te43,2021-03-29,2021-03-29 09:00:00,0.0,0.0,2,1,0.5
te43,2021-03-29,2021-03-29 10:00:00,0.0,0.0,8,8,1.0
te43,2021-03-29,2021-03-29 14:00:00,0.0,0.0,1,1,1.0
te43,2021-03-30,2021-03-30 00:00:00,0.0,0.0,1,1,1.0
te43,2021-03-30,2021-03-30 03:00:00,0.0,0.0,1,1,1.0
te43,2021-03-30,2021-03-30 07:00:00,0.0,0.0,2,1,0.5
te43,2021-03-30,2021-03-30 08:00:00,,,1,0,0.0
te43,2021-03-30,2021-03-30 14:00:00,0.0,0.0,4,4,1.0
te43,2021-03-30,2021-03-30 15:00:00,,,2,0,0.0
te43,2021-03-31,2021-03-31 00:00:00,0.0,0.0,5,2,0.4
te43,2021-03-31,2021-03-31 01:00:00,2.5,2.5,9,4,0.4444444444444444
te43,2021-03-31,2021-03-31 02:00:00,0.0,0.0,1,1,1.0
te43,2021-03-31,2021-03-31 04:00:00,26.75,26.75,8,5,0.625
te43,2021-03-31,2021-03-31 05:00:00,0.0,0.0,5,3,0.6
te43,2021-03-31,2021-03-31 06:00:00,0.0,0.0,4,2,0.5
te43,2021-03-31,2021-03-31 07:00:00,0.0,0.0,1,1,1.0
te43,2021-03-31,2021-03-31 08:00:00,5.5,5.5,3,2,0.6666666666666666
te43,2021-03-31,2021-03-31 10:00:00,11.666666666666666,10.0,8,6,0.75
te43,2021-03-31,2021-03-31 11:00:00,4.916666666666667,3.25,9,6,0.6666666666666666
te43,2021-03-31,2021-03-31 23:00:00,74.26923076923077,71.5,3,3,1.0
te43,2021-04-01,2021-04-01 00:00:00,23.5,23.5,5,2,0.4
te43,2021-04-01,2021-04-01 01:00:00,,,10,0,0.0
te43,2021-04-01,2021-04-01 02:00:00,,,4,0,0.0
te43,2021-04-01,2021-04-01 03:00:00,,,12,0,0.0
te43,2021-04-01,2021-04-01 04:00:00,,,9,0,0.0
te43,2021-04-01,2021-04-01 05:00:00,,,1,0,0.0
te43,2021-04-01,2021-04-01 06:00:00,,,2,0,0.0
te43,2021-04-01,2021-04-01 07:00:00,,,3,0,0.0
te43,2021-04-01,2021-04-01 08:00:00,,,4,0,0.0
te43,2021-04-01,2021-04-01 09:00:00,,,2,0,0.0
te43,2021-04-01,2021-04-01 11:00:00,,,2,0,0.0
te43,2021-04-01,2021-04-01 12:00:00,,,4,0,0.0
te43,2021-04-01,2021-04-01 13:00:00,,,1,0,0.0
te43,2021-04-01,2021-04-01 21:00:00,0.0,0.0,1,1,1.0
te43,2021-04-01,2021-04-01 22:00:00,0.0,0.0,4,4,1.0
te43,2021-04-01,2021-04-01 23:00:00,2.4285714285714284,2.4285714285714284,12,7,0.5833333333333334
te43,2021-04-02,2021-04-02 00:00:00,0.0,0.0,1,1,1.0
te43,2021-04-02,2021-04-02 01:00:00,0.0,0.0,5,2,0.4
te43,2021-04-02,2021-04-02 02:00:00,0.0,0.0,2,1,0.5
te43,2021-04-02,2021-04-02 03:00:00,3.75,3.75,3,3,1.0
te43,2021-04-02,2021-04-02 04:00:00,1.8571428571428568,1.8571428571428568,3,3,1.0
te43,2021-04-02,2021-04-02 05:00:00,,,2,0,0.0
te43,2021-04-02,2021-04-02 06:00:00,0.0,0.0,7,4,0.5714285714285714
te43,2021-04-02,2021-04-02 07:00:00,0.0,0.0,2,1,0.5
te43,2021-04-02,2021-04-02 10:00:00,3.0,3.0,2,1,0.5
te43,2021-04-02,2021-04-02 11:00:00,0.0,0.0,2,2,1.0
te43,2021-04-02,2021-04-02 12:00:00,3.4,3.4,5,3,0.6
te43,2021-04-02,2021-04-02 22:00:00,0.0,0.0,9,8,0.8888888888888888
te43,2021-04-02,2021-04-02 23:00:00,0.0,0.0,8,8,1.0
te43,2021-04-03,2021-04-03 00:00:00,0.0,0.0,12,1,0.08333333333333333
te43,2021-04-03,2021-04-03 01:00:00,25.0,25.0,12,2,0.16666666666666666
te43,2021-04-03,2021-04-03 02:00:00,0.0,0.0,3,3,1.0
te43,2021-04-03,2021-04-03 03:00:00,4.875,4.875,9,5,0.5555555555555556
te43,2021-04-03,2021-04-03 04:00:00,4.125,4.125,8,7,0.875
te43,2021-04-03,2021-04-03 05:00:00,27.0,25.5,8,5,0.625
te43,2021-04-03,2021-04-03 06:00:00,1.4545454545454546,1.4545454545454546,6,5,0.8333333333333334
te43,2021-04-03,2021-04-03 07:00:00,4.406593406593407,2.6923076923076925,7,7,1.0
te43,2021-04-03,2021-04-03 08:00:00,5.0,5.0,3,1,0.3333333333333333
te43,2021-04-03,2021-04-03 10:00:00,0.0,0.0,5,5,1.0
te43,2021-04-03,2021-04-03 11:00:00,3.333333333333333,3.333333333333333,5,3,0.6
te43,2021-04-03,2021-04-03 12:00:00,3.75,3.75,7,7,1.0
te43,2021-04-03,2021-04-03 13:00:00,0.0,0.0,4,2,0.5
te43,2021-04-04,2021-04-04 00:00:00,0.0,0.0,2,2,1.0
te43,2021-04-04,2021-04-04 01:00:00,2.5,2.5,10,10,1.0
te43,2021-04-04,2021-04-04 02:00:00,0.0,0.0,5,4,0.8
te43,2021-04-04,2021-04-04 03:00:00,5.5,5.5,1,1,1.0
te43,2021-04-04,2021-04-04 04:00:00,0.0,0.0,2,1,0.5
te43,2021-04-04,2021-04-04 05:00:00,0.0,0.0,6,1,0.16666666666666666
te43,2021-04-04,2021-04-04 06:00:00,0.0,0.0,3,3,1.0
te43,2021-04-04,2021-04-04 07:00:00,1.6666666666666667,1.6666666666666667,6,6,1.0
te43,2021-04-04,2021-04-04 08:00:00,0.0,0.0,12,1,0.08333333333333333
te43,2021-04-04,2021-04-04 09:00:00,2.75,2.75,11,3,0.2727272727272727
te43,2021-04-04,2021-04-04 10:00:00,0.0,0.0,9,8,0.8888888888888888
te43,2021-04-04,2021-04-04 11:00:00,20.6,20.6,5,3,0.6
te43,2021-04-04,2021-04-04 12:00:00,0.0,0.0,3,2,0.6666666666666666
te43,2021-04-04,2021-04-04 15:00:00,0.0,0.0,1,1,1.0
te43,2021-04-04,2021-04-04 16:00:00,0.0,0.0,1,1,1.0
ub12,2021-03-04,2021-03-04 06:00:00,,,7,0,0.0
ub12,2021-03-04,2021-03-04 07:00:00,,,8,0,0.0
ub12,2021-03-04,2021-03-04 08:00:00,,,2,0,0.0
ub12,2021-03-04,2021-03-04 10:00:00,,,1,0,0.0
ub12,2021-03-04,2021-03-04 13:00:00,,,1,0,0.0
ub12,2021-03-04,2021-03-04 16:00:00,,,2,0,0.0
ub12,2021-03-04,2021-03-04 17:00:00,,,10,0,0.0
ub12,2021-03-04,2021-03-04 18:00:00,,,11,0,0.0
ub12,2021-03-04,2021-03-04 19:00:00,,,12,0,0.0
ub12,2021-03-04,2021-03-04 20:00:00,,,10,0,0.0
ub12,2021-03-05,2021-03-05 00:00:00,,,4,0,0.0
ub12,2021-03-05,2021-03-05 01:00:00,,,5,0,0.0
ub12,2021-03-05,2021-03-05 03:00:00,,,3,0,0.0
ub12,2021-03-05,2021-03-05 04:00:00,,,4,0,0.0
ub12,2021-03-05,2021-03-05 05:00:00,,,9,0,0.0
ub12,2021-03-05,2021-03-05 06:00:00,,,8,0,0.0
ub12,2021-03-05,2021-03-05 07:00:00,,,8,0,0.0
ub12,2021-03-05,2021-03-05 09:00:00,,,3,0,0.0
ub12,2021-03-05,2021-03-05 10:00:00,,,3,0,0.0
ub12,2021-03-05,2021-03-05 11:00:00,,,5,0,0.0
ub12,2021-03-05,2021-03-05 12:00:00,,,3,0,0.0
ub12,2021-03-05,2021-03-05 13:00:00,,,6,0,0.0
ub12,2021-03-05,2021-03-05 14:00:00,,,5,0,0.0
ub12,2021-03-05,2021-03-05 15:00:00,,,5,0,0.0
ub12,2021-03-05,2021-03-05 22:00:00,,,4,0,0.0
ub12,2021-03-05,2021-03-05 23:00:00,,,9,0,0.0
ub12,2021-03-06,2021-03-06 00:00:00,,,11,0,0.0
ub12,2021-03-06,2021-03-06 01:00:00,,,2,0,0.0
ub12,2021-03-06,2021-03-06 02:00:00,,,4,0,0.0
ub12,2021-03-06,2021-03-06 03:00:00,,,3,0,0.0
ub12,2021-03-06,2021-03-06 04:00:00,,,4,0,0.0
ub12,2021-03-06,2021-03-06 05:00:00,,,3,0,0.0
ub12,2021-03-06,2021-03-06 06:00:00,,,10,0,0.0
ub12,2021-03-06,2021-03-06 07:00:00,,,1,0,0.0
ub12,2021-03-06,2021-03-06 08:00:00,,,1,0,0.0
ub12,2021-03-06,2021-03-06 09:00:00,,,2,0,0.0
ub12,2021-03-06,2021-03-06 10:00:00,,,6,0,0.0
ub12,2021-03-06,2021-03-06 11:00:00,,,10,0,0.0
ub12,2021-03-06,2021-03-06 12:00:00,,,7,0,0.0
ub12,2021-03-06,2021-03-06 13:00:00,,,7,0,0.0
ub12,2021-03-06,2021-03-06 14:00:00,,,8,0,0.0
ub12,2021-03-06,2021-03-06 15:00:00,,,4,0,0.0
ub12,2021-03-06,2021-03-06 16:00:00,,,6,0,0.0
ub12,2021-03-06,2021-03-06 23:00:00,,,1,0,0.0
ub12,2021-03-07,2021-03-07 00:00:00,,,10,0,0.0
ub12,2021-03-07,2021-03-07 01:00:00,,,9,0,0.0
ub12,2021-03-07,2021-03-07 02:00:00,,,10,0,0.0
ub12,2021-03-07,2021-03-07 03:00:00,,,5,0,0.0
ub12,2021-03-07,2021-03-07 04:00:00,,,9,0,0.0
ub12,2021-03-07,2021-03-07 05:00:00,,,4,0,0.0
ub12,2021-03-07,2021-03-07 06:00:00,,,3,0,0.0
ub12,2021-03-07,2021-03-07 07:00:00,,,4,0,0.0
ub12,2021-03-07,2021-03-07 09:00:00,,,2,0,0.0
ub12,2021-03-07,2021-03-07 10:00:00,,,4,0,0.0
ub12,2021-03-07,2021-03-07 11:00:00,,,4,0,0.0
ub12,2021-03-07,2021-03-07 12:00:00,,,4,0,0.0
ub12,2021-03-07,2021-03-07 13:00:00,,,2,0,0.0
ub12,2021-03-07,2021-03-07 14:00:00,,,3,0,0.0
ub12,2021-03-07,2021-03-07 22:00:00,0.0,0.0,5,4,0.8
ub12,2021-03-07,2021-03-07 23:00:00,0.0,0.0,8,3,0.375
ub12,2021-03-08,2021-03-08 00:00:00,0.0,0.0,7,3,0.42857142857142855
ub12,2021-03-08,2021-03-08 01:00:00,0.0,0.0,4,1,0.25
ub12,2021-03-08,2021-03-08 02:00:00,0.0,0.0,1,1,1.0
ub12,2021-03-08,2021-03-08 03:00:00,,,2,0,0.0
ub12,2021-03-08,2021-03-08 04:00:00,0.0,0.0,2,2,1.0
ub12,2021-03-08,2021-03-08 05:00:00,,,1,0,0.0
ub12,2021-03-08,2021-03-08 06:00:00,0.0,0.0,3,2,0.6666666666666666
ub12,2021-03-08,2021-03-08 07:00:00,0.0,0.0,5,2,0.4
ub12,2021-03-08,2021-03-08 09:00:00,0.0,0.0,4,1,0.25
ub12,2021-03-08,2021-03-08 10:00:00,0.0,0.0,7,3,0.42857142857142855
ub12,2021-03-08,2021-03-08 11:00:00,0.0,0.0,7,3,0.42857142857142855
ub12,2021-03-08,2021-03-08 12:00:00,0.0,0.0,4,1,0.25
ub12,2021-03-08,2021-03-08 13:00:00,13.714285714285714,13.714285714285714,5,3,0.6
ub12,2021-03-08,2021-03-08 14:00:00,14.5,8.0,8,6,0.75
ub12,2021-03-08,2021-03-08 15:00:00,0.0,0.0,4,2,0.5
ub12,2021-03-08,2021-03-08 23:00:00,0.0,0.0,4,3,0.75
ub12,2021-03-09,2021-03-09 00:00:00,0.0,0.0,6,4,0.6666666666666666
ub12,2021-03-09,2021-03-09 01:00:00,62.0,62.0,6,2,0.3333333333333333
ub12,2021-03-09,2021-03-09 02:00:00,0.0,0.0,3,3,1.0
ub12,2021-03-09,2021-03-09 03:00:00,,,4,0,0.0
ub12,2021-03-09,2021-03-09 04:00:00,0.0,0.0,4,3,0.75
ub12,2021-03-09,2021-03-09 05:00:00,0.0,0.0,6,2,0.3333333333333333
ub12,2021-03-09,2021-03-09 06:00:00,0.0,0.0,8,3,0.375
ub12,2021-03-09,2021-03-09 07:00:00,0.0,0.0,5,1,0.2
ub12,2021-03-09,2021-03-09 08:00:00,0.0,0.0,3,3,1.0
ub12,2021-03-09,2021-03-09 09:00:00,0.0,0.0,2,1,0.5
ub12,2021-03-09,2021-03-09 10:00:00,0.0,0.0,5,3,0.6
ub12,2021-03-09,2021-03-09 11:00:00,0.0,0.0,7,3,0.42857142857142855
ub12,2021-03-09,2021-03-09 12:00:00,0.0,0.0,10,2,0.2
ub12,2021-03-09,2021-03-09 13:00:00,0.0,0.0,5,3,0.6
ub12,2021-03-09,2021-03-09 14:00:00,,,1,0,0.0
ub12,2021-03-09,2021-03-09 15:00:00,,,2,0,0.0
ub12,2021-03-09,2021-03-09 22:00:00,0.0,0.0,4,3,0.75
ub12,2021-03-09,2021-03-09 23:00:00,6.0,6.0,6,5,0.8333333333333334
ub12,2021-03-10,2021-03-10 00:00:00,0.0,0.0,7,3,0.42857142857142855
ub12,2021-03-10,2021-03-10 01:00:00,0.0,0.0,4,2,0.5
ub12,2021-03-10,2021-03-10 02:00:00,0.0,0.0,1,1,1.0
ub12,2021-03-10,2021-03-10 03:00:00,0.0,0.0,1,1,1.0
ub12,2021-03-10,2021-03-10 04:00:00,0.0,0.0,5,1,0.2
ub12,2021-03-10,2021-03-10 05:00:00,0.0,0.0,8,3,0.375
ub12,2021-03-10,2021-03-10 06:00:00,0.0,0.0,4,3,0.75
ub12,2021-03-10,2021-03-10 07:00:00,0.0,0.0,5,2,0.4
ub12,2021-03-10,2021-03-10 08:00:00,0.0,0.0,6,1,0.16666666666666666
ub12,2021-03-10,2021-03-10 09:00:00,,,1,0,0.0
ub12,2021-03-10,2021-03-10 10:00:00,1.9,1.9,3,1,0.3333333333333333
ub12,2021-03-10,2021-03-10 11:00:00,0.0,0.0,4,3,0.75
ub12,2021-03-10,2021-03-10 12:00:00,0.0,0.0,4,1,0.25
ub12,2021-03-10,2021-03-10 14:00:00,,,4,0,0.0
ub12,2021-03-10,2021-03-10 15:00:00,0.0,0.0,2,1,0.5
ub12,2021-03-10,2021-03-10 16:00:00,,,2,0,0.0
ub12,2021-03-10,2021-03-10 22:00:00,0.0,0.0,9,6,0.6666666666666666
ub12,2021-03-10,2021-03-10 23:00:00,18.8,18.8,8,8,1.0
ub12,2021-03-11,2021-03-11 00:00:00,11.68421052631579,6.5,6,5,0.8333333333333334
ub12,2021-03-11,2021-03-11 01:00:00,,,4,0,0.0
ub12,2021-03-11,2021-03-11 02:00:00,0.0,0.0,3,1,0.3333333333333333
ub12,2021-03-11,2021-03-11 03:00:00,0.0,0.0,3,1,0.3333333333333333
ub12,2021-03-11,2021-03-11 04:00:00,2.5,2.5,5,2,0.4
ub12,2021-03-11,2021-03-11 05:00:00,,,1,0,0.0
ub12,2021-03-11,2021-03-11 06:00:00,0.0,0.0,1,1,1.0
ub12,2021-03-11,2021-03-11 07:00:00,,,2,0,0.0
ub12,2021-03-11,2021-03-11 09:00:00,0.0,0.0,7,3,0.42857142857142855
ub12,2021-03-11,2021-03-11 10:00:00,0.0,0.0,2,2,1.0
ub12,2021-03-11,2021-03-11 12:00:00,5.4,4.0,3,2,0.6666666666666666
ub12,2021-03-11,2021-03-11 14:00:00,0.0,0.0,1,1,1.0
ub12,2021-03-11,2021-03-11 15:00:00,0.0,0.0,5,1,0.2
ub12,2021-03-11,2021-03-11 16:00:00,,,5,0,0.0
ub12,2021-03-11,2021-03-11 23:00:00,0.0,0.0,4,3,0.75
ub12,2021-03-12,2021-03-12 00:00:00,0.0,0.0,7,5,0.7142857142857143
ub12,2021-03-12,2021-03-12 03:00:00,0.0,0.0,1,1,1.0
ub12,2021-03-12,2021-03-12 04:00:00,0.0,0.0,7,2,0.2857142857142857
ub12,2021-03-12,2021-03-12 05:00:00,0.0,0.0,5,1,0.2
ub12,2021-03-12,2021-03-12 08:00:00,,,1,0,0.0
ub12,2021-03-12,2021-03-12 09:00:00,,,1,0,0.0
ub12,2021-03-12,2021-03-12 10:00:00,,,1,0,0.0
ub12,2021-03-12,2021-03-12 11:00:00,,,1,0,0.0
ub12,2021-03-12,2021-03-12 13:00:00,,,1,0,0.0
ub12,2021-03-12,2021-03-12 14:00:00,,,6,0,0.0
ub12,2021-03-12,2021-03-12 15:00:00,,,3,0,0.0
ub12,2021-03-12,2021-03-12 23:00:00,0.0,0.0,4,3,0.75
ub12,2021-03-13,2021-03-13 00:00:00,0.0,0.0,6,2,0.3333333333333333
ub12,2021-03-13,2021-03-13 01:00:00,0.0,0.0,10,7,0.7
ub12,2021-03-13,2021-03-13 02:00:00,0.0,0.0,8,7,0.875
ub12,2021-03-13,2021-03-13 03:00:00,0.0,0.0,3,2,0.6666666666666666
ub12,2021-03-13,2021-03-13 08:00:00,,,1,0,0.0
ub12,2021-03-13,2021-03-13 09:00:00,4.75,4.75,4,2,0.5
ub12,2021-03-13,2021-03-13 10:00:00,0.0,0.0,5,5,1.0
ub12,2021-03-13,2021-03-13 12:00:00,5.5,5.5,5,5,1.0
ub12,2021-03-13,2021-03-13 13:00:00,37.25,34.5,4,3,0.75
ub12,2021-03-13,2021-03-13 14:00:00,0.0,0.0,8,3,0.375
ub12,2021-03-13,2021-03-13 15:00:00,0.0,0.0,9,3,0.3333333333333333
ub12,2021-03-13,2021-03-13 16:00:00,0.0,0.0,8,1,0.125
ub12,2021-03-13,2021-03-13 23:00:00,0.0,0.0,8,1,0.125
ub12,2021-03-14,2021-03-14 00:00:00,0.0,0.0,7,6,0.8571428571428571
ub12,2021-03-14,2021-03-14 01:00:00,0.0,0.0,4,1,0.25
ub12,2021-03-14,2021-03-14 02:00:00,0.0,0.0,6,3,0.5
ub12,2021-03-14,2021-03-14 03:00:00,5.5,5.5,4,2,0.5
ub12,2021-03-14,2021-03-14 04:00:00,0.0,0.0,9,7,0.7777777777777778
ub12,2021-03-14,2021-03-14 05:00:00,26.5,26.5,12,4,0.3333333333333333
ub12,2021-03-14,2021-03-14 06:00:00,5.95,4.2,10,7,0.7
ub12,2021-03-14,2021-03-14 07:00:00,7.666666666666666,4.0,10,7,0.7
ub12,2021-03-14,2021-03-14 08:00:00,0.0,0.0,5,1,0.2
ub12,2021-03-14,2021-03-14 09:00:00,,,1,0,0.0
ub12,2021-03-14,2021-03-14 10:00:00,0.0,0.0,3,1,0.3333333333333333
ub12,2021-03-14,2021-03-14 11:00:00,0.0,0.0,5,3,0.6
ub12,2021-03-14,2021-03-14 12:00:00,0.0,0.0,3,1,0.3333333333333333
ub12,2021-03-14,2021-03-14 13:00:00,0.0,0.0,6,4,0.6666666666666666
ub12,2021-03-14,2021-03-14 14:00:00,0.0,0.0,9,3,0.3333333333333333
ub12,2021-03-14,2021-03-14 15:00:00,0.0,0.0,3,2,0.6666666666666666
ub12,2021-03-14,2021-03-14 16:00:00,,,2,0,0.0
ub12,2021-03-14,2021-03-14 22:00:00,0.0,0.0,2,2,1.0
ub12,2021-03-14,2021-03-14 23:00:00,2.5,2.5,12,7,0.5833333333333334
ub12,2021-03-15,2021-03-15 00:00:00,0.0,0.0,11,7,0.6363636363636364
ub12,2021-03-15,2021-03-15 01:00:00,0.0,0.0,4,2,0.5
ub12,2021-03-15,2021-03-15 02:00:00,5.166666666666667,5.166666666666667,7,3,0.42857142857142855
ub12,2021-03-15,2021-03-15 03:00:00,0.0,0.0,8,5,0.625
ub12,2021-03-15,2021-03-15 04:00:00,0.0,0.0,12,2,0.16666666666666666
ub12,2021-03-15,2021-03-15 05:00:00,0.0,0.0,6,1,0.16666666666666666
ub12,2021-03-15,2021-03-15 06:00:00,0.0,0.0,4,3,0.75
ub12,2021-03-15,2021-03-15 07:00:00,0.0,0.0,5,1,0.2
ub12,2021-03-15,2021-03-15 08:00:00,,,3,0,0.0
ub12,2021-03-15,2021-03-15 09:00:00,0.0,0.0,2,2,1.0
ub12,2021-03-15,2021-03-15 10:00:00,0.0,0.0,3,2,0.6666666666666666
ub12,2021-03-15,2021-03-15 11:00:00,0.0,0.0,2,1,0.5
ub12,2021-03-15,2021-03-15 12:00:00,0.0,0.0,6,2,0.3333333333333333
ub12,2021-03-15,2021-03-15 13:00:00,0.0,0.0,3,3,1.0
ub12,2021-03-15,2021-03-15 14:00:00,0.0,0.0,6,5,0.8333333333333334
ub12,2021-03-15,2021-03-15 15:00:00,0.0,0.0,5,2,0.4
ub12,2021-03-15,2021-03-15 16:00:00,0.0,0.0,6,5,0.8333333333333334
ub12,2021-03-15,2021-03-15 17:00:00,,,2,0,0.0
ub12,2021-03-15,2021-03-15 23:00:00,0.0,0.0,5,3,0.6
ub12,2021-03-16,2021-03-16 00:00:00,0.0,0.0,4,3,0.75
ub12,2021-03-16,2021-03-16 01:00:00,0.0,0.0,4,2,0.5
ub12,2021-03-16,2021-03-16 02:00:00,0.0,0.0,5,2,0.4
ub12,2021-03-16,2021-03-16 03:00:00,198.5,198.5,9,2,0.2222222222222222
ub12,2021-03-16,2021-03-16 04:00:00,8.9,7.4,9,7,0.7777777777777778
ub12,2021-03-16,2021-03-16 05:00:00,0.0,0.0,7,2,0.2857142857142857
ub12,2021-03-16,2021-03-16 06:00:00,0.0,0.0,4,3,0.75
ub12,2021-03-16,2021-03-16 07:00:00,0.0,0.0,2,1,0.5
ub12,2021-03-16,2021-03-16 08:00:00,,,8,0,0.0
ub12,2021-03-16,2021-03-16 09:00:00,,,4,0,0.0
ub12,2021-03-16,2021-03-16 10:00:00,,,1,0,0.0
ub12,2021-03-16,2021-03-16 11:00:00,4.5,4.5,5,3,0.6
ub12,2021-03-16,2021-03-16 12:00:00,0.0,0.0,6,3,0.5
ub12,2021-03-16,2021-03-16 13:00:00,0.0,0.0,1,1,1.0
ub12,2021-03-16,2021-03-16 14:00:00,0.0,0.0,3,2,0.6666666666666666
ub12,2021-03-16,2021-03-16 15:00:00,,,2,0,0.0
ub12,2021-03-16,2021-03-16 16:00:00,,,2,0,0.0
ub12,2021-03-16,2021-03-16 22:00:00,0.0,0.0,5,4,0.8
ub12,2021-03-16,2021-03-16 23:00:00,1.6666666666666667,1.6666666666666667,11,8,0.7272727272727273
ub12,2021-03-17,2021-03-17 00:00:00,0.0,0.0,11,8,0.7272727272727273
ub12,2021-03-17,2021-03-17 01:00:00,0.0,0.0,8,5,0.625
ub12,2021-03-17,2021-03-17 02:00:00,0.0,0.0,2,1,0.5
ub12,2021-03-17,2021-03-17 03:00:00,0.0,0.0,5,2,0.4
ub12,2021-03-17,2021-03-17 04:00:00,0.0,0.0,7,4,0.5714285714285714
ub12,2021-03-17,2021-03-17 05:00:00,2.5,2.5,9,1,0.1111111111111111
ub12,2021-03-17,2021-03-17 06:00:00,0.0,0.0,11,1,0.09090909090909091
ub12,2021-03-17,2021-03-17 07:00:00,0.0,0.0,7,6,0.8571428571428571
ub12,2021-03-17,2021-03-17 08:00:00,0.0,0.0,2,2,1.0
ub12,2021-03-17,2021-03-17 09:00:00,,,3,0,0.0
ub12,2021-03-17,2021-03-17 10:00:00,0.0,0.0,3,1,0.3333333333333333
ub12,2021-03-17,2021-03-17 11:00:00,0.0,0.0,7,3,0.42857142857142855
ub12,2021-03-17,2021-03-17 12:00:00,0.0,0.0,6,3,0.5
ub12,2021-03-17,2021-03-17 13:00:00,,,3,0,0.0
ub12,2021-03-17,2021-03-17 14:00:00,0.0,0.0,5,2,0.4
ub12,2021-03-17,2021-03-17 15:00:00,0.0,0.0,4,1,0.25
ub12,2021-03-17,2021-03-17 16:00:00,,,2,0,0.0
ub12,2021-03-17,2021-03-17 22:00:00,0.0,0.0,1,1,1.0
ub12,2021-03-17,2021-03-17 23:00:00,2.8,2.8,9,6,0.6666666666666666
ub12,2021-03-18,2021-03-18 00:00:00,0.0,0.0,9,7,0.7777777777777778
ub12,2021-03-18,2021-03-18 01:00:00,0.0,0.0,6,2,0.3333333333333333
ub12,2021-03-18,2021-03-18 02:00:00,12.666666666666666,12.666666666666666,3,1,0.3333333333333333
ub12,2021-03-18,2021-03-18 03:00:00,32.0,32.0,7,3,0.42857142857142855
ub12,2021-03-18,2021-03-18 04:00:00,0.0,0.0,5,1,0.2
ub12,2021-03-18,2021-03-18 05:00:00,0.0,0.0,5,3,0.6
ub12,2021-03-18,2021-03-18 06:00:00,0.0,0.0,7,2,0.2857142857142857
ub12,2021-03-18,2021-03-18 07:00:00,0.0,0.0,4,3,0.75
ub12,2021-03-18,2021-03-18 08:00:00,0.0,0.0,1,1,1.0
ub12,2021-03-18,2021-03-18 10:00:00,0.0,0.0,3,3,1.0
ub12,2021-03-18,2021-03-18 11:00:00,0.0,0.0,4,1,0.25
ub12,2021-03-18,2021-03-18 12:00:00,0.0,0.0,4,2,0.5
ub12,2021-03-18,2021-03-18 13:00:00,,,4,0,0.0
ub12,2021-03-18,2021-03-18 14:00:00,0.0,0.0,7,4,0.5714285714285714
ub12,2021-03-18,2021-03-18 15:00:00,0.0,0.0,3,2,0.6666666666666666
ub12,2021-03-18,2021-03-18 16:00:00,,,2,0,0.0
ub12,2021-03-18,2021-03-18 23:00:00,0.0,0.0,6,4,0.6666666666666666
ub12,2021-03-19,2021-03-19 00:00:00,2.0,2.0,3,1,0.3333333333333333
ub12,2021-03-19,2021-03-19 02:00:00,10.0,10.0,2,1,0.5
ub12,2021-03-19,2021-03-19 03:00:00,3.555555555555556,3.555555555555556,7,6,0.8571428571428571
ub12,2021-03-19,2021-03-19 04:00:00,,,2,0,0.0
ub12,2021-03-19,2021-03-19 05:00:00,0.0,0.0,1,1,1.0
ub12,2021-03-19,2021-03-19 07:00:00,0.0,0.0,3,3,1.0
ub12,2021-03-19,2021-03-19 08:00:00,0.0,0.0,7,1,0.14285714285714285
ub12,2021-03-19,2021-03-19 09:00:00,,,1,0,0.0
ub12,2021-03-19,2021-03-19 11:00:00,0.0,0.0,4,2,0.5
ub12,2021-03-19,2021-03-19 12:00:00,0.0,0.0,11,8,0.7272727272727273
ub12,2021-03-19,2021-03-19 13:00:00,21.0,21.0,11,7,0.6363636363636364
ub12,2021-03-19,2021-03-19 14:00:00,6.0,6.0,9,5,0.5555555555555556
ub12,2021-03-19,2021-03-19 15:00:00,0.0,0.0,9,3,0.3333333333333333
ub12,2021-03-19,2021-03-19 16:00:00,0.0,0.0,4,1,0.25
ub12,2021-03-19,2021-03-19 17:00:00,0.0,0.0,6,3,0.5
ub12,2021-03-19,2021-03-19 18:00:00,,,3,0,0.0
ub12,2021-03-20,2021-03-20 00:00:00,0.0,0.0,4,1,0.25
ub12,2021-03-20,2021-03-20 01:00:00,0.0,0.0,8,1,0.125
ub12,2021-03-20,2021-03-20 02:00:00,,,11,0,0.0
ub12,2021-03-20,2021-03-20 03:00:00,,,10,0,0.0
ub12,2021-03-20,2021-03-20 04:00:00,,,7,0,0.0
ub12,2021-03-20,2021-03-20 05:00:00,2.5,2.5,2,1,0.5
ub12,2021-03-20,2021-03-20 06:00:00,0.0,0.0,9,4,0.4444444444444444
ub12,2021-03-20,2021-03-20 07:00:00,19.166666666666668,19.166666666666668,10,8,0.8
ub12,2021-03-20,2021-03-20 08:00:00,,,2,0,0.0
ub12,2021-03-20,2021-03-20 09:00:00,0.0,0.0,3,2,0.6666666666666666
ub12,2021-03-20,2021-03-20 10:00:00,337.0,337.0,1,1,1.0
ub12,2021-03-20,2021-03-20 11:00:00,4.642857142857143,4.642857142857143,3,3,1.0
ub12,2021-03-20,2021-03-20 12:00:00,4.3076923076923075,2.3076923076923075,10,9,0.9
ub12,2021-03-20,2021-03-20 13:00:00,12.5,12.5,10,9,0.9
ub12,2021-03-20,2021-03-20 15:00:00,0.0,0.0,4,2,0.5
ub12,2021-03-20,2021-03-20 16:00:00,0.0,0.0,6,1,0.16666666666666666
ub12,2021-03-20,2021-03-20 23:00:00,0.0,0.0,6,1,0.16666666666666666
ub12,2021-03-21,2021-03-21 00:00:00,0.0,0.0,6,4,0.6666666666666666
ub12,2021-03-21,2021-03-21 01:00:00,,,1,0,0.0
ub12,2021-03-21,2021-03-21 02:00:00,25.0,25.0,2,1,0.5
ub12,2021-03-21,2021-03-21 03:00:00,0.0,0.0,9,1,0.1111111111111111
ub12,2021-03-21,2021-03-21 04:00:00,0.0,0.0,3,1,0.3333333333333333
ub12,2021-03-21,2021-03-21 05:00:00,,,1,0,0.0
ub12,2021-03-21,2021-03-21 06:00:00,,,3,0,0.0
ub12,2021-03-21,2021-03-21 07:00:00,0.0,0.0,1,1,1.0
ub12,2021-03-21,2021-03-21 08:00:00,0.0,0.0,3,3,1.0
ub12,2021-03-21,2021-03-21 09:00:00,0.0,0.0,5,1,0.2
ub12,2021-03-21,2021-03-21 10:00:00,0.0,0.0,6,1,0.16666666666666666
ub12,2021-03-21,2021-03-21 11:00:00,0.0,0.0,6,2,0.3333333333333333
ub12,2021-03-21,2021-03-21 12:00:00,2.8,2.8,6,4,0.6666666666666666
ub12,2021-03-21,2021-03-21 13:00:00,0.5,0.5,7,1,0.14285714285714285
ub12,2021-03-21,2021-03-21 14:00:00,0.0,0.0,3,3,1.0
ub12,2021-03-21,2021-03-21 15:00:00,21.0,21.0,6,5,0.8333333333333334
ub12,2021-03-21,2021-03-21 16:00:00,,,3,0,0.0
ub12,2021-03-21,2021-03-21 23:00:00,0.0,0.0,3,1,0.3333333333333333
ub12,2021-03-22,2021-03-22 00:00:00,0.0,0.0,7,5,0.7142857142857143
ub12,2021-03-22,2021-03-22 01:00:00,0.0,0.0,4,3,0.75
ub12,2021-03-22,2021-03-22 02:00:00,0.0,0.0,4,1,0.25
ub12,2021-03-22,2021-03-22 03:00:00,,,1,0,0.0
ub12,2021-03-22,2021-03-22 04:00:00,0.0,0.0,10,7,0.7
ub12,2021-03-22,2021-03-22 05:00:00,0.0,0.0,6,4,0.6666666666666666
ub12,2021-03-22,2021-03-22 06:00:00,0.0,0.0,9,2,0.2222222222222222
ub12,2021-03-22,2021-03-22 07:00:00,2.6,2.6,7,3,0.42857142857142855
ub12,2021-03-22,2021-03-22 08:00:00,0.0,0.0,5,2,0.4
ub12,2021-03-22,2021-03-22 09:00:00,0.0,0.0,3,2,0.6666666666666666
ub12,2021-03-22,2021-03-22 10:00:00,5.333333333333333,5.333333333333333,6,3,0.5
ub12,2021-03-22,2021-03-22 11:00:00,0.0,0.0,5,1,0.2
ub12,2021-03-22,2021-03-22 12:00:00,2.0,2.0,2,2,1.0
ub12,2021-03-22,2021-03-22 13:00:00,0.0,0.0,3,2,0.6666666666666666
ub12,2021-03-22,2021-03-22 14:00:00,0.0,0.0,6,1,0.16666666666666666
ub12,2021-03-22,2021-03-22 15:00:00,0.0,0.0,10,1,0.1
ub12,2021-03-22,2021-03-22 16:00:00,,,1,0,0.0
ub12,2021-03-22,2021-03-22 22:00:00,0.0,0.0,4,3,0.75
ub12,2021-03-22,2021-03-22 23:00:00,0.0,0.0,9,1,0.1111111111111111
ub12,2021-03-23,2021-03-23 00:00:00,0.0,0.0,10,1,0.1
ub12,2021-03-23,2021-03-23 01:00:00,0.0,0.0,5,5,1.0
ub12,2021-03-23,2021-03-23 02:00:00,39.833333333333336,39.833333333333336,4,2,0.5
ub12,2021-03-23,2021-03-23 03:00:00,0.0,0.0,3,2,0.6666666666666666
ub12,2021-03-23,2021-03-23 04:00:00,0.0,0.0,3,2,0.6666666666666666
ub12,2021-03-23,2021-03-23 05:00:00,0.0,0.0,6,4,0.6666666666666666
ub12,2021-03-23,2021-03-23 06:00:00,0.0,0.0,9,4,0.4444444444444444
ub12,2021-03-23,2021-03-23 07:00:00,0.0,0.0,4,4,1.0
ub12,2021-03-23,2021-03-23 08:00:00,,,8,0,0.0
ub12,2021-03-23,2021-03-23 09:00:00,,,1,0,0.0
ub12,2021-03-23,2021-03-23 10:00:00,1.6666666666666667,1.6666666666666667,1,1,1.0
ub12,2021-03-23,2021-03-23 11:00:00,0.0,0.0,5,3,0.6
ub12,2021-03-23,2021-03-23 12:00:00,0.0,0.0,3,2,0.6666666666666666
ub12,2021-03-23,2021-03-23 13:00:00,0.0,0.0,4,4,1.0
ub12,2021-03-23,2021-03-23 14:00:00,0.0,0.0,3,1,0.3333333333333333
ub12,2021-03-23,2021-03-23 15:00:00,0.0,0.0,6,6,1.0
ub12,2021-03-23,2021-03-23 16:00:00,0.0,0.0,5,3,0.6
ub12,2021-03-23,2021-03-23 23:00:00,0.0,0.0,3,2,0.6666666666666666
ub12,2021-03-24,2021-03-24 00:00:00,0.0,0.0,6,3,0.5
ub12,2021-03-24,2021-03-24 01:00:00,2.2,2.2,8,3,0.375
ub12,2021-03-24,2021-03-24 02:00:00,16.0,13.333333333333334,6,2,0.3333333333333333
ub12,2021-03-24,2021-03-24 03:00:00,7.2,7.2,2,1,0.5
ub12,2021-03-24,2021-03-24 04:00:00,0.0,0.0,5,1,0.2
ub12,2021-03-24,2021-03-24 05:00:00,0.0,0.0,6,2,0.3333333333333333
ub12,2021-03-24,2021-03-24 06:00:00,0.0,0.0,8,4,0.5
ub12,2021-03-24,2021-03-24 07:00:00,0.0,0.0,9,1,0.1111111111111111
ub12,2021-03-24,2021-03-24 08:00:00,0.0,0.0,4,2,0.5
ub12,2021-03-24,2021-03-24 10:00:00,0.0,0.0,5,1,0.2
ub12,2021-03-24,2021-03-24 11:00:00,0.0,0.0,3,2,0.6666666666666666
ub12,2021-03-24,2021-03-24 12:00:00,6.975,4.375,6,3,0.5
ub12,2021-03-24,2021-03-24 13:00:00,0.0,0.0,10,1,0.1
ub12,2021-03-24,2021-03-24 14:00:00,0.0,0.0,6,3,0.5
ub12,2021-03-24,2021-03-24 15:00:00,0.0,0.0,6,1,0.16666666666666666
ub12,2021-03-25,2021-03-25 00:00:00,0.0,0.0,3,1,0.3333333333333333
ub12,2021-03-25,2021-03-25 01:00:00,0.0,0.0,4,1,0.25
ub12,2021-03-25,2021-03-25 02:00:00,,,2,0,0.0
ub12,2021-03-25,2021-03-25 03:00:00,0.0,0.0,3,1,0.3333333333333333
ub12,2021-03-25,2021-03-25 04:00:00,0.0,0.0,9,6,0.6666666666666666
ub12,2021-03-25,2021-03-25 05:00:00,0.0,0.0,10,2,0.2
ub12,2021-03-25,2021-03-25 06:00:00,0.0,0.0,7,2,0.2857142857142857
ub12,2021-03-25,2021-03-25 07:00:00,0.0,0.0,7,4,0.5714285714285714
ub12,2021-03-25,2021-03-25 08:00:00,0.0,0.0,8,1,0.125
ub12,2021-03-25,2021-03-25 09:00:00,0.0,0.0,3,3,1.0
ub12,2021-03-25,2021-03-25 10:00:00,0.0,0.0,6,3,0.5
ub12,2021-03-25,2021-03-25 11:00:00,14.25,14.25,3,1,0.3333333333333333
ub12,2021-03-25,2021-03-25 12:00:00,0.0,0.0,1,1,1.0
ub12,2021-03-25,2021-03-25 13:00:00,3.333333333333333,3.333333333333333,3,2,0.6666666666666666
ub12,2021-03-25,2021-03-25 14:00:00,0.0,0.0,3,3,1.0
ub12,2021-03-25,2021-03-25 15:00:00,0.0,0.0,9,3,0.3333333333333333
ub12,2021-03-25,2021-03-25 16:00:00,0.0,0.0,2,2,1.0
ub12,2021-03-25,2021-03-25 21:00:00,0.0,0.0,3,1,0.3333333333333333
ub12,2021-03-25,2021-03-25 22:00:00,0.0,0.0,10,4,0.4
ub12,2021-03-25,2021-03-25 23:00:00,0.0,0.0,6,5,0.8333333333333334
ub12,2021-03-26,2021-03-26 04:00:00,,,5,0,0.0
ub12,2021-03-26,2021-03-26 06:00:00,,,1,0,0.0
ub12,2021-03-26,2021-03-26 08:00:00,0.0,0.0,3,1,0.3333333333333333
ub12,2021-03-26,2021-03-26 09:00:00,0.0,0.0,5,4,0.8
ub12,2021-03-26,2021-03-26 10:00:00,,,1,0,0.0
ub12,2021-03-26,2021-03-26 12:00:00,0.0,0.0,5,2,0.4
ub12,2021-03-26,2021-03-26 13:00:00,,,2,0,0.0
ub12,2021-03-26,2021-03-26 14:00:00,,,4,0,0.0
ub12,2021-03-26,2021-03-26 15:00:00,,,5,0,0.0
ub12,2021-03-26,2021-03-26 21:00:00,0.0,0.0,4,1,0.25
ub12,2021-03-26,2021-03-26 22:00:00,,,6,0,0.0
ub12,2021-03-26,2021-03-26 23:00:00,0.0,0.0,12,1,0.08333333333333333
ub12,2021-03-27,2021-03-27 00:00:00,0.0,0.0,9,2,0.2222222222222222
ub12,2021-03-27,2021-03-27 01:00:00,,,3,0,0.0
ub12,2021-03-27,2021-03-27 02:00:00,,,1,0,0.0
ub12,2021-03-27,2021-03-27 03:00:00,,,1,0,0.0
ub12,2021-03-27,2021-03-27 04:00:00,,,2,0,0.0
ub12,2021-03-27,2021-03-27 05:00:00,,,3,0,0.0
ub12,2021-03-27,2021-03-27 06:00:00,,,1,0,0.0
ub12,2021-03-27,2021-03-27 07:00:00,,,4,0,0.0
ub12,2021-03-27,2021-03-27 10:00:00,2.0,2.0,1,1,1.0
ub12,2021-03-27,2021-03-27 11:00:00,0.0,0.0,3,1,0.3333333333333333
ub12,2021-03-27,2021-03-27 12:00:00,,,11,0,0.0
ub12,2021-03-27,2021-03-27 13:00:00,,,1,0,0.0
ub12,2021-03-27,2021-03-27 14:00:00,5.0,5.0,2,1,0.5
ub12,2021-03-27,2021-03-27 15:00:00,0.0,0.0,4,1,0.25
ub12,2021-03-27,2021-03-27 16:00:00,0.0,0.0,1,1,1.0
ub12,2021-03-27,2021-03-27 23:00:00,0.0,0.0,8,4,0.5
ub12,2021-03-28,2021-03-28 00:00:00,0.0,0.0,6,4,0.6666666666666666
ub12,2021-03-28,2021-03-28 01:00:00,0.0,0.0,4,2,0.5
ub12,2021-03-28,2021-03-28 02:00:00,0.0,0.0,3,1,0.3333333333333333
ub12,2021-03-28,2021-03-28 03:00:00,,,1,0,0.0
ub12,2021-03-28,2021-03-28 04:00:00,0.0,0.0,2,1,0.5
ub12,2021-03-28,2021-03-28 05:00:00,0.0,0.0,2,1,0.5
ub12,2021-03-28,2021-03-28 06:00:00,10.333333333333334,10.333333333333334,6,5,0.8333333333333334
ub12,2021-03-28,2021-03-28 07:00:00,0.0,0.0,8,6,0.75
ub12,2021-03-28,2021-03-28 08:00:00,18.6,15.8,7,3,0.42857142857142855
ub12,2021-03-28,2021-03-28 09:00:00,39.0,39.0,11,5,0.45454545454545453
ub12,2021-03-28,2021-03-28 10:00:00,0.0,0.0,4,1,0.25
ub12,2021-03-28,2021-03-28 11:00:00,0.0,0.0,5,2,0.4
ub12,2021-03-28,2021-03-28 12:00:00,0.0,0.0,9,1,0.1111111111111111
ub12,2021-03-28,2021-03-28 13:00:00,5.0,5.0,11,1,0.09090909090909091
ub12,2021-03-28,2021-03-28 14:00:00,0.0,0.0,8,1,0.125
ub12,2021-03-28,2021-03-28 15:00:00,,,9,0,0.0
ub12,2021-03-28,2021-03-28 16:00:00,0.0,0.0,7,4,0.5714285714285714
ub12,2021-03-28,2021-03-28 22:00:00,,,5,0,0.0
ub12,2021-03-28,2021-03-28 23:00:00,2.4705882352941178,2.4705882352941178,4,2,0.5
ub12,2021-03-29,2021-03-29 00:00:00,,,2,0,0.0
ub12,2021-03-29,2021-03-29 01:00:00,18.714285714285715,18.714285714285715,6,2,0.3333333333333333
ub12,2021-03-29,2021-03-29 02:00:00,40.0,40.0,1,1,1.0
ub12,2021-03-29,2021-03-29 04:00:00,,,1,0,0.0
ub12,2021-03-29,2021-03-29 05:00:00,57.333333333333336,57.333333333333336,4,1,0.25
ub12,2021-03-29,2021-03-29 06:00:00,,,12,0,0.0
ub12,2021-03-29,2021-03-29 07:00:00,,,3,0,0.0
ub12,2021-03-29,2021-03-29 08:00:00,,,1,0,0.0
ub12,2021-03-29,2021-03-29 09:00:00,,,2,0,0.0
ub12,2021-03-29,2021-03-29 10:00:00,0.0,0.0,8,2,0.25
ub12,2021-03-29,2021-03-29 11:00:00,0.0,0.0,9,3,0.3333333333333333
ub12,2021-03-29,2021-03-29 12:00:00,35.5,35.5,4,3,0.75
ub12,2021-03-29,2021-03-29 13:00:00,3.275,2.4,8,8,1.0
ub12,2021-03-29,2021-03-29 14:00:00,0.0,0.0,4,2,0.5
ub12,2021-03-29,2021-03-29 15:00:00,2.0,2.0,4,3,0.75
ub12,2021-03-29,2021-03-29 16:00:00,,,1,0,0.0
ub12,2021-03-29,2021-03-29 22:00:00,0.0,0.0,6,2,0.3333333333333333
ub12,2021-03-29,2021-03-29 23:00:00,0.0,0.0,12,1,0.08333333333333333
ub12,2021-03-30,2021-03-30 00:00:00,,,12,0,0.0
ub12,2021-03-30,2021-03-30 01:00:00,0.0,0.0,6,1,0.16666666666666666
ub12,2021-03-30,2021-03-30 02:00:00,0.0,0.0,3,2,0.6666666666666666
ub12,2021-03-30,2021-03-30 03:00:00,0.0,0.0,6,4,0.6666666666666666
ub12,2021-03-30,2021-03-30 04:00:00,0.0,0.0,5,5,1.0
ub12,2021-03-30,2021-03-30 05:00:00,0.0,0.0,8,4,0.5
ub12,2021-03-30,2021-03-30 06:00:00,0.0,0.0,9,6,0.6666666666666666
ub12,2021-03-30,2021-03-30 07:00:00,0.0,0.0,4,1,0.25
ub12,2021-03-30,2021-03-30 08:00:00,0.0,0.0,6,2,0.3333333333333333
ub12,2021-03-30,2021-03-30 09:00:00,0.0,0.0,3,2,0.6666666666666666
ub12,2021-03-30,2021-03-30 10:00:00,0.0,0.0,3,1,0.3333333333333333
ub12,2021-03-30,2021-03-30 11:00:00,0.0,0.0,4,3,0.75
ub12,2021-03-30,2021-03-30 12:00:00,0.0,0.0,6,2,0.3333333333333333
ub12,2021-04-01,2021-04-01 05:00:00,0.0,0.0,6,1,0.16666666666666666
ub12,2021-04-01,2021-04-01 06:00:00,0.0,0.0,8,2,0.25
ub12,2021-04-01,2021-04-01 07:00:00,,,1,0,0.0
ub12,2021-04-01,2021-04-01 10:00:00,0.0,0.0,2,1,0.5
ub12,2021-04-01,2021-04-01 11:00:00,0.0,0.0,5,2,0.4
ub12,2021-04-01,2021-04-01 12:00:00,,,5,0,0.0
ub12,2021-04-01,2021-04-01 14:00:00,0.0,0.0,5,1,0.2
ub12,2021-04-01,2021-04-01 15:00:00,,,5,0,0.0
ub12,2021-04-01,2021-04-01 16:00:00,5.0,5.0,8,5,0.625
ub12,2021-04-01,2021-04-01 17:00:00,0.0,0.0,6,1,0.16666666666666666
ub12,2021-04-01,2021-04-01 22:00:00,0.0,0.0,1,1,1.0
ub12,2021-04-01,2021-04-01 23:00:00,3.6666666666666665,3.6666666666666665,11,2,0.18181818181818182
ub12,2021-04-02,2021-04-02 00:00:00,0.0,0.0,1,1,1.0
ub12,2021-04-02,2021-04-02 02:00:00,,,1,0,0.0
ub12,2021-04-02,2021-04-02 03:00:00,0.0,0.0,8,5,0.625
ub12,2021-04-02,2021-04-02 04:00:00,0.0,0.0,9,6,0.6666666666666666
ub12,2021-04-02,2021-04-02 05:00:00,0.0,0.0,11,1,0.09090909090909091
ub12,2021-04-02,2021-04-02 06:00:00,0.0,0.0,10,4,0.4
ub12,2021-04-02,2021-04-02 07:00:00,0.0,0.0,12,8,0.6666666666666666
ub12,2021-04-02,2021-04-02 08:00:00,0.0,0.0,8,5,0.625
ub12,2021-04-02,2021-04-02 10:00:00,0.0,0.0,6,3,0.5
ub12,2021-04-02,2021-04-02 11:00:00,0.0,0.0,9,8,0.8888888888888888
ub12,2021-04-02,2021-04-02 12:00:00,18.0,16.0,11,6,0.5454545454545454
ub12,2021-04-02,2021-04-02 13:00:00,,,3,0,0.0
ub12,2021-04-02,2021-04-02 14:00:00,3.0,3.0,3,1,0.3333333333333333
ub12,2021-04-02,2021-04-02 15:00:00,0.0,0.0,8,3,0.375
ub12,2021-04-02,2021-04-02 16:00:00,0.0,0.0,12,9,0.75
ub12,2021-04-02,2021-04-02 17:00:00,6.0,6.0,9,7,0.7777777777777778
ub12,2021-04-02,2021-04-02 23:00:00,0.0,0.0,5,1,0.2
ub12,2021-04-03,2021-04-03 00:00:00,,,12,0,0.0
ub12,2021-04-03,2021-04-03 01:00:00,,,12,0,0.0
ub12,2021-04-03,2021-04-03 02:00:00,0.0,0.0,7,2,0.2857142857142857
ub12,2021-04-03,2021-04-03 03:00:00,0.0,0.0,1,1,1.0
ub12,2021-04-03,2021-04-03 04:00:00,0.0,0.0,11,4,0.36363636363636365
ub12,2021-04-03,2021-04-03 05:00:00,0.0,0.0,8,4,0.5
ub12,2021-04-03,2021-04-03 07:00:00,0.0,0.0,1,1,1.0
ub12,2021-04-03,2021-04-03 09:00:00,0.0,0.0,5,2,0.4
ub12,2021-04-03,2021-04-03 10:00:00,0.0,0.0,5,1,0.2
ub12,2021-04-03,2021-04-03 11:00:00,0.0,0.0,3,2,0.6666666666666666
ub12,2021-04-03,2021-04-03 12:00:00,0.0,0.0,5,3,0.6
ub12,2021-04-03,2021-04-03 13:00:00,0.0,0.0,9,3,0.3333333333333333
ub12,2021-04-03,2021-04-03 14:00:00,0.0,0.0,8,4,0.5
ub12,2021-04-03,2021-04-03 15:00:00,0.0,0.0,6,5,0.8333333333333334
ub12,2021-04-03,2021-04-03 16:00:00,0.0,0.0,6,2,0.3333333333333333
ub12,2021-04-03,2021-04-03 17:00:00,0.0,0.0,9,3,0.3333333333333333
ub12,2021-04-03,2021-04-03 18:00:00,0.0,0.0,4,1,0.25
ub12,2021-04-04,2021-04-04 00:00:00,0.0,0.0,10,6,0.6
ub12,2021-04-04,2021-04-04 01:00:00,0.0,0.0,12,6,0.5
ub12,2021-04-04,2021-04-04 02:00:00,0.0,0.0,10,6,0.6
ub12,2021-04-04,2021-04-04 03:00:00,0.0,0.0,3,1,0.3333333333333333
ub12,2021-04-04,2021-04-04 04:00:00,0.0,0.0,6,3,0.5
ub12,2021-04-04,2021-04-04 05:00:00,0.0,0.0,6,4,0.6666666666666666
ub12,2021-04-04,2021-04-04 06:00:00,0.0,0.0,4,1,0.25
ub12,2021-04-04,2021-04-04 07:00:00,0.0,0.0,4,2,0.5
ub12,2021-04-04,2021-04-04 08:00:00,0.0,0.0,2,2,1.0
ub12,2021-04-04,2021-04-04 09:00:00,,,3,0,0.0
ub12,2021-04-04,2021-04-04 10:00:00,,,2,0,0.0
ub12,2021-04-04,2021-04-04 11:00:00,0.0,0.0,7,2,0.2857142857142857
ub12,2021-04-04,2021-04-04 12:00:00,0.0,0.0,3,1,0.3333333333333333
ub12,2021-04-04,2021-04-04 13:00:00,0.0,0.0,2,1,0.5
ub12,2021-04-04,2021-04-04 14:00:00,0.0,0.0,4,1,0.25
ub12,2021-04-04,2021-04-04 15:00:00,0.0,0.0,6,1,0.16666666666666666
ub12,2021-04-04,2021-04-04 16:00:00,0.0,0.0,4,1,0.25
us73,2021-03-04,2021-03-04 06:00:00,,,1,0,0.0
us73,2021-03-04,2021-03-04 09:00:00,,,2,0,0.0
us73,2021-03-08,2021-03-08 01:00:00,0.0,0.0,5,1,0.2
us73,2021-03-08,2021-03-08 02:00:00,7.25,7.25,11,1,0.09090909090909091
us73,2021-03-08,2021-03-08 03:00:00,,,6,0,0.0
us73,2021-03-08,2021-03-08 04:00:00,4.333333333333333,4.333333333333333,3,1,0.3333333333333333
us73,2021-03-08,2021-03-08 07:00:00,,,1,0,0.0
us73,2021-03-08,2021-03-08 08:00:00,,,5,0,0.0
us73,2021-03-08,2021-03-08 09:00:00,,,1,0,0.0
us73,2021-03-08,2021-03-08 23:00:00,,,1,0,0.0
us73,2021-03-09,2021-03-09 00:00:00,,,4,0,0.0
us73,2021-03-09,2021-03-09 04:00:00,254.0,254.0,1,1,1.0
us73,2021-03-09,2021-03-09 05:00:00,22.666666666666668,22.666666666666668,1,1,1.0
us73,2021-03-09,2021-03-09 07:00:00,,,1,0,0.0
us73,2021-03-09,2021-03-09 08:00:00,,,3,0,0.0
us73,2021-03-09,2021-03-09 09:00:00,,,1,0,0.0
us73,2021-03-09,2021-03-09 12:00:00,,,2,0,0.0
us73,2021-03-10,2021-03-10 02:00:00,25.571428571428573,25.571428571428573,1,1,1.0
us73,2021-03-10,2021-03-10 05:00:00,,,2,0,0.0
us73,2021-03-10,2021-03-10 09:00:00,,,1,0,0.0
us73,2021-03-10,2021-03-10 10:00:00,,,1,0,0.0
us73,2021-03-10,2021-03-10 11:00:00,0.0,0.0,3,1,0.3333333333333333
us73,2021-03-10,2021-03-10 12:00:00,,,1,0,0.0
us73,2021-03-10,2021-03-10 13:00:00,,,5,0,0.0
us73,2021-03-10,2021-03-10 14:00:00,,,2,0,0.0
us73,2021-03-11,2021-03-11 02:00:00,,,1,0,0.0
us73,2021-03-11,2021-03-11 04:00:00,0.0,0.0,7,2,0.2857142857142857
us73,2021-03-11,2021-03-11 05:00:00,0.0,0.0,4,1,0.25
us73,2021-03-11,2021-03-11 08:00:00,0.0,0.0,1,1,1.0
us73,2021-03-11,2021-03-11 09:00:00,,,1,0,0.0
us73,2021-03-11,2021-03-11 10:00:00,0.0,0.0,1,1,1.0
us73,2021-03-11,2021-03-11 11:00:00,0.0,0.0,4,2,0.5
us73,2021-03-11,2021-03-11 12:00:00,0.0,0.0,7,2,0.2857142857142857
us73,2021-03-11,2021-03-11 13:00:00,507.375,506.0,4,3,0.75
us73,2021-03-12,2021-03-12 09:00:00,,,1,0,0.0
us73,2021-03-12,2021-03-12 10:00:00,0.0,0.0,3,2,0.6666666666666666
us73,2021-03-12,2021-03-12 11:00:00,2.0,2.0,1,1,1.0
us73,2021-03-13,2021-03-13 05:00:00,,,3,0,0.0
us73,2021-03-13,2021-03-13 06:00:00,0.0,0.0,5,2,0.4
us73,2021-03-13,2021-03-13 07:00:00,,,2,0,0.0
us73,2021-03-13,2021-03-13 08:00:00,,,6,0,0.0
us73,2021-03-14,2021-03-14 05:00:00,0.0,0.0,2,1,0.5
us73,2021-03-14,2021-03-14 06:00:00,,,4,0,0.0
us73,2021-03-14,2021-03-14 07:00:00,0.0,0.0,2,2,1.0
us73,2021-03-15,2021-03-15 14:00:00,0.0,0.0,1,1,1.0
us73,2021-03-15,2021-03-15 15:00:00,,,2,0,0.0
us73,2021-03-15,2021-03-15 16:00:00,,,2,0,0.0
us73,2021-03-16,2021-03-16 12:00:00,,,1,0,0.0
us73,2021-03-16,2021-03-16 13:00:00,,,5,0,0.0
us73,2021-03-16,2021-03-16 15:00:00,,,10,0,0.0
us73,2021-03-16,2021-03-16 16:00:00,,,12,0,0.0
us73,2021-03-16,2021-03-16 17:00:00,,,10,0,0.0
us73,2021-03-17,2021-03-17 06:00:00,0.0,0.0,2,2,1.0
us73,2021-03-17,2021-03-17 07:00:00,5.5,5.5,12,5,0.4166666666666667
us73,2021-03-17,2021-03-17 08:00:00,0.0,0.0,8,2,0.25
us73,2021-03-17,2021-03-17 10:00:00,0.0,0.0,1,1,1.0
us73,2021-03-18,2021-03-18 08:00:00,,,1,0,0.0
us73,2021-03-19,2021-03-19 05:00:00,121.86666666666667,86.2,5,4,0.8
us73,2021-03-19,2021-03-19 06:00:00,0.0,0.0,2,1,0.5
us73,2021-03-19,2021-03-19 07:00:00,,,1,0,0.0
us73,2021-03-19,2021-03-19 23:00:00,,,9,0,0.0
us73,2021-03-20,2021-03-20 00:00:00,,,8,0,0.0
us73,2021-03-20,2021-03-20 03:00:00,,,2,0,0.0
us73,2021-03-20,2021-03-20 04:00:00,,,1,0,0.0
us73,2021-03-20,2021-03-20 07:00:00,,,3,0,0.0
us73,2021-03-20,2021-03-20 08:00:00,,,1,0,0.0
us73,2021-03-20,2021-03-20 16:00:00,,,4,0,0.0
us73,2021-03-20,2021-03-20 17:00:00,,,9,0,0.0
us73,2021-03-20,2021-03-20 18:00:00,,,10,0,0.0
us73,2021-03-20,2021-03-20 19:00:00,,,12,0,0.0
us73,2021-03-20,2021-03-20 20:00:00,,,11,0,0.0
us73,2021-03-20,2021-03-20 21:00:00,,,10,0,0.0
us73,2021-03-20,2021-03-20 22:00:00,,,12,0,0.0
us73,2021-03-20,2021-03-20 23:00:00,,,10,0,0.0
us73,2021-03-21,2021-03-21 00:00:00,,,11,0,0.0
us73,2021-03-21,2021-03-21 01:00:00,,,8,0,0.0
us73,2021-03-21,2021-03-21 02:00:00,,,5,0,0.0
us73,2021-03-22,2021-03-22 07:00:00,,,3,0,0.0
us73,2021-03-24,2021-03-24 02:00:00,31.857142857142858,31.857142857142858,1,1,1.0
us73,2021-03-24,2021-03-24 04:00:00,0.0,0.0,1,1,1.0
us73,2021-03-24,2021-03-24 08:00:00,,,1,0,0.0
us73,2021-03-25,2021-03-25 00:00:00,127.5,68.5,2,2,1.0
us73,2021-03-25,2021-03-25 01:00:00,,,6,0,0.0
us73,2021-03-25,2021-03-25 02:00:00,,,2,0,0.0
us73,2021-03-25,2021-03-25 03:00:00,,,1,0,0.0
us73,2021-03-25,2021-03-25 09:00:00,0.0,0.0,2,1,0.5
us73,2021-03-25,2021-03-25 10:00:00,,,1,0,0.0
us73,2021-03-29,2021-03-29 04:00:00,,,1,0,0.0
us73,2021-03-29,2021-03-29 05:00:00,,,1,0,0.0
us73,2021-03-29,2021-03-29 06:00:00,0.0,0.0,2,1,0.5
us73,2021-03-29,2021-03-29 07:00:00,,,5,0,0.0
us73,2021-03-29,2021-03-29 08:00:00,,,7,0,0.0
us73,2021-03-29,2021-03-29 09:00:00,0.0,0.0,1,1,1.0
us73,2021-03-29,2021-03-29 16:00:00,,,1,0,0.0
us73,2021-03-31,2021-03-31 03:00:00,,,2,0,0.0
us73,2021-03-31,2021-03-31 04:00:00,,,1,0,0.0
us73,2021-04-01,2021-04-01 05:00:00,,,1,0,0.0
us73,2021-04-03,2021-04-03 09:00:00,0.0,0.0,1,1,1.0
us73,2021-04-03,2021-04-03 12:00:00,,,1,0,0.0
us73,2021-04-03,2021-04-03 13:00:00,,,2,0,0.0
us73,2021-04-03,2021-04-03 15:00:00,,,1,0,0.0
us73,2021-04-04,2021-04-04 06:00:00,0.0,0.0,2,1,0.5
us73,2021-04-04,2021-04-04 07:00:00,,,1,0,0.0
us73,2021-04-04,2021-04-04 08:00:00,,,1,0,0.0
uz94,2021-03-05,2021-03-05 04:00:00,,,3,0,0.0
uz94,2021-03-05,2021-03-05 05:00:00,,,11,0,0.0
uz94,2021-03-05,2021-03-05 06:00:00,,,9,0,0.0
uz94,2021-03-05,2021-03-05 07:00:00,,,11,0,0.0
uz94,2021-03-05,2021-03-05 08:00:00,,,12,0,0.0
uz94,2021-03-05,2021-03-05 09:00:00,,,8,0,0.0
uz94,2021-03-05,2021-03-05 10:00:00,,,5,0,0.0
uz94,2021-03-05,2021-03-05 11:00:00,,,2,0,0.0
uz94,2021-03-05,2021-03-05 12:00:00,,,7,0,0.0
uz94,2021-03-05,2021-03-05 13:00:00,,,6,0,0.0
uz94,2021-03-05,2021-03-05 14:00:00,,,3,0,0.0
uz94,2021-03-05,2021-03-05 15:00:00,,,7,0,0.0
uz94,2021-03-10,2021-03-10 03:00:00,0.0,0.0,4,4,1.0
uz94,2021-03-10,2021-03-10 04:00:00,0.0,0.0,8,5,0.625
uz94,2021-03-10,2021-03-10 05:00:00,,,10,0,0.0
uz94,2021-03-10,2021-03-10 06:00:00,,,9,0,0.0
uz94,2021-03-10,2021-03-10 07:00:00,23.615567765567768,6.384615384615385,5,5,1.0
uz94,2021-03-10,2021-03-10 08:00:00,24.0,10.5,7,3,0.42857142857142855
uz94,2021-03-10,2021-03-10 09:00:00,87.18333333333334,48.0,8,7,0.875
uz94,2021-03-10,2021-03-10 10:00:00,2.5454545454545454,2.5454545454545454,9,6,0.6666666666666666
uz94,2021-03-10,2021-03-10 11:00:00,8.555555555555555,4.555555555555555,10,3,0.3
uz94,2021-03-10,2021-03-10 12:00:00,10.470622119815669,5.696428571428571,5,4,0.8
uz94,2021-03-10,2021-03-10 13:00:00,5.0,5.0,1,1,1.0
uz94,2021-03-10,2021-03-10 14:00:00,0.0,0.0,10,4,0.4
uz94,2021-03-11,2021-03-11 01:00:00,1.8333333333333333,1.8333333333333333,9,8,0.8888888888888888
uz94,2021-03-11,2021-03-11 02:00:00,14.2,12.2,9,6,0.6666666666666666
uz94,2021-03-11,2021-03-11 03:00:00,0.0,0.0,7,2,0.2857142857142857
uz94,2021-03-11,2021-03-11 04:00:00,22.168758043758043,8.642857142857142,5,4,0.8
uz94,2021-03-11,2021-03-11 05:00:00,24.415404040404038,12.875,3,3,1.0
uz94,2021-03-11,2021-03-11 06:00:00,12.461538461538462,11.461538461538462,3,2,0.6666666666666666
uz94,2021-03-11,2021-03-11 07:00:00,0.0,0.0,11,4,0.36363636363636365
uz94,2021-03-11,2021-03-11 08:00:00,9.0,9.0,8,3,0.375
uz94,2021-03-11,2021-03-11 09:00:00,0.0,0.0,12,2,0.16666666666666666
uz94,2021-03-11,2021-03-11 10:00:00,0.0,0.0,12,1,0.08333333333333333
uz94,2021-03-11,2021-03-11 11:00:00,0.0,0.0,8,2,0.25
uz94,2021-03-11,2021-03-11 12:00:00,3.333333333333333,3.333333333333333,11,2,0.18181818181818182
uz94,2021-03-11,2021-03-11 13:00:00,0.0,0.0,1,1,1.0
uz94,2021-03-11,2021-03-11 14:00:00,25.394756778309407,6.0,5,5,1.0
uz94,2021-03-11,2021-03-11 15:00:00,51.19230769230769,34.0,6,6,1.0
uz94,2021-03-11,2021-03-11 16:00:00,0.0,0.0,11,4,0.36363636363636365
uz94,2021-03-11,2021-03-11 17:00:00,,,2,0,0.0
uz94,2021-03-12,2021-03-12 01:00:00,0.0,0.0,8,7,0.875
uz94,2021-03-12,2021-03-12 02:00:00,3.736842105263158,3.736842105263158,5,3,0.6
uz94,2021-03-12,2021-03-12 03:00:00,2.8,2.8,6,4,0.6666666666666666
uz94,2021-03-12,2021-03-12 04:00:00,0.0,0.0,8,2,0.25
uz94,2021-03-12,2021-03-12 05:00:00,0.0,0.0,12,2,0.16666666666666666
uz94,2021-03-12,2021-03-12 06:00:00,20.166666666666668,15.0,12,4,0.3333333333333333
uz94,2021-03-12,2021-03-12 07:00:00,3.6666666666666665,3.6666666666666665,11,3,0.2727272727272727
uz94,2021-03-12,2021-03-12 08:00:00,0.0,0.0,4,1,0.25
uz94,2021-03-12,2021-03-12 09:00:00,282.804391665682,248.0,9,8,0.8888888888888888
uz94,2021-03-12,2021-03-12 10:00:00,56.74545454545455,44.5,7,5,0.7142857142857143
uz94,2021-03-12,2021-03-12 11:00:00,52.49960353372118,11.75,11,11,1.0
uz94,2021-03-12,2021-03-12 12:00:00,53.71428571428572,53.71428571428572,11,2,0.18181818181818182
uz94,2021-03-12,2021-03-12 13:00:00,123.39461697722568,82.16666666666667,10,6,0.6
uz94,2021-03-12,2021-03-12 14:00:00,11.0,11.0,10,7,0.7
uz94,2021-03-12,2021-03-12 15:00:00,0.0,0.0,12,9,0.75
uz94,2021-03-12,2021-03-12 16:00:00,0.0,0.0,10,5,0.5
uz94,2021-03-12,2021-03-12 17:00:00,52.535714285714285,19.0,8,7,0.875
uz94,2021-03-12,2021-03-12 18:00:00,3.6666666666666665,3.6666666666666665,2,1,0.5
uz94,2021-03-15,2021-03-15 01:00:00,0.0,0.0,4,1,0.25
uz94,2021-03-15,2021-03-15 02:00:00,0.0,0.0,6,2,0.3333333333333333
uz94,2021-03-15,2021-03-15 03:00:00,0.0,0.0,7,4,0.5714285714285714
uz94,2021-03-15,2021-03-15 04:00:00,0.0,0.0,9,5,0.5555555555555556
uz94,2021-03-15,2021-03-15 05:00:00,7.0,7.0,12,7,0.5833333333333334
uz94,2021-03-15,2021-03-15 06:00:00,2.5,2.5,11,2,0.18181818181818182
uz94,2021-03-15,2021-03-15 07:00:00,,,2,0,0.0
uz94,2021-03-15,2021-03-15 08:00:00,13.75,13.75,3,2,0.6666666666666666
uz94,2021-03-15,2021-03-15 09:00:00,7.8,7.0,8,3,0.375
uz94,2021-03-15,2021-03-15 10:00:00,0.0,0.0,8,5,0.625
uz94,2021-03-15,2021-03-15 11:00:00,37.0,35.0,12,8,0.6666666666666666
uz94,2021-03-15,2021-03-15 12:00:00,139.5,76.25,9,8,0.8888888888888888
uz94,2021-03-15,2021-03-15 13:00:00,0.0,0.0,11,5,0.45454545454545453
uz94,2021-03-15,2021-03-15 14:00:00,15.4,7.0,7,5,0.7142857142857143
uz94,2021-03-15,2021-03-15 15:00:00,17.295795795795797,7.444444444444445,4,4,1.0
uz94,2021-03-15,2021-03-15 16:00:00,12.84375,9.875,3,2,0.6666666666666666
uz94,2021-03-15,2021-03-15 17:00:00,1.3333333333333333,1.3333333333333333,1,1,1.0
uz94,2021-03-16,2021-03-16 01:00:00,0.0,0.0,2,2,1.0
uz94,2021-03-16,2021-03-16 02:00:00,3.333333333333333,3.333333333333333,3,1,0.3333333333333333
uz94,2021-03-16,2021-03-16 04:00:00,,,1,0,0.0
uz94,2021-03-16,2021-03-16 05:00:00,7.222222222222222,7.222222222222222,2,2,1.0
uz94,2021-03-16,2021-03-16 06:00:00,0.0,0.0,6,2,0.3333333333333333
uz94,2021-03-16,2021-03-16 07:00:00,0.0,0.0,6,4,0.6666666666666666
uz94,2021-03-16,2021-03-16 08:00:00,0.0,0.0,3,3,1.0
uz94,2021-03-16,2021-03-16 09:00:00,,,2,0,0.0
uz94,2021-03-16,2021-03-16 10:00:00,0.0,0.0,8,3,0.375
uz94,2021-03-16,2021-03-16 11:00:00,0.0,0.0,10,3,0.3
uz94,2021-03-16,2021-03-16 12:00:00,0.0,0.0,7,2,0.2857142857142857
uz94,2021-03-16,2021-03-16 13:00:00,4.152173913043479,4.152173913043479,5,1,0.2
uz94,2021-03-16,2021-03-16 14:00:00,18.657692307692308,7.7,8,4,0.5
uz94,2021-03-16,2021-03-16 15:00:00,5.833333333333333,3.5,7,3,0.42857142857142855
uz94,2021-03-16,2021-03-16 16:00:00,3.333333333333333,3.333333333333333,5,4,0.8
uz94,2021-03-16,2021-03-16 17:00:00,0.0,0.0,10,7,0.7
uz94,2021-03-17,2021-03-17 01:00:00,0.0,0.0,4,3,0.75
uz94,2021-03-17,2021-03-17 02:00:00,2.75,2.75,3,3,1.0
uz94,2021-03-17,2021-03-17 03:00:00,0.0,0.0,3,3,1.0
uz94,2021-03-17,2021-03-17 04:00:00,0.0,0.0,10,2,0.2
uz94,2021-03-17,2021-03-17 05:00:00,0.0,0.0,11,6,0.5454545454545454
uz94,2021-03-17,2021-03-17 06:00:00,3.0,3.0,11,2,0.18181818181818182
uz94,2021-03-17,2021-03-17 07:00:00,9.804878048780488,8.0,5,3,0.6
uz94,2021-03-17,2021-03-17 08:00:00,21.456356736242885,9.5,9,5,0.5555555555555556
uz94,2021-03-17,2021-03-17 09:00:00,17.5,17.5,7,3,0.42857142857142855
uz94,2021-03-17,2021-03-17 10:00:00,0.0,0.0,10,5,0.5
uz94,2021-03-17,2021-03-17 11:00:00,0.0,0.0,9,7,0.7777777777777778
uz94,2021-03-17,2021-03-17 12:00:00,0.0,0.0,10,8,0.8
uz94,2021-03-17,2021-03-17 13:00:00,5.0,5.0,8,5,0.625
uz94,2021-03-17,2021-03-17 14:00:00,0.0,0.0,5,1,0.2
uz94,2021-03-17,2021-03-17 15:00:00,127.0,127.0,2,1,0.5
uz94,2021-03-17,2021-03-17 16:00:00,226.16666666666666,221.0,6,2,0.3333333333333333
uz94,2021-03-18,2021-03-18 00:00:00,16.25,16.25,7,4,0.5714285714285714
uz94,2021-03-18,2021-03-18 01:00:00,6.25,6.25,5,5,1.0
uz94,2021-03-18,2021-03-18 02:00:00,2.1666666666666665,2.1666666666666665,4,4,1.0
uz94,2021-03-18,2021-03-18 05:00:00,0.0,0.0,3,3,1.0
uz94,2021-03-18,2021-03-18 06:00:00,0.0,0.0,4,3,0.75
uz94,2021-03-18,2021-03-18 07:00:00,0.0,0.0,1,1,1.0
uz94,2021-03-18,2021-03-18 09:00:00,,,4,0,0.0
uz94,2021-03-18,2021-03-18 10:00:00,,,1,0,0.0
uz94,2021-03-18,2021-03-18 12:00:00,6.7,6.7,4,4,1.0
uz94,2021-03-18,2021-03-18 13:00:00,10.142857142857142,10.142857142857142,9,7,0.7777777777777778
uz94,2021-03-18,2021-03-18 14:00:00,1.1333333333333333,0.8,7,5,0.7142857142857143
uz94,2021-03-18,2021-03-18 15:00:00,18.047619047619047,12.333333333333334,6,3,0.5
uz94,2021-03-18,2021-03-18 16:00:00,1.4,1.4,11,7,0.6363636363636364
uz94,2021-03-18,2021-03-18 17:00:00,20.795652173913044,17.1,6,4,0.6666666666666666
uz94,2021-03-20,2021-03-20 04:00:00,,,3,0,0.0
uz94,2021-03-20,2021-03-20 05:00:00,0.0,0.0,7,1,0.14285714285714285
uz94,2021-03-20,2021-03-20 06:00:00,,,2,0,0.0
uz94,2021-03-20,2021-03-20 07:00:00,,,8,0,0.0
uz94,2021-03-20,2021-03-20 23:00:00,,,1,0,0.0
uz94,2021-03-21,2021-03-21 00:00:00,8.142857142857142,8.142857142857142,7,3,0.42857142857142855
uz94,2021-03-21,2021-03-21 01:00:00,16.25,12.75,6,5,0.8333333333333334
uz94,2021-03-21,2021-03-21 02:00:00,2.8,2.8,7,2,0.2857142857142857
uz94,2021-03-21,2021-03-21 03:00:00,0.0,0.0,10,1,0.1
uz94,2021-03-21,2021-03-21 04:00:00,9.0,9.0,8,2,0.25
uz94,2021-03-21,2021-03-21 05:00:00,4.0,4.0,4,1,0.25
uz94,2021-03-21,2021-03-21 06:00:00,,,6,0,0.0
uz94,2021-03-23,2021-03-23 02:00:00,0.0,0.0,2,1,0.5
uz94,2021-03-23,2021-03-23 03:00:00,0.0,0.0,2,2,1.0
uz94,2021-03-23,2021-03-23 04:00:00,2.781609195402299,2.781609195402299,1,1,1.0
uz94,2021-03-23,2021-03-23 05:00:00,6.705882352941177,6.705882352941177,5,4,0.8
uz94,2021-03-23,2021-03-23 06:00:00,1.3846153846153846,1.3846153846153846,6,2,0.3333333333333333
uz94,2021-03-23,2021-03-23 07:00:00,0.0,0.0,11,5,0.45454545454545453
uz94,2021-03-23,2021-03-23 08:00:00,0.0,0.0,5,1,0.2
uz94,2021-03-23,2021-03-23 09:00:00,42.28888888888889,15.0,9,8,0.8888888888888888
uz94,2021-03-23,2021-03-23 10:00:00,0.0,0.0,5,1,0.2
uz94,2021-03-23,2021-03-23 11:00:00,21.333333333333332,14.0,11,8,0.7272727272727273
uz94,2021-03-23,2021-03-23 12:00:00,0.0,0.0,9,3,0.3333333333333333
uz94,2021-03-23,2021-03-23 13:00:00,0.0,0.0,5,1,0.2
uz94,2021-03-23,2021-03-23 14:00:00,0.0,0.0,3,1,0.3333333333333333
uz94,2021-03-23,2021-03-23 15:00:00,4.7727272727272725,4.7727272727272725,7,1,0.14285714285714285
uz94,2021-03-23,2021-03-23 16:00:00,,,6,0,0.0
uz94,2021-03-24,2021-03-24 01:00:00,,,1,0,0.0
uz94,2021-03-24,2021-03-24 02:00:00,6.75,6.75,7,7,1.0
uz94,2021-03-24,2021-03-24 03:00:00,1.8571428571428568,1.8571428571428568,6,2,0.3333333333333333
uz94,2021-03-24,2021-03-24 04:00:00,0.0,0.0,11,8,0.7272727272727273
uz94,2021-03-24,2021-03-24 05:00:00,,,2,0,0.0
uz94,2021-03-24,2021-03-24 06:00:00,0.0,0.0,8,5,0.625
uz94,2021-03-24,2021-03-24 08:00:00,,,1,0,0.0
uz94,2021-03-24,2021-03-24 11:00:00,0.0,0.0,5,1,0.2
uz94,2021-03-24,2021-03-24 12:00:00,0.0,0.0,5,1,0.2
uz94,2021-03-24,2021-03-24 13:00:00,1.4,1.4,2,2,1.0
uz94,2021-03-24,2021-03-24 14:00:00,0.0,0.0,3,1,0.3333333333333333
uz94,2021-03-24,2021-03-24 15:00:00,0.0,0.0,5,4,0.8
uz94,2021-03-24,2021-03-24 16:00:00,0.0,0.0,7,3,0.42857142857142855
uz94,2021-03-24,2021-03-24 17:00:00,0.0,0.0,5,1,0.2
uz94,2021-03-25,2021-03-25 04:00:00,,,1,0,0.0
uz94,2021-03-25,2021-03-25 05:00:00,119.73333333333332,83.0,5,5,1.0
uz94,2021-03-25,2021-03-25 06:00:00,39.125,39.125,10,5,0.5
uz94,2021-03-25,2021-03-25 07:00:00,0.0,0.0,11,2,0.18181818181818182
uz94,2021-03-25,2021-03-25 08:00:00,0.0,0.0,11,2,0.18181818181818182
uz94,2021-03-25,2021-03-25 09:00:00,1.25,0.75,5,4,0.8
uz94,2021-03-25,2021-03-25 10:00:00,0.0,0.0,7,1,0.14285714285714285
uz94,2021-03-25,2021-03-25 11:00:00,2.0,2.0,9,6,0.6666666666666666
uz94,2021-03-25,2021-03-25 12:00:00,0.0,0.0,9,9,1.0
uz94,2021-03-25,2021-03-25 13:00:00,10.25,10.25,10,7,0.7
uz94,2021-03-25,2021-03-25 14:00:00,0.0,0.0,7,4,0.5714285714285714
uz94,2021-03-25,2021-03-25 15:00:00,21.62549019607843,6.416666666666667,9,6,0.6666666666666666
uz94,2021-03-25,2021-03-25 16:00:00,5.28,5.28,6,6,1.0
uz94,2021-03-25,2021-03-25 17:00:00,,,1,0,0.0
uz94,2021-03-26,2021-03-26 02:00:00,0.0,0.0,1,1,1.0
uz94,2021-03-26,2021-03-26 03:00:00,0.0,0.0,1,1,1.0
uz94,2021-03-26,2021-03-26 04:00:00,,,1,0,0.0
uz94,2021-03-26,2021-03-26 05:00:00,,,1,0,0.0
uz94,2021-03-26,2021-03-26 07:00:00,0.0,0.0,1,1,1.0
uz94,2021-03-26,2021-03-26 08:00:00,0.0,0.0,3,1,0.3333333333333333
uz94,2021-03-26,2021-03-26 09:00:00,,,2,0,0.0
uz94,2021-03-26,2021-03-26 10:00:00,0.0,0.0,2,2,1.0
uz94,2021-03-26,2021-03-26 11:00:00,,,2,0,0.0
uz94,2021-03-26,2021-03-26 12:00:00,0.0,0.0,5,5,1.0
uz94,2021-03-26,2021-03-26 13:00:00,0.0,0.0,6,6,1.0
uz94,2021-03-26,2021-03-26 14:00:00,0.0,0.0,7,7,1.0
uz94,2021-03-26,2021-03-26 15:00:00,100.83333333333333,91.5,5,4,0.8
uz94,2021-03-26,2021-03-26 16:00:00,0.0,0.0,5,5,1.0
uz94,2021-03-27,2021-03-27 04:00:00,0.0,0.0,6,3,0.5
uz94,2021-03-27,2021-03-27 05:00:00,26.0,14.0,9,5,0.5555555555555556
uz94,2021-03-27,2021-03-27 06:00:00,2.75,2.75,5,5,1.0
uz94,2021-03-27,2021-03-27 07:00:00,43.31507936507937,22.8,6,6,1.0
uz94,2021-03-27,2021-03-27 08:00:00,46.85590189825572,8.5,9,9,1.0
uz94,2021-03-27,2021-03-27 09:00:00,4.25,4.25,5,1,0.2
uz94,2021-03-27,2021-03-27 10:00:00,33.33333333333333,21.33333333333333,7,4,0.5714285714285714
uz94,2021-03-27,2021-03-27 11:00:00,0.0,0.0,9,5,0.5555555555555556
uz94,2021-03-27,2021-03-27 12:00:00,0.0,0.0,11,2,0.18181818181818182
uz94,2021-03-27,2021-03-27 13:00:00,7.75,7.75,5,2,0.4
uz94,2021-03-27,2021-03-27 14:00:00,11.69047619047619,4.5,3,3,1.0
uz94,2021-03-27,2021-03-27 15:00:00,0.0,0.0,3,1,0.3333333333333333
uz94,2021-03-27,2021-03-27 16:00:00,0.0,0.0,8,3,0.375
uz94,2021-03-27,2021-03-27 17:00:00,33.55555555555556,32.0,4,3,0.75
uz94,2021-03-28,2021-03-28 04:00:00,0.0,0.0,1,1,1.0
uz94,2021-03-28,2021-03-28 08:00:00,0.0,0.0,4,3,0.75
uz94,2021-03-28,2021-03-28 09:00:00,,,3,0,0.0
uz94,2021-03-28,2021-03-28 10:00:00,,,1,0,0.0
uz94,2021-03-28,2021-03-28 11:00:00,0.0,0.0,5,1,0.2
uz94,2021-03-28,2021-03-28 12:00:00,0.0,0.0,7,6,0.8571428571428571
uz94,2021-03-28,2021-03-28 13:00:00,218.0,119.5,5,4,0.8
uz94,2021-03-28,2021-03-28 14:00:00,0.0,0.0,7,3,0.42857142857142855
uz94,2021-03-28,2021-03-28 15:00:00,0.0,0.0,8,3,0.375
uz94,2021-03-28,2021-03-28 16:00:00,19.333333333333336,18.666666666666668,8,4,0.5
uz94,2021-03-28,2021-03-28 17:00:00,,,1,0,0.0
uz94,2021-03-30,2021-03-30 01:00:00,0.0,0.0,1,1,1.0
uz94,2021-03-30,2021-03-30 02:00:00,16.31818181818182,13.818181818181818,11,7,0.6363636363636364
uz94,2021-03-30,2021-03-30 03:00:00,7.777777777777778,5.0,8,5,0.625
uz94,2021-03-30,2021-03-30 04:00:00,98.78101772441396,81.33333333333333,4,4,1.0
uz94,2021-03-30,2021-03-30 05:00:00,80.9641812865497,56.75,8,7,0.875
uz94,2021-03-30,2021-03-30 06:00:00,51.0,51.0,7,6,0.8571428571428571
uz94,2021-03-30,2021-03-30 07:00:00,6.625,5.75,8,5,0.625
uz94,2021-03-30,2021-03-30 08:00:00,0.0,0.0,5,5,1.0
uz94,2021-03-30,2021-03-30 09:00:00,0.0,0.0,9,1,0.1111111111111111
uz94,2021-03-30,2021-03-30 10:00:00,,,8,0,0.0
uz94,2021-03-30,2021-03-30 11:00:00,0.0,0.0,6,1,0.16666666666666666
uz94,2021-03-30,2021-03-30 12:00:00,0.0,0.0,7,2,0.2857142857142857
uz94,2021-03-30,2021-03-30 13:00:00,,,2,0,0.0
uz94,2021-03-31,2021-03-31 04:00:00,,,1,0,0.0
uz94,2021-03-31,2021-03-31 05:00:00,2.6666666666666665,2.6666666666666665,8,3,0.375
uz94,2021-03-31,2021-03-31 06:00:00,27.738095238095237,22.5,6,3,0.5
uz94,2021-03-31,2021-03-31 07:00:00,0.0,0.0,5,4,0.8
uz94,2021-03-31,2021-03-31 08:00:00,0.0,0.0,4,2,0.5
uz94,2021-04-01,2021-04-01 07:00:00,4.8,4.8,5,2,0.4
uz94,2021-04-01,2021-04-01 08:00:00,0.0,0.0,9,5,0.5555555555555556
uz94,2021-04-01,2021-04-01 09:00:00,0.6666666666666666,0.6666666666666666,3,2,0.6666666666666666
uz94,2021-04-01,2021-04-01 10:00:00,0.0,0.0,4,2,0.5
uz94,2021-04-01,2021-04-01 11:00:00,0.0,0.0,2,1,0.5
uz94,2021-04-01,2021-04-01 12:00:00,35.0,35.0,11,5,0.45454545454545453
uz94,2021-04-01,2021-04-01 13:00:00,5.0,5.0,9,4,0.4444444444444444
uz94,2021-04-01,2021-04-01 14:00:00,0.2,0.2,10,1,0.1
uz94,2021-04-01,2021-04-01 15:00:00,39.05579710144927,13.333333333333334,11,10,0.9090909090909091
uz94,2021-04-01,2021-04-01 16:00:00,14.832163742690058,5.6,5,4,0.8
uz94,2021-04-02,2021-04-02 13:00:00,0.0,0.0,5,5,1.0
uz94,2021-04-02,2021-04-02 14:00:00,4.2,2.2,7,5,0.7142857142857143
uz94,2021-04-02,2021-04-02 15:00:00,0.0,0.0,7,6,0.8571428571428571
uz94,2021-04-03,2021-04-03 01:00:00,5.5,3.6666666666666665,3,2,0.6666666666666666
uz94,2021-04-03,2021-04-03 02:00:00,0.0,0.0,4,3,0.75
uz94,2021-04-03,2021-04-03 03:00:00,0.0,0.0,1,1,1.0
uz94,2021-04-03,2021-04-03 04:00:00,0.0,0.0,3,2,0.6666666666666666
uz94,2021-04-03,2021-04-03 05:00:00,0.0,0.0,2,2,1.0
uz94,2021-04-03,2021-04-03 06:00:00,0.0,0.0,4,2,0.5
uz94,2021-04-03,2021-04-03 07:00:00,,,4,0,0.0
uz94,2021-04-04,2021-04-04 06:00:00,0.0,0.0,3,3,1.0
uz94,2021-04-04,2021-04-04 08:00:00,2.0,2.0,1,1,1.0
uz94,2021-04-04,2021-04-04 10:00:00,0.0,0.0,2,1,0.5
uz94,2021-04-04,2021-04-04 12:00:00,0.0,0.0,3,1,0.3333333333333333
uz94,2021-04-04,2021-04-04 13:00:00,11.31111111111111,9.11111111111111,5,5,1.0
uz94,2021-04-04,2021-04-04 14:00:00,5.666666666666666,3.6666666666666665,6,4,0.6666666666666666
uz94,2021-04-04,2021-04-04 15:00:00,0.0,0.0,2,1,0.5
uz94,2021-04-04,2021-04-04 16:00:00,0.0,0.0,8,1,0.125
uz94,2021-04-04,2021-04-04 17:00:00,10.0,10.0,2,2,1.0
uz94,2021-04-05,2021-04-05 01:00:00,9.0,9.0,7,4,0.5714285714285714
uz94,2021-04-05,2021-04-05 02:00:00,,,2,0,0.0
uz94,2021-04-05,2021-04-05 03:00:00,,,1,0,0.0
uz94,2021-04-05,2021-04-05 04:00:00,0.0,0.0,2,2,1.0
uz94,2021-04-05,2021-04-05 05:00:00,0.0,0.0,5,1,0.2
uz94,2021-04-05,2021-04-05 06:00:00,120.0,115.0,8,4,0.5
uz94,2021-04-05,2021-04-05 07:00:00,,,4,0,0.0
uz94,2021-04-05,2021-04-05 08:00:00,0.0,0.0,12,2,0.16666666666666666
uz94,2021-04-05,2021-04-05 09:00:00,,,3,0,0.0
uz94,2021-04-05,2021-04-05 10:00:00,13.989527932385077,6.581818181818182,3,3,1.0
uz94,2021-04-05,2021-04-05 11:00:00,23.43153370937416,7.5,7,7,1.0
uz94,2021-04-05,2021-04-05 12:00:00,0.0,0.0,11,7,0.6363636363636364
uz94,2021-04-05,2021-04-05 13:00:00,0.0,0.0,4,2,0.5
uz94,2021-04-05,2021-04-05 14:00:00,1.3333333333333333,1.3333333333333333,3,2,0.6666666666666666
uz94,2021-04-05,2021-04-05 15:00:00,2.4,2.4,3,3,1.0
uz94,2021-04-05,2021-04-05 16:00:00,0.0,0.0,1,1,1.0
vc10,2021-03-05,2021-03-05 06:00:00,,,3,0,0.0
vc10,2021-03-05,2021-03-05 07:00:00,,,7,0,0.0
vc10,2021-03-05,2021-03-05 10:00:00,,,2,0,0.0
vc10,2021-03-05,2021-03-05 13:00:00,,,1,0,0.0
vc10,2021-03-07,2021-03-07 23:00:00,0.5,0.5,3,1,0.3333333333333333
vc10,2021-03-08,2021-03-08 01:00:00,,,1,0,0.0
vc10,2021-03-08,2021-03-08 03:00:00,,,5,0,0.0
vc10,2021-03-08,2021-03-08 05:00:00,,,1,0,0.0
vc10,2021-03-08,2021-03-08 06:00:00,,,1,0,0.0
vc10,2021-03-08,2021-03-08 08:00:00,,,1,0,0.0
vc10,2021-03-08,2021-03-08 09:00:00,,,4,0,0.0
vc10,2021-03-08,2021-03-08 12:00:00,,,1,0,0.0
vc10,2021-03-08,2021-03-08 13:00:00,,,1,0,0.0
vc10,2021-03-08,2021-03-08 23:00:00,,,6,0,0.0
vc10,2021-03-09,2021-03-09 00:00:00,,,5,0,0.0
vc10,2021-03-09,2021-03-09 01:00:00,,,2,0,0.0
vc10,2021-03-09,2021-03-09 04:00:00,,,1,0,0.0
vc10,2021-03-09,2021-03-09 06:00:00,,,1,0,0.0
vc10,2021-03-09,2021-03-09 07:00:00,,,3,0,0.0
vc10,2021-03-09,2021-03-09 08:00:00,,,1,0,0.0
vc10,2021-03-09,2021-03-09 23:00:00,,,2,0,0.0
vc10,2021-03-10,2021-03-10 00:00:00,,,3,0,0.0
vc10,2021-03-10,2021-03-10 02:00:00,,,1,0,0.0
vc10,2021-03-10,2021-03-10 04:00:00,,,2,0,0.0
vc10,2021-03-10,2021-03-10 05:00:00,,,1,0,0.0
vc10,2021-03-10,2021-03-10 10:00:00,,,1,0,0.0
vc10,2021-03-10,2021-03-10 23:00:00,,,2,0,0.0
vc10,2021-03-11,2021-03-11 00:00:00,,,2,0,0.0
vc10,2021-03-11,2021-03-11 03:00:00,,,3,0,0.0
vc10,2021-03-11,2021-03-11 04:00:00,,,1,0,0.0
vc10,2021-03-11,2021-03-11 09:00:00,1.6666666666666667,1.6666666666666667,5,1,0.2
vc10,2021-03-11,2021-03-11 10:00:00,,,2,0,0.0
vc10,2021-03-11,2021-03-11 11:00:00,,,1,0,0.0
vc10,2021-03-11,2021-03-11 12:00:00,,,2,0,0.0
vc10,2021-03-11,2021-03-11 14:00:00,,,1,0,0.0
vc10,2021-03-11,2021-03-11 15:00:00,,,3,0,0.0
vc10,2021-03-12,2021-03-12 00:00:00,,,1,0,0.0
vc10,2021-03-12,2021-03-12 02:00:00,,,1,0,0.0
vc10,2021-03-12,2021-03-12 06:00:00,,,2,0,0.0
vc10,2021-03-12,2021-03-12 07:00:00,,,2,0,0.0
vc10,2021-03-12,2021-03-12 08:00:00,,,4,0,0.0
vc10,2021-03-12,2021-03-12 12:00:00,,,1,0,0.0
vc10,2021-03-13,2021-03-13 00:00:00,,,2,0,0.0
vc10,2021-03-13,2021-03-13 05:00:00,,,2,0,0.0
vc10,2021-03-13,2021-03-13 06:00:00,,,3,0,0.0
vc10,2021-03-13,2021-03-13 07:00:00,,,2,0,0.0
vc10,2021-03-14,2021-03-14 01:00:00,,,2,0,0.0
vc10,2021-03-14,2021-03-14 05:00:00,,,2,0,0.0
vc10,2021-03-14,2021-03-14 06:00:00,,,1,0,0.0
vc10,2021-03-15,2021-03-15 00:00:00,,,2,0,0.0
vc10,2021-03-15,2021-03-15 01:00:00,,,2,0,0.0
vc10,2021-03-15,2021-03-15 02:00:00,,,1,0,0.0
vc10,2021-03-15,2021-03-15 05:00:00,6.25,4.0,5,2,0.4
vc10,2021-03-15,2021-03-15 06:00:00,,,4,0,0.0
vc10,2021-03-15,2021-03-15 07:00:00,,,2,0,0.0
vc10,2021-03-15,2021-03-15 08:00:00,,,3,0,0.0
vc10,2021-03-15,2021-03-15 09:00:00,,,2,0,0.0
vc10,2021-03-15,2021-03-15 10:00:00,,,1,0,0.0
vc10,2021-03-17,2021-03-17 00:00:00,0.0,0.0,1,1,1.0
vc10,2021-03-17,2021-03-17 01:00:00,,,3,0,0.0
vc10,2021-03-17,2021-03-17 02:00:00,,,1,0,0.0
vc10,2021-03-17,2021-03-17 08:00:00,,,6,0,0.0
vc10,2021-03-17,2021-03-17 09:00:00,,,2,0,0.0
vc10,2021-03-17,2021-03-17 10:00:00,,,1,0,0.0
vc10,2021-03-18,2021-03-18 02:00:00,,,1,0,0.0
vc10,2021-03-18,2021-03-18 05:00:00,,,1,0,0.0
vc10,2021-03-18,2021-03-18 07:00:00,,,2,0,0.0
vc10,2021-03-18,2021-03-18 08:00:00,,,1,0,0.0
vc10,2021-03-18,2021-03-18 09:00:00,,,1,0,0.0
vc10,2021-03-18,2021-03-18 10:00:00,,,1,0,0.0
vc10,2021-03-19,2021-03-19 04:00:00,,,1,0,0.0
vc10,2021-03-19,2021-03-19 06:00:00,,,2,0,0.0
vc10,2021-03-19,2021-03-19 09:00:00,,,1,0,0.0
vc10,2021-03-19,2021-03-19 11:00:00,9.666666666666666,9.666666666666666,6,1,0.16666666666666666
vc10,2021-03-19,2021-03-19 12:00:00,,,2,0,0.0
vc10,2021-03-19,2021-03-19 13:00:00,,,2,0,0.0
vc10,2021-03-19,2021-03-19 14:00:00,,,1,0,0.0
vc10,2021-03-19,2021-03-19 15:00:00,,,1,0,0.0
vc10,2021-03-20,2021-03-20 02:00:00,,,2,0,0.0
vc10,2021-03-20,2021-03-20 06:00:00,,,1,0,0.0
vc10,2021-03-20,2021-03-20 07:00:00,,,8,0,0.0
vc10,2021-03-20,2021-03-20 11:00:00,,,3,0,0.0
vc10,2021-03-21,2021-03-21 01:00:00,,,1,0,0.0
vc10,2021-03-21,2021-03-21 02:00:00,,,4,0,0.0
vc10,2021-03-21,2021-03-21 03:00:00,,,5,0,0.0
vc10,2021-03-21,2021-03-21 04:00:00,,,1,0,0.0
vc10,2021-03-21,2021-03-21 05:00:00,,,3,0,0.0
vc10,2021-03-21,2021-03-21 08:00:00,,,2,0,0.0
vc10,2021-03-21,2021-03-21 09:00:00,,,10,0,0.0
vc10,2021-03-22,2021-03-22 03:00:00,15.0,15.0,2,1,0.5
vc10,2021-03-22,2021-03-22 04:00:00,,,1,0,0.0
vc10,2021-03-22,2021-03-22 09:00:00,,,2,0,0.0
vc10,2021-03-22,2021-03-22 12:00:00,,,1,0,0.0
vc10,2021-03-22,2021-03-22 14:00:00,,,3,0,0.0
vc10,2021-03-24,2021-03-24 03:00:00,,,2,0,0.0
vc10,2021-03-24,2021-03-24 04:00:00,,,1,0,0.0
vc10,2021-03-24,2021-03-24 08:00:00,,,1,0,0.0
vc10,2021-03-25,2021-03-25 02:00:00,,,1,0,0.0
vc10,2021-03-25,2021-03-25 04:00:00,,,1,0,0.0
vc10,2021-03-25,2021-03-25 07:00:00,,,2,0,0.0
vc10,2021-03-25,2021-03-25 08:00:00,,,1,0,0.0
vc10,2021-03-25,2021-03-25 10:00:00,,,1,0,0.0
vc10,2021-03-25,2021-03-25 14:00:00,,,1,0,0.0
vc10,2021-03-25,2021-03-25 15:00:00,,,1,0,0.0
vc10,2021-03-26,2021-03-26 01:00:00,38.0,38.0,3,1,0.3333333333333333
vc10,2021-03-26,2021-03-26 03:00:00,,,2,0,0.0
vc10,2021-03-26,2021-03-26 04:00:00,,,1,0,0.0
vc10,2021-03-26,2021-03-26 08:00:00,,,1,0,0.0
vc10,2021-03-26,2021-03-26 10:00:00,,,1,0,0.0
vc10,2021-03-26,2021-03-26 13:00:00,,,3,0,0.0
vc10,2021-03-26,2021-03-26 14:00:00,,,1,0,0.0
vc10,2021-03-27,2021-03-27 05:00:00,,,1,0,0.0
vc10,2021-03-27,2021-03-27 07:00:00,,,1,0,0.0
vc10,2021-03-27,2021-03-27 10:00:00,,,1,0,0.0
vc10,2021-03-28,2021-03-28 05:00:00,,,2,0,0.0
vc10,2021-03-28,2021-03-28 12:00:00,,,4,0,0.0
vc10,2021-03-29,2021-03-29 05:00:00,,,1,0,0.0
vc10,2021-03-29,2021-03-29 08:00:00,0.0,0.0,1,1,1.0
vc10,2021-03-29,2021-03-29 09:00:00,,,1,0,0.0
vc10,2021-03-29,2021-03-29 14:00:00,,,2,0,0.0
vc10,2021-03-30,2021-03-30 04:00:00,,,2,0,0.0
vc10,2021-03-30,2021-03-30 05:00:00,,,1,0,0.0
vc10,2021-03-30,2021-03-30 08:00:00,,,1,0,0.0
vc10,2021-03-30,2021-03-30 23:00:00,,,1,0,0.0
vc10,2021-03-31,2021-03-31 06:00:00,,,2,0,0.0
vc10,2021-03-31,2021-03-31 07:00:00,,,3,0,0.0
vc10,2021-03-31,2021-03-31 08:00:00,,,5,0,0.0
vc10,2021-03-31,2021-03-31 09:00:00,,,6,0,0.0
vc10,2021-04-01,2021-04-01 10:00:00,,,1,0,0.0
vc10,2021-04-01,2021-04-01 12:00:00,,,6,0,0.0
vc10,2021-04-01,2021-04-01 13:00:00,,,1,0,0.0
vc10,2021-04-02,2021-04-02 01:00:00,,,1,0,0.0
vc10,2021-04-02,2021-04-02 04:00:00,,,1,0,0.0
vc10,2021-04-02,2021-04-02 10:00:00,,,1,0,0.0
vc10,2021-04-03,2021-04-03 01:00:00,,,1,0,0.0
vc10,2021-04-03,2021-04-03 03:00:00,,,2,0,0.0
vc10,2021-04-03,2021-04-03 04:00:00,,,7,0,0.0
vc10,2021-04-03,2021-04-03 05:00:00,,,5,0,0.0
vc10,2021-04-03,2021-04-03 06:00:00,,,5,0,0.0
vc10,2021-04-04,2021-04-04 02:00:00,,,1,0,0.0
vc10,2021-04-04,2021-04-04 05:00:00,,,1,0,0.0
vc10,2021-04-04,2021-04-04 07:00:00,0.0,0.0,2,1,0.5
vc10,2021-04-04,2021-04-04 10:00:00,0.0,0.0,2,1,0.5
vh17,2021-03-08,2021-03-08 00:00:00,,,2,0,0.0
vh17,2021-03-08,2021-03-08 10:00:00,,,1,0,0.0
vh17,2021-03-08,2021-03-08 11:00:00,,,1,0,0.0
vh17,2021-03-08,2021-03-08 14:00:00,,,2,0,0.0
vh17,2021-03-08,2021-03-08 15:00:00,,,1,0,0.0
vh17,2021-03-08,2021-03-08 16:00:00,,,1,0,0.0
vh17,2021-03-09,2021-03-09 01:00:00,,,1,0,0.0
vh17,2021-03-10,2021-03-10 11:00:00,,,1,0,0.0
vh17,2021-03-11,2021-03-11 02:00:00,,,1,0,0.0
vh17,2021-03-11,2021-03-11 08:00:00,,,2,0,0.0
vh17,2021-03-11,2021-03-11 15:00:00,,,1,0,0.0
vh17,2021-03-11,2021-03-11 17:00:00,0.0,0.0,1,1,1.0
vh17,2021-03-13,2021-03-13 07:00:00,,,1,0,0.0
vh17,2021-03-13,2021-03-13 08:00:00,,,2,0,0.0
vh17,2021-03-13,2021-03-13 09:00:00,,,1,0,0.0
vh17,2021-03-13,2021-03-13 15:00:00,,,1,0,0.0
vh17,2021-03-13,2021-03-13 18:00:00,,,1,0,0.0
vh17,2021-03-14,2021-03-14 03:00:00,,,1,0,0.0
vh17,2021-03-14,2021-03-14 04:00:00,0.0,0.0,1,1,1.0
vh17,2021-03-14,2021-03-14 05:00:00,,,3,0,0.0
vh17,2021-03-14,2021-03-14 17:00:00,,,1,0,0.0
vh17,2021-03-15,2021-03-15 05:00:00,,,1,0,0.0
vh17,2021-03-16,2021-03-16 00:00:00,0.0,0.0,5,2,0.4
vh17,2021-03-17,2021-03-17 07:00:00,,,1,0,0.0
vh17,2021-03-17,2021-03-17 08:00:00,,,1,0,0.0
vh17,2021-03-18,2021-03-18 13:00:00,,,2,0,0.0
vh17,2021-03-18,2021-03-18 17:00:00,,,1,0,0.0
vh17,2021-03-19,2021-03-19 00:00:00,,,1,0,0.0
vh17,2021-03-19,2021-03-19 01:00:00,0.0,0.0,7,5,0.7142857142857143
vh17,2021-03-19,2021-03-19 02:00:00,0.0,0.0,5,2,0.4
vh17,2021-03-19,2021-03-19 05:00:00,,,1,0,0.0
vh17,2021-03-19,2021-03-19 06:00:00,0.0,0.0,1,1,1.0
vh17,2021-03-19,2021-03-19 10:00:00,,,5,0,0.0
vh17,2021-03-21,2021-03-21 05:00:00,,,7,0,0.0
vh17,2021-03-21,2021-03-21 06:00:00,,,4,0,0.0
vh17,2021-03-21,2021-03-21 16:00:00,0.0,0.0,2,1,0.5
vh17,2021-03-22,2021-03-22 16:00:00,,,1,0,0.0
vh17,2021-03-23,2021-03-23 08:00:00,,,1,0,0.0
vh17,2021-03-24,2021-03-24 00:00:00,0.0,0.0,2,2,1.0
vh17,2021-03-24,2021-03-24 01:00:00,,,2,0,0.0
vh17,2021-03-26,2021-03-26 00:00:00,,,1,0,0.0
vh17,2021-03-26,2021-03-26 07:00:00,,,1,0,0.0
vh17,2021-03-26,2021-03-26 11:00:00,,,1,0,0.0
vh17,2021-03-27,2021-03-27 13:00:00,,,1,0,0.0
vh17,2021-03-27,2021-03-27 15:00:00,0.0,0.0,3,1,0.3333333333333333
vh17,2021-03-27,2021-03-27 16:00:00,,,3,0,0.0
vh17,2021-03-28,2021-03-28 09:00:00,,,1,0,0.0
vh17,2021-03-28,2021-03-28 16:00:00,,,1,0,0.0
vh17,2021-03-30,2021-03-30 01:00:00,,,2,0,0.0
vh17,2021-03-30,2021-03-30 02:00:00,,,1,0,0.0
vh17,2021-03-30,2021-03-30 09:00:00,,,1,0,0.0
vh17,2021-03-31,2021-03-31 14:00:00,0.0,0.0,1,1,1.0
vh17,2021-03-31,2021-03-31 16:00:00,,,2,0,0.0
vh17,2021-04-01,2021-04-01 02:00:00,,,7,0,0.0
vh17,2021-04-01,2021-04-01 15:00:00,,,2,0,0.0
vh17,2021-04-01,2021-04-01 17:00:00,0.0,0.0,3,1,0.3333333333333333
vh17,2021-04-02,2021-04-02 02:00:00,,,2,0,0.0
vh17,2021-04-02,2021-04-02 09:00:00,,,1,0,0.0
vh17,2021-04-02,2021-04-02 15:00:00,,,1,0,0.0
vh17,2021-04-02,2021-04-02 16:00:00,,,1,0,0.0
vh17,2021-04-03,2021-04-03 14:00:00,,,2,0,0.0
vh17,2021-04-05,2021-04-05 00:00:00,0.0,0.0,2,2,1.0
vh17,2021-04-05,2021-04-05 01:00:00,,,1,0,0.0
vs14,2021-03-06,2021-03-06 01:00:00,,,2,0,0.0
vs14,2021-03-06,2021-03-06 02:00:00,,,8,0,0.0
vs14,2021-03-06,2021-03-06 03:00:00,,,4,0,0.0
vs14,2021-03-08,2021-03-08 01:00:00,,,1,0,0.0
vs14,2021-03-08,2021-03-08 04:00:00,0.0,0.0,1,1,1.0
vs14,2021-03-08,2021-03-08 09:00:00,,,1,0,0.0
vs14,2021-03-08,2021-03-08 10:00:00,,,3,0,0.0
vs14,2021-03-08,2021-03-08 11:00:00,,,1,0,0.0
vs14,2021-03-08,2021-03-08 14:00:00,,,1,0,0.0
vs14,2021-03-08,2021-03-08 15:00:00,,,1,0,0.0
vs14,2021-03-09,2021-03-09 02:00:00,0.0,0.0,1,1,1.0
vs14,2021-03-09,2021-03-09 05:00:00,0.0,0.0,1,1,1.0
vs14,2021-03-09,2021-03-09 07:00:00,,,3,0,0.0
vs14,2021-03-09,2021-03-09 08:00:00,,,1,0,0.0
vs14,2021-03-09,2021-03-09 10:00:00,,,1,0,0.0
vs14,2021-03-09,2021-03-09 12:00:00,0.0,0.0,1,1,1.0
vs14,2021-03-09,2021-03-09 13:00:00,0.0,0.0,5,1,0.2
vs14,2021-03-09,2021-03-09 15:00:00,0.0,0.0,2,2,1.0
vs14,2021-03-10,2021-03-10 01:00:00,,,2,0,0.0
vs14,2021-03-10,2021-03-10 03:00:00,,,1,0,0.0
vs14,2021-03-10,2021-03-10 04:00:00,,,1,0,0.0
vs14,2021-03-10,2021-03-10 05:00:00,,,1,0,0.0
vs14,2021-03-10,2021-03-10 10:00:00,,,1,0,0.0
vs14,2021-03-10,2021-03-10 12:00:00,0.0,0.0,3,2,0.6666666666666666
vs14,2021-03-10,2021-03-10 13:00:00,,,10,0,0.0
vs14,2021-03-10,2021-03-10 23:00:00,0.0,0.0,5,4,0.8
vs14,2021-03-11,2021-03-11 00:00:00,0.0,0.0,4,3,0.75
vs14,2021-03-11,2021-03-11 02:00:00,,,1,0,0.0
vs14,2021-03-11,2021-03-11 03:00:00,,,3,0,0.0
vs14,2021-03-11,2021-03-11 04:00:00,,,11,0,0.0
vs14,2021-03-11,2021-03-11 05:00:00,,,10,0,0.0
vs14,2021-03-11,2021-03-11 06:00:00,,,7,0,0.0
vs14,2021-03-11,2021-03-11 09:00:00,,,6,0,0.0
vs14,2021-03-11,2021-03-11 11:00:00,,,1,0,0.0
vs14,2021-03-12,2021-03-12 00:00:00,,,1,0,0.0
vs14,2021-03-12,2021-03-12 02:00:00,,,2,0,0.0
vs14,2021-03-12,2021-03-12 03:00:00,,,1,0,0.0
vs14,2021-03-12,2021-03-12 08:00:00,,,1,0,0.0
vs14,2021-03-12,2021-03-12 10:00:00,,,2,0,0.0
vs14,2021-03-12,2021-03-12 12:00:00,,,1,0,0.0
vs14,2021-03-12,2021-03-12 13:00:00,,,1,0,0.0
vs14,2021-03-12,2021-03-12 14:00:00,,,1,0,0.0
vs14,2021-03-13,2021-03-13 00:00:00,0.0,0.0,6,1,0.16666666666666666
vs14,2021-03-13,2021-03-13 01:00:00,,,9,0,0.0
vs14,2021-03-13,2021-03-13 02:00:00,0.0,0.0,4,1,0.25
vs14,2021-03-13,2021-03-13 07:00:00,0.0,0.0,5,1,0.2
vs14,2021-03-13,2021-03-13 12:00:00,0.0,0.0,3,1,0.3333333333333333
vs14,2021-03-13,2021-03-13 13:00:00,,,1,0,0.0
vs14,2021-03-13,2021-03-13 14:00:00,0.0,0.0,3,1,0.3333333333333333
vs14,2021-03-14,2021-03-14 02:00:00,0.0,0.0,4,4,1.0
vs14,2021-03-14,2021-03-14 03:00:00,0.0,0.0,6,3,0.5
vs14,2021-03-14,2021-03-14 04:00:00,0.0,0.0,7,2,0.2857142857142857
vs14,2021-03-14,2021-03-14 05:00:00,0.0,0.0,1,1,1.0
vs14,2021-03-14,2021-03-14 06:00:00,,,1,0,0.0
vs14,2021-03-14,2021-03-14 08:00:00,0.0,0.0,1,1,1.0
vs14,2021-03-14,2021-03-14 10:00:00,,,4,0,0.0
vs14,2021-03-14,2021-03-14 11:00:00,0.0,0.0,3,1,0.3333333333333333
vs14,2021-03-14,2021-03-14 14:00:00,,,1,0,0.0
vs14,2021-03-14,2021-03-14 16:00:00,,,2,0,0.0
vs14,2021-03-14,2021-03-14 17:00:00,0.0,0.0,2,1,0.5
vs14,2021-03-15,2021-03-15 00:00:00,,,1,0,0.0
vs14,2021-03-15,2021-03-15 01:00:00,,,2,0,0.0
vs14,2021-03-15,2021-03-15 02:00:00,0.0,0.0,8,4,0.5
vs14,2021-03-15,2021-03-15 03:00:00,0.0,0.0,1,1,1.0
vs14,2021-03-15,2021-03-15 04:00:00,,,1,0,0.0
vs14,2021-03-15,2021-03-15 05:00:00,0.0,0.0,2,1,0.5
vs14,2021-03-15,2021-03-15 08:00:00,0.0,0.0,3,2,0.6666666666666666
vs14,2021-03-15,2021-03-15 10:00:00,,,4,0,0.0
vs14,2021-03-15,2021-03-15 11:00:00,0.0,0.0,10,1,0.1
vs14,2021-03-15,2021-03-15 12:00:00,,,7,0,0.0
vs14,2021-03-15,2021-03-15 13:00:00,,,3,0,0.0
vs14,2021-03-15,2021-03-15 15:00:00,,,1,0,0.0
vs14,2021-03-15,2021-03-15 17:00:00,,,3,0,0.0
vs14,2021-03-15,2021-03-15 18:00:00,0.0,0.0,1,1,1.0
vs14,2021-03-16,2021-03-16 01:00:00,0.0,0.0,7,1,0.14285714285714285
vs14,2021-03-16,2021-03-16 02:00:00,,,1,0,0.0
vs14,2021-03-16,2021-03-16 03:00:00,,,2,0,0.0
vs14,2021-03-16,2021-03-16 05:00:00,,,1,0,0.0
vs14,2021-03-16,2021-03-16 08:00:00,,,1,0,0.0
vs14,2021-03-16,2021-03-16 12:00:00,0.0,0.0,4,1,0.25
vs14,2021-03-16,2021-03-16 13:00:00,0.0,0.0,3,1,0.3333333333333333
vs14,2021-03-16,2021-03-16 14:00:00,,,4,0,0.0
vs14,2021-03-16,2021-03-16 16:00:00,,,2,0,0.0
vs14,2021-03-17,2021-03-17 03:00:00,,,1,0,0.0
vs14,2021-03-17,2021-03-17 09:00:00,0.0,0.0,8,2,0.25
vs14,2021-03-17,2021-03-17 10:00:00,,,2,0,0.0
vs14,2021-03-17,2021-03-17 12:00:00,,,2,0,0.0
vs14,2021-03-17,2021-03-17 23:00:00,0.0,0.0,2,1,0.5
vs14,2021-03-18,2021-03-18 00:00:00,0.0,0.0,1,1,1.0
vs14,2021-03-18,2021-03-18 02:00:00,,,1,0,0.0
vs14,2021-03-18,2021-03-18 05:00:00,0.0,0.0,1,1,1.0
vs14,2021-03-18,2021-03-18 07:00:00,0.0,0.0,5,1,0.2
vs14,2021-03-18,2021-03-18 08:00:00,5.5,5.5,9,6,0.6666666666666666
vs14,2021-03-18,2021-03-18 09:00:00,,,2,0,0.0
vs14,2021-03-18,2021-03-18 10:00:00,,,3,0,0.0
vs14,2021-03-18,2021-03-18 11:00:00,0.0,0.0,2,1,0.5
vs14,2021-03-18,2021-03-18 13:00:00,,,1,0,0.0
vs14,2021-03-18,2021-03-18 15:00:00,,,1,0,0.0
vs14,2021-03-18,2021-03-18 17:00:00,,,4,0,0.0
vs14,2021-03-19,2021-03-19 07:00:00,,,1,0,0.0
vs14,2021-03-19,2021-03-19 08:00:00,,,1,0,0.0
vs14,2021-03-19,2021-03-19 09:00:00,,,3,0,0.0
vs14,2021-03-19,2021-03-19 12:00:00,,,3,0,0.0
vs14,2021-03-19,2021-03-19 13:00:00,,,1,0,0.0
vs14,2021-03-19,2021-03-19 14:00:00,,,7,0,0.0
vs14,2021-03-19,2021-03-19 15:00:00,0.0,0.0,11,2,0.18181818181818182
vs14,2021-03-20,2021-03-20 01:00:00,0.0,0.0,2,1,0.5
vs14,2021-03-20,2021-03-20 02:00:00,0.0,0.0,5,1,0.2
vs14,2021-03-20,2021-03-20 05:00:00,,,1,0,0.0
vs14,2021-03-20,2021-03-20 06:00:00,,,1,0,0.0
vs14,2021-03-20,2021-03-20 07:00:00,,,1,0,0.0
vs14,2021-03-20,2021-03-20 08:00:00,,,1,0,0.0
vs14,2021-03-20,2021-03-20 09:00:00,0.0,0.0,1,1,1.0
vs14,2021-03-20,2021-03-20 10:00:00,0.0,0.0,3,1,0.3333333333333333
vs14,2021-03-20,2021-03-20 11:00:00,,,3,0,0.0
vs14,2021-03-20,2021-03-20 14:00:00,,,1,0,0.0
vs14,2021-03-21,2021-03-21 02:00:00,0.0,0.0,4,1,0.25
vs14,2021-03-21,2021-03-21 03:00:00,,,6,0,0.0
vs14,2021-03-21,2021-03-21 05:00:00,,,1,0,0.0
vs14,2021-03-21,2021-03-21 06:00:00,,,1,0,0.0
vs14,2021-03-21,2021-03-21 07:00:00,0.0,0.0,4,1,0.25
vs14,2021-03-21,2021-03-21 08:00:00,,,1,0,0.0
vs14,2021-03-21,2021-03-21 12:00:00,,,1,0,0.0
vs14,2021-03-21,2021-03-21 16:00:00,,,2,0,0.0
vs14,2021-03-22,2021-03-22 02:00:00,,,1,0,0.0
vs14,2021-03-22,2021-03-22 03:00:00,0.0,0.0,1,1,1.0
vs14,2021-03-22,2021-03-22 04:00:00,0.0,0.0,1,1,1.0
vs14,2021-03-22,2021-03-22 05:00:00,0.0,0.0,6,1,0.16666666666666666
vs14,2021-03-22,2021-03-22 06:00:00,,,5,0,0.0
vs14,2021-03-22,2021-03-22 08:00:00,,,1,0,0.0
vs14,2021-03-22,2021-03-22 12:00:00,,,2,0,0.0
vs14,2021-03-22,2021-03-22 13:00:00,,,2,0,0.0
vs14,2021-03-23,2021-03-23 03:00:00,,,1,0,0.0
vs14,2021-03-23,2021-03-23 12:00:00,1.4827586206896552,1.4827586206896552,5,1,0.2
vs14,2021-03-23,2021-03-23 13:00:00,0.0,0.0,5,1,0.2
vs14,2021-03-23,2021-03-23 14:00:00,0.0,0.0,3,3,1.0
vs14,2021-03-24,2021-03-24 01:00:00,0.0,0.0,2,1,0.5
vs14,2021-03-24,2021-03-24 02:00:00,,,2,0,0.0
vs14,2021-03-24,2021-03-24 03:00:00,,,2,0,0.0
vs14,2021-03-24,2021-03-24 05:00:00,,,1,0,0.0
vs14,2021-03-24,2021-03-24 06:00:00,,,1,0,0.0
vs14,2021-03-24,2021-03-24 10:00:00,,,1,0,0.0
vs14,2021-03-24,2021-03-24 11:00:00,,,2,0,0.0
vs14,2021-03-24,2021-03-24 12:00:00,,,1,0,0.0
vs14,2021-03-24,2021-03-24 13:00:00,,,6,0,0.0
vs14,2021-03-24,2021-03-24 14:00:00,,,2,0,0.0
vs14,2021-03-25,2021-03-25 00:00:00,0.0,0.0,2,1,0.5
vs14,2021-03-25,2021-03-25 01:00:00,0.0,0.0,1,1,1.0
vs14,2021-03-25,2021-03-25 02:00:00,0.0,0.0,1,1,1.0
vs14,2021-03-25,2021-03-25 03:00:00,,,2,0,0.0
vs14,2021-03-25,2021-03-25 06:00:00,,,1,0,0.0
vs14,2021-03-25,2021-03-25 07:00:00,0.0,0.0,2,2,1.0
vs14,2021-03-25,2021-03-25 08:00:00,0.0,0.0,2,1,0.5
vs14,2021-03-25,2021-03-25 10:00:00,0.0,0.0,5,4,0.8
vs14,2021-03-25,2021-03-25 11:00:00,0.0,0.0,4,1,0.25
vs14,2021-03-25,2021-03-25 12:00:00,,,1,0,0.0
vs14,2021-03-25,2021-03-25 23:00:00,,,6,0,0.0
vs14,2021-03-26,2021-03-26 00:00:00,0.0,0.0,7,2,0.2857142857142857
vs14,2021-03-26,2021-03-26 01:00:00,0.0,0.0,1,1,1.0
vs14,2021-03-26,2021-03-26 02:00:00,,,1,0,0.0
vs14,2021-03-26,2021-03-26 03:00:00,,,1,0,0.0
vs14,2021-03-26,2021-03-26 05:00:00,,,1,0,0.0
vs14,2021-03-26,2021-03-26 07:00:00,,,1,0,0.0
vs14,2021-03-26,2021-03-26 08:00:00,,,2,0,0.0
vs14,2021-03-26,2021-03-26 09:00:00,,,3,0,0.0
vs14,2021-03-27,2021-03-27 01:00:00,0.0,0.0,5,1,0.2
vs14,2021-03-27,2021-03-27 02:00:00,,,4,0,0.0
vs14,2021-03-27,2021-03-27 03:00:00,0.0,0.0,2,1,0.5
vs14,2021-03-27,2021-03-27 04:00:00,0.0,0.0,7,4,0.5714285714285714
vs14,2021-03-27,2021-03-27 05:00:00,,,2,0,0.0
vs14,2021-03-27,2021-03-27 06:00:00,0.0,0.0,4,1,0.25
vs14,2021-03-27,2021-03-27 07:00:00,0.0,0.0,8,1,0.125
vs14,2021-03-27,2021-03-27 08:00:00,0.0,0.0,11,2,0.18181818181818182
vs14,2021-03-27,2021-03-27 09:00:00,,,10,0,0.0
vs14,2021-03-27,2021-03-27 11:00:00,,,5,0,0.0
vs14,2021-03-27,2021-03-27 13:00:00,0.0,0.0,7,4,0.5714285714285714
vs14,2021-03-27,2021-03-27 14:00:00,,,4,0,0.0
vs14,2021-03-28,2021-03-28 02:00:00,,,1,0,0.0
vs14,2021-03-28,2021-03-28 03:00:00,0.0,0.0,4,1,0.25
vs14,2021-03-28,2021-03-28 04:00:00,0.0,0.0,2,1,0.5
vs14,2021-03-28,2021-03-28 05:00:00,0.0,0.0,8,3,0.375
vs14,2021-03-28,2021-03-28 06:00:00,,,11,0,0.0
vs14,2021-03-28,2021-03-28 07:00:00,0.0,0.0,11,1,0.09090909090909091
vs14,2021-03-28,2021-03-28 08:00:00,0.0,0.0,8,1,0.125
vs14,2021-03-28,2021-03-28 09:00:00,,,2,0,0.0
vs14,2021-03-28,2021-03-28 11:00:00,0.0,0.0,3,3,1.0
vs14,2021-03-28,2021-03-28 12:00:00,0.0,0.0,7,3,0.42857142857142855
vs14,2021-03-28,2021-03-28 13:00:00,,,1,0,0.0
vs14,2021-03-28,2021-03-28 23:00:00,0.0,0.0,4,2,0.5
vs14,2021-03-29,2021-03-29 00:00:00,,,1,0,0.0
vs14,2021-03-29,2021-03-29 03:00:00,0.0,0.0,5,2,0.4
vs14,2021-03-29,2021-03-29 04:00:00,,,8,0,0.0
vs14,2021-03-29,2021-03-29 05:00:00,,,4,0,0.0
vs14,2021-03-29,2021-03-29 07:00:00,,,1,0,0.0
vs14,2021-03-29,2021-03-29 09:00:00,,,3,0,0.0
vs14,2021-03-29,2021-03-29 10:00:00,,,1,0,0.0
vs14,2021-03-29,2021-03-29 12:00:00,,,2,0,0.0
vs14,2021-03-29,2021-03-29 23:00:00,0.0,0.0,2,1,0.5
vs14,2021-03-30,2021-03-30 04:00:00,13.0,13.0,1,1,1.0
vs14,2021-03-30,2021-03-30 05:00:00,3.25,3.25,1,1,1.0
vs14,2021-03-30,2021-03-30 08:00:00,,,1,0,0.0
vs14,2021-03-30,2021-03-30 09:00:00,0.0,0.0,1,1,1.0
vs14,2021-03-30,2021-03-30 10:00:00,,,1,0,0.0
vs14,2021-03-30,2021-03-30 12:00:00,,,1,0,0.0
vs14,2021-03-30,2021-03-30 13:00:00,0.0,0.0,2,2,1.0
vs14,2021-03-30,2021-03-30 14:00:00,,,2,0,0.0
vs14,2021-03-31,2021-03-31 00:00:00,0.0,0.0,4,1,0.25
vs14,2021-03-31,2021-03-31 01:00:00,,,6,0,0.0
vs14,2021-03-31,2021-03-31 02:00:00,,,4,0,0.0
vs14,2021-03-31,2021-03-31 04:00:00,,,9,0,0.0
vs14,2021-03-31,2021-03-31 05:00:00,,,4,0,0.0
vs14,2021-03-31,2021-03-31 09:00:00,0.0,0.0,5,1,0.2
vs14,2021-03-31,2021-03-31 10:00:00,0.0,0.0,3,1,0.3333333333333333
vs14,2021-03-31,2021-03-31 11:00:00,,,2,0,0.0
vs14,2021-03-31,2021-03-31 12:00:00,0.0,0.0,7,2,0.2857142857142857
vs14,2021-03-31,2021-03-31 15:00:00,,,3,0,0.0
vs14,2021-04-01,2021-04-01 08:00:00,2.0,2.0,4,3,0.75
vs14,2021-04-01,2021-04-01 09:00:00,0.0,0.0,3,1,0.3333333333333333
vs14,2021-04-01,2021-04-01 12:00:00,0.0,0.0,1,1,1.0
vs14,2021-04-02,2021-04-02 00:00:00,0.0,0.0,2,1,0.5
vs14,2021-04-02,2021-04-02 01:00:00,0.0,0.0,8,2,0.25
vs14,2021-04-02,2021-04-02 02:00:00,,,2,0,0.0
vs14,2021-04-02,2021-04-02 05:00:00,,,1,0,0.0
vs14,2021-04-02,2021-04-02 06:00:00,,,1,0,0.0
vs14,2021-04-02,2021-04-02 07:00:00,,,2,0,0.0
vs14,2021-04-02,2021-04-02 08:00:00,,,1,0,0.0
vs14,2021-04-02,2021-04-02 11:00:00,,,1,0,0.0
vs14,2021-04-02,2021-04-02 12:00:00,,,1,0,0.0
vs14,2021-04-02,2021-04-02 13:00:00,,,1,0,0.0
vs14,2021-04-02,2021-04-02 14:00:00,,,1,0,0.0
vs14,2021-04-02,2021-04-02 15:00:00,,,1,0,0.0
vs14,2021-04-02,2021-04-02 16:00:00,,,1,0,0.0
vs14,2021-04-03,2021-04-03 02:00:00,,,1,0,0.0
vs14,2021-04-03,2021-04-03 03:00:00,,,1,0,0.0
vs14,2021-04-03,2021-04-03 04:00:00,0.0,0.0,1,1,1.0
vs14,2021-04-03,2021-04-03 05:00:00,,,4,0,0.0
vs14,2021-04-03,2021-04-03 06:00:00,,,11,0,0.0
vs14,2021-04-03,2021-04-03 07:00:00,0.0,0.0,3,1,0.3333333333333333
vs14,2021-04-03,2021-04-03 11:00:00,0.0,0.0,7,5,0.7142857142857143
vs14,2021-04-03,2021-04-03 12:00:00,,,1,0,0.0
vs14,2021-04-04,2021-04-04 01:00:00,,,1,0,0.0
vs14,2021-04-04,2021-04-04 02:00:00,0.0,0.0,4,2,0.5
vs14,2021-04-04,2021-04-04 05:00:00,0.0,0.0,3,1,0.3333333333333333
vs14,2021-04-04,2021-04-04 06:00:00,,,10,0,0.0
vs14,2021-04-04,2021-04-04 07:00:00,0.0,0.0,9,2,0.2222222222222222
vs14,2021-04-04,2021-04-04 08:00:00,0.0,0.0,9,4,0.4444444444444444
vs14,2021-04-04,2021-04-04 09:00:00,0.0,0.0,2,2,1.0
vs14,2021-04-04,2021-04-04 10:00:00,,,7,0,0.0
vs14,2021-04-04,2021-04-04 11:00:00,0.0,0.0,12,5,0.4166666666666667
vs14,2021-04-04,2021-04-04 12:00:00,,,1,0,0.0
vs14,2021-04-04,2021-04-04 15:00:00,,,3,0,0.0
vs14,2021-04-04,2021-04-04 16:00:00,,,2,0,0.0
vs14,2021-04-04,2021-04-04 17:00:00,,,3,0,0.0
wc58,2021-03-04,2021-03-04 04:00:00,,,4,0,0.0
wc58,2021-03-04,2021-03-04 05:00:00,,,5,0,0.0
wc58,2021-03-04,2021-03-04 06:00:00,,,5,0,0.0
wc58,2021-03-04,2021-03-04 07:00:00,,,9,0,0.0
wc58,2021-03-04,2021-03-04 08:00:00,,,5,0,0.0
wc58,2021-03-04,2021-03-04 09:00:00,,,4,0,0.0
wc58,2021-03-04,2021-03-04 11:00:00,,,9,0,0.0
wc58,2021-03-04,2021-03-04 12:00:00,,,8,0,0.0
wc58,2021-03-04,2021-03-04 13:00:00,,,7,0,0.0
wc58,2021-03-04,2021-03-04 15:00:00,,,2,0,0.0
wc58,2021-03-04,2021-03-04 16:00:00,,,7,0,0.0
wc58,2021-03-06,2021-03-06 03:00:00,,,1,0,0.0
wc58,2021-03-06,2021-03-06 04:00:00,,,1,0,0.0
wc58,2021-03-06,2021-03-06 05:00:00,,,2,0,0.0
wc58,2021-03-06,2021-03-06 06:00:00,,,10,0,0.0
wc58,2021-03-06,2021-03-06 07:00:00,,,11,0,0.0
wc58,2021-03-06,2021-03-06 08:00:00,,,10,0,0.0
wc58,2021-03-06,2021-03-06 09:00:00,,,2,0,0.0
wc58,2021-03-06,2021-03-06 13:00:00,,,6,0,0.0
wc58,2021-03-06,2021-03-06 14:00:00,,,7,0,0.0
wc58,2021-03-07,2021-03-07 04:00:00,,,1,0,0.0
wc58,2021-03-07,2021-03-07 05:00:00,,,4,0,0.0
wc58,2021-03-07,2021-03-07 06:00:00,,,9,0,0.0
wc58,2021-03-07,2021-03-07 07:00:00,,,10,0,0.0
wc58,2021-03-07,2021-03-07 08:00:00,,,11,0,0.0
wc58,2021-03-07,2021-03-07 09:00:00,,,8,0,0.0
wc58,2021-03-07,2021-03-07 10:00:00,,,10,0,0.0
wc58,2021-03-07,2021-03-07 11:00:00,,,7,0,0.0
wc58,2021-03-07,2021-03-07 12:00:00,,,4,0,0.0
wc58,2021-03-07,2021-03-07 13:00:00,,,4,0,0.0
wc58,2021-03-07,2021-03-07 14:00:00,,,7,0,0.0
wc58,2021-03-07,2021-03-07 15:00:00,4.8,4.8,7,4,0.5714285714285714
wc58,2021-03-07,2021-03-07 16:00:00,,,1,0,0.0
wc58,2021-03-07,2021-03-07 23:00:00,0.0,0.0,3,2,0.6666666666666666
wc58,2021-03-08,2021-03-08 00:00:00,0.0,0.0,7,7,1.0
wc58,2021-03-08,2021-03-08 01:00:00,7.2,7.2,8,8,1.0
wc58,2021-03-08,2021-03-08 02:00:00,0.0,0.0,5,4,0.8
wc58,2021-03-08,2021-03-08 03:00:00,2.5,2.5,5,5,1.0
wc58,2021-03-08,2021-03-08 04:00:00,0.0,0.0,5,4,0.8
wc58,2021-03-08,2021-03-08 05:00:00,0.0,0.0,4,4,1.0
wc58,2021-03-08,2021-03-08 06:00:00,3.8333333333333335,3.8333333333333335,7,7,1.0
wc58,2021-03-08,2021-03-08 07:00:00,0.0,0.0,10,7,0.7
wc58,2021-03-08,2021-03-08 08:00:00,0.0,0.0,4,2,0.5
wc58,2021-03-08,2021-03-08 10:00:00,0.0,0.0,3,3,1.0
wc58,2021-03-08,2021-03-08 11:00:00,0.0,0.0,10,10,1.0
wc58,2021-03-08,2021-03-08 12:00:00,0.0,0.0,1,1,1.0
wc58,2021-03-08,2021-03-08 13:00:00,0.0,0.0,4,4,1.0
wc58,2021-03-08,2021-03-08 14:00:00,16.333333333333332,12.0,5,5,1.0
wc58,2021-03-08,2021-03-08 15:00:00,0.0,0.0,7,6,0.8571428571428571
wc58,2021-03-08,2021-03-08 23:00:00,0.0,0.0,8,3,0.375
wc58,2021-03-09,2021-03-09 00:00:00,0.0,0.0,8,4,0.5
wc58,2021-03-09,2021-03-09 01:00:00,0.0,0.0,11,6,0.5454545454545454
wc58,2021-03-09,2021-03-09 02:00:00,40.33333333333333,32.666666666666664,5,3,0.6
wc58,2021-03-09,2021-03-09 03:00:00,44.1,35.0,7,7,1.0
wc58,2021-03-09,2021-03-09 04:00:00,0.0,0.0,8,7,0.875
wc58,2021-03-09,2021-03-09 05:00:00,0.0,0.0,10,8,0.8
wc58,2021-03-09,2021-03-09 06:00:00,0.0,0.0,5,4,0.8
wc58,2021-03-09,2021-03-09 07:00:00,0.0,0.0,3,1,0.3333333333333333
wc58,2021-03-09,2021-03-09 10:00:00,0.0,0.0,2,2,1.0
wc58,2021-03-09,2021-03-09 11:00:00,0.0,0.0,2,2,1.0
wc58,2021-03-09,2021-03-09 12:00:00,,,11,0,0.0
wc58,2021-03-09,2021-03-09 13:00:00,0.0,0.0,10,2,0.2
wc58,2021-03-09,2021-03-09 14:00:00,,,10,0,0.0
wc58,2021-03-09,2021-03-09 15:00:00,0.0,0.0,10,1,0.1
wc58,2021-03-09,2021-03-09 16:00:00,0.0,0.0,9,2,0.2222222222222222
wc58,2021-03-09,2021-03-09 17:00:00,,,12,0,0.0
wc58,2021-03-09,2021-03-09 18:00:00,0.0,0.0,9,3,0.3333333333333333
wc58,2021-03-09,2021-03-09 19:00:00,,,9,0,0.0
wc58,2021-03-09,2021-03-09 20:00:00,0.0,0.0,12,6,0.5
wc58,2021-03-09,2021-03-09 21:00:00,4.833333333333333,4.833333333333333,3,3,1.0
wc58,2021-03-09,2021-03-09 23:00:00,16.5,16.5,9,6,0.6666666666666666
wc58,2021-03-10,2021-03-10 00:00:00,0.0,0.0,11,11,1.0
wc58,2021-03-10,2021-03-10 01:00:00,0.0,0.0,10,6,0.6
wc58,2021-03-10,2021-03-10 02:00:00,26.0,26.0,11,4,0.36363636363636365
wc58,2021-03-10,2021-03-10 03:00:00,0.0,0.0,7,5,0.7142857142857143
wc58,2021-03-10,2021-03-10 04:00:00,3.25,3.25,8,5,0.625
wc58,2021-03-10,2021-03-10 05:00:00,2.888888888888889,2.888888888888889,5,5,1.0
wc58,2021-03-10,2021-03-10 06:00:00,7.333333333333333,7.333333333333333,6,4,0.6666666666666666
wc58,2021-03-10,2021-03-10 07:00:00,0.0,0.0,5,2,0.4
wc58,2021-03-10,2021-03-10 08:00:00,0.0,0.0,1,1,1.0
wc58,2021-03-10,2021-03-10 09:00:00,0.0,0.0,7,4,0.5714285714285714
wc58,2021-03-10,2021-03-10 10:00:00,0.0,0.0,12,2,0.16666666666666666
wc58,2021-03-10,2021-03-10 11:00:00,0.0,0.0,5,3,0.6
wc58,2021-03-10,2021-03-10 12:00:00,0.0,0.0,7,7,1.0
wc58,2021-03-10,2021-03-10 13:00:00,8.833333333333334,7.0,7,7,1.0
wc58,2021-03-10,2021-03-10 14:00:00,0.0,0.0,11,7,0.6363636363636364
wc58,2021-03-10,2021-03-10 15:00:00,0.0,0.0,10,9,0.9
wc58,2021-03-10,2021-03-10 16:00:00,,,1,0,0.0
wc58,2021-03-10,2021-03-10 23:00:00,7.4,7.4,4,4,1.0
wc58,2021-03-11,2021-03-11 00:00:00,4.555555555555555,4.555555555555555,10,8,0.8
wc58,2021-03-11,2021-03-11 01:00:00,0.0,0.0,7,7,1.0
wc58,2021-03-11,2021-03-11 02:00:00,3.2777777777777777,2.5,4,3,0.75
wc58,2021-03-11,2021-03-11 03:00:00,0.0,0.0,1,1,1.0
wc58,2021-03-11,2021-03-11 04:00:00,2.75,2.75,6,5,0.8333333333333334
wc58,2021-03-11,2021-03-11 05:00:00,7.5,7.5,5,5,1.0
wc58,2021-03-11,2021-03-11 06:00:00,3.333333333333333,3.333333333333333,12,11,0.9166666666666666
wc58,2021-03-11,2021-03-11 07:00:00,2.4285714285714284,2.4285714285714284,6,3,0.5
wc58,2021-03-11,2021-03-11 08:00:00,0.0,0.0,5,1,0.2
wc58,2021-03-11,2021-03-11 09:00:00,0.0,0.0,5,3,0.6
wc58,2021-03-11,2021-03-11 11:00:00,,,1,0,0.0
wc58,2021-03-11,2021-03-11 12:00:00,0.0,0.0,4,4,1.0
wc58,2021-03-11,2021-03-11 13:00:00,19.0,19.0,8,5,0.625
wc58,2021-03-11,2021-03-11 14:00:00,0.0,0.0,8,5,0.625
wc58,2021-03-11,2021-03-11 15:00:00,0.0,0.0,10,6,0.6
wc58,2021-03-11,2021-03-11 16:00:00,32.714285714285715,27.0,3,2,0.6666666666666666
wc58,2021-03-11,2021-03-11 23:00:00,19.666666666666668,19.666666666666668,9,7,0.7777777777777778
wc58,2021-03-12,2021-03-12 00:00:00,4.571428571428571,4.571428571428571,11,10,0.9090909090909091
wc58,2021-03-12,2021-03-12 01:00:00,0.0,0.0,5,5,1.0
wc58,2021-03-12,2021-03-12 02:00:00,5.2,5.2,6,4,0.6666666666666666
wc58,2021-03-12,2021-03-12 04:00:00,0.0,0.0,5,5,1.0
wc58,2021-03-12,2021-03-12 05:00:00,0.0,0.0,1,1,1.0
wc58,2021-03-12,2021-03-12 07:00:00,5.25,2.75,9,8,0.8888888888888888
wc58,2021-03-12,2021-03-12 10:00:00,0.0,0.0,1,1,1.0
wc58,2021-03-12,2021-03-12 11:00:00,6.0,6.0,8,2,0.25
wc58,2021-03-12,2021-03-12 12:00:00,,,11,0,0.0
wc58,2021-03-12,2021-03-12 13:00:00,0.0,0.0,4,1,0.25
wc58,2021-03-12,2021-03-12 14:00:00,0.0,0.0,8,3,0.375
wc58,2021-03-12,2021-03-12 15:00:00,0.0,0.0,9,8,0.8888888888888888
wc58,2021-03-12,2021-03-12 16:00:00,35.125,27.5,8,6,0.75
wc58,2021-03-12,2021-03-12 17:00:00,13.916666666666668,7.25,10,8,0.8
wc58,2021-03-12,2021-03-12 18:00:00,0.0,0.0,8,4,0.5
wc58,2021-03-13,2021-03-13 01:00:00,31.625,31.625,5,4,0.8
wc58,2021-03-13,2021-03-13 02:00:00,6.427927927927927,4.833333333333333,9,5,0.5555555555555556
wc58,2021-03-13,2021-03-13 03:00:00,0.0,0.0,12,1,0.08333333333333333
wc58,2021-03-13,2021-03-13 04:00:00,17.8,17.8,4,2,0.5
wc58,2021-03-13,2021-03-13 05:00:00,0.0,0.0,5,5,1.0
wc58,2021-03-13,2021-03-13 06:00:00,0.0,0.0,5,5,1.0
wc58,2021-03-13,2021-03-13 07:00:00,0.0,0.0,7,7,1.0
wc58,2021-03-13,2021-03-13 08:00:00,0.0,0.0,5,4,0.8
wc58,2021-03-13,2021-03-13 09:00:00,21.65,16.25,10,10,1.0
wc58,2021-03-13,2021-03-13 10:00:00,7.9,7.9,6,3,0.5
wc58,2021-03-13,2021-03-13 11:00:00,0.0,0.0,5,5,1.0
wc58,2021-03-13,2021-03-13 13:00:00,0.0,0.0,6,4,0.6666666666666666
wc58,2021-03-13,2021-03-13 14:00:00,0.0,0.0,5,4,0.8
wc58,2021-03-13,2021-03-13 21:00:00,0.0,0.0,5,2,0.4
wc58,2021-03-13,2021-03-13 22:00:00,2.8,2.8,10,6,0.6
wc58,2021-03-13,2021-03-13 23:00:00,6.0,6.0,10,1,0.1
wc58,2021-03-14,2021-03-14 00:00:00,,,9,0,0.0
wc58,2021-03-14,2021-03-14 01:00:00,,,10,0,0.0
wc58,2021-03-14,2021-03-14 02:00:00,,,12,0,0.0
wc58,2021-03-14,2021-03-14 03:00:00,2.2,2.2,7,4,0.5714285714285714
wc58,2021-03-14,2021-03-14 04:00:00,11.0,6.0,5,5,1.0
wc58,2021-03-14,2021-03-14 05:00:00,0.0,0.0,8,3,0.375
wc58,2021-03-14,2021-03-14 06:00:00,0.0,0.0,6,2,0.3333333333333333
wc58,2021-03-14,2021-03-14 07:00:00,0.0,0.0,6,1,0.16666666666666666
wc58,2021-03-14,2021-03-14 08:00:00,11.5,9.0,6,6,1.0
wc58,2021-03-14,2021-03-14 09:00:00,0.0,0.0,6,5,0.8333333333333334
wc58,2021-03-14,2021-03-14 10:00:00,,,1,0,0.0
wc58,2021-03-14,2021-03-14 11:00:00,0.0,0.0,8,8,1.0
wc58,2021-03-14,2021-03-14 12:00:00,0.0,0.0,4,4,1.0
wc58,2021-03-14,2021-03-14 13:00:00,2.0,2.0,3,3,1.0
wc58,2021-03-14,2021-03-14 14:00:00,0.0,0.0,2,2,1.0
wc58,2021-03-14,2021-03-14 15:00:00,0.0,0.0,8,8,1.0
wc58,2021-03-14,2021-03-14 16:00:00,0.0,0.0,3,2,0.6666666666666666
wc58,2021-03-14,2021-03-14 23:00:00,2.2,2.2,1,1,1.0
wc58,2021-03-15,2021-03-15 00:00:00,0.0,0.0,9,5,0.5555555555555556
wc58,2021-03-15,2021-03-15 01:00:00,0.0,0.0,10,4,0.4
wc58,2021-03-15,2021-03-15 02:00:00,0.0,0.0,7,6,0.8571428571428571
wc58,2021-03-15,2021-03-15 03:00:00,0.0,0.0,2,1,0.5
wc58,2021-03-15,2021-03-15 04:00:00,0.0,0.0,3,1,0.3333333333333333
wc58,2021-03-15,2021-03-15 05:00:00,0.0,0.0,5,2,0.4
wc58,2021-03-15,2021-03-15 06:00:00,,,1,0,0.0
wc58,2021-03-15,2021-03-15 07:00:00,,,3,0,0.0
wc58,2021-03-15,2021-03-15 08:00:00,,,9,0,0.0
wc58,2021-03-15,2021-03-15 09:00:00,0.0,0.0,1,1,1.0
wc58,2021-03-15,2021-03-15 10:00:00,0.0,0.0,5,5,1.0
wc58,2021-03-15,2021-03-15 12:00:00,0.0,0.0,2,1,0.5
wc58,2021-03-15,2021-03-15 13:00:00,17.333333333333336,7.0,9,8,0.8888888888888888
wc58,2021-03-15,2021-03-15 14:00:00,0.0,0.0,5,5,1.0
wc58,2021-03-15,2021-03-15 15:00:00,2.0,2.0,10,10,1.0
wc58,2021-03-15,2021-03-15 16:00:00,4.0,4.0,7,5,0.7142857142857143
wc58,2021-03-15,2021-03-15 17:00:00,0.0,0.0,5,4,0.8
wc58,2021-03-15,2021-03-15 18:00:00,,,2,0,0.0
wc58,2021-03-15,2021-03-15 23:00:00,0.0,0.0,6,4,0.6666666666666666
wc58,2021-03-16,2021-03-16 00:00:00,0.0,0.0,9,4,0.4444444444444444
wc58,2021-03-16,2021-03-16 01:00:00,0.0,0.0,10,7,0.7
wc58,2021-03-16,2021-03-16 02:00:00,11.555555555555555,11.555555555555555,10,7,0.7
wc58,2021-03-16,2021-03-16 03:00:00,,,9,0,0.0
wc58,2021-03-16,2021-03-16 04:00:00,6.4,3.4,12,6,0.5
wc58,2021-03-16,2021-03-16 05:00:00,0.0,0.0,2,1,0.5
wc58,2021-03-16,2021-03-16 06:00:00,2.5,2.5,10,8,0.8
wc58,2021-03-16,2021-03-16 07:00:00,5.5,3.0,6,6,1.0
wc58,2021-03-16,2021-03-16 08:00:00,,,1,0,0.0
wc58,2021-03-16,2021-03-16 09:00:00,0.0,0.0,3,1,0.3333333333333333
wc58,2021-03-16,2021-03-16 10:00:00,0.0,0.0,9,4,0.4444444444444444
wc58,2021-03-16,2021-03-16 11:00:00,0.0,0.0,11,1,0.09090909090909091
wc58,2021-03-16,2021-03-16 12:00:00,0.0,0.0,5,2,0.4
wc58,2021-03-16,2021-03-16 13:00:00,0.0,0.0,4,4,1.0
wc58,2021-03-16,2021-03-16 14:00:00,101.75,67.0,3,2,0.6666666666666666
wc58,2021-03-16,2021-03-16 15:00:00,0.0,0.0,5,1,0.2
wc58,2021-03-16,2021-03-16 20:00:00,0.0,0.0,1,1,1.0
wc58,2021-03-16,2021-03-16 21:00:00,0.0,0.0,1,1,1.0
wc58,2021-03-16,2021-03-16 22:00:00,2.5,2.5,2,1,0.5
wc58,2021-03-16,2021-03-16 23:00:00,0.0,0.0,6,5,0.8333333333333334
wc58,2021-03-17,2021-03-17 00:00:00,0.0,0.0,1,1,1.0
wc58,2021-03-17,2021-03-17 01:00:00,0.0,0.0,1,1,1.0
wc58,2021-03-17,2021-03-17 02:00:00,0.0,0.0,2,1,0.5
wc58,2021-03-17,2021-03-17 04:00:00,,,1,0,0.0
wc58,2021-03-17,2021-03-17 05:00:00,0.6666666666666666,0.6666666666666666,4,3,0.75
wc58,2021-03-17,2021-03-17 06:00:00,0.0,0.0,9,6,0.6666666666666666
wc58,2021-03-17,2021-03-17 08:00:00,,,3,0,0.0
wc58,2021-03-17,2021-03-17 09:00:00,,,9,0,0.0
wc58,2021-03-17,2021-03-17 10:00:00,0.0,0.0,11,1,0.09090909090909091
wc58,2021-03-17,2021-03-17 11:00:00,,,4,0,0.0
wc58,2021-03-17,2021-03-17 12:00:00,0.0,0.0,8,6,0.75
wc58,2021-03-17,2021-03-17 13:00:00,2.333333333333333,2.333333333333333,1,1,1.0
wc58,2021-03-17,2021-03-17 15:00:00,0.0,0.0,7,3,0.42857142857142855
wc58,2021-03-17,2021-03-17 21:00:00,21.6,21.6,2,1,0.5
wc58,2021-03-17,2021-03-17 22:00:00,0.0,0.0,5,4,0.8
wc58,2021-03-17,2021-03-17 23:00:00,0.0,0.0,4,4,1.0
wc58,2021-03-18,2021-03-18 00:00:00,0.0,0.0,5,4,0.8
wc58,2021-03-18,2021-03-18 01:00:00,0.0,0.0,3,2,0.6666666666666666
wc58,2021-03-18,2021-03-18 02:00:00,0.0,0.0,3,1,0.3333333333333333
wc58,2021-03-18,2021-03-18 03:00:00,0.0,0.0,3,1,0.3333333333333333
wc58,2021-03-18,2021-03-18 04:00:00,0.0,0.0,5,2,0.4
wc58,2021-03-18,2021-03-18 05:00:00,24.0,24.0,9,7,0.7777777777777778
wc58,2021-03-18,2021-03-18 06:00:00,0.0,0.0,11,8,0.7272727272727273
wc58,2021-03-18,2021-03-18 07:00:00,0.0,0.0,11,3,0.2727272727272727
wc58,2021-03-18,2021-03-18 08:00:00,52.75,52.75,9,5,0.5555555555555556
wc58,2021-03-18,2021-03-18 09:00:00,,,12,0,0.0
wc58,2021-03-18,2021-03-18 10:00:00,,,9,0,0.0
wc58,2021-03-18,2021-03-18 11:00:00,0.0,0.0,11,1,0.09090909090909091
wc58,2021-03-18,2021-03-18 12:00:00,,,2,0,0.0
wc58,2021-03-18,2021-03-18 13:00:00,0.0,0.0,2,2,1.0
wc58,2021-03-18,2021-03-18 14:00:00,1.8333333333333333,1.8333333333333333,8,8,1.0
wc58,2021-03-18,2021-03-18 23:00:00,19.3,12.5,8,7,0.875
wc58,2021-03-19,2021-03-19 00:00:00,0.0,0.0,10,8,0.8
wc58,2021-03-19,2021-03-19 01:00:00,3.6666666666666665,3.6666666666666665,9,7,0.7777777777777778
wc58,2021-03-19,2021-03-19 02:00:00,32.44155844155844,28.714285714285715,11,7,0.6363636363636364
wc58,2021-03-19,2021-03-19 03:00:00,51.416666666666664,36.25,7,6,0.8571428571428571
wc58,2021-03-19,2021-03-19 04:00:00,0.0,0.0,12,10,0.8333333333333334
wc58,2021-03-19,2021-03-19 05:00:00,0.0,0.0,7,5,0.7142857142857143
wc58,2021-03-19,2021-03-19 06:00:00,,,2,0,0.0
wc58,2021-03-19,2021-03-19 07:00:00,2.0,2.0,2,2,1.0
wc58,2021-03-19,2021-03-19 08:00:00,0.0,0.0,8,8,1.0
wc58,2021-03-19,2021-03-19 09:00:00,9.292307692307693,4.6923076923076925,9,8,0.8888888888888888
wc58,2021-03-19,2021-03-19 10:00:00,17.0,17.0,9,1,0.1111111111111111
wc58,2021-03-19,2021-03-19 11:00:00,,,10,0,0.0
wc58,2021-03-19,2021-03-19 12:00:00,0.0,0.0,7,1,0.14285714285714285
wc58,2021-03-19,2021-03-19 13:00:00,,,9,0,0.0
wc58,2021-03-19,2021-03-19 14:00:00,,,6,0,0.0
wc58,2021-03-20,2021-03-20 03:00:00,3.5,2.0,7,7,1.0
wc58,2021-03-20,2021-03-20 04:00:00,3.583333333333333,1.8333333333333333,2,2,1.0
wc58,2021-03-20,2021-03-20 05:00:00,2.4000000000000004,2.2,7,7,1.0
wc58,2021-03-20,2021-03-20 06:00:00,0.0,0.0,3,3,1.0
wc58,2021-03-20,2021-03-20 07:00:00,,,2,0,0.0
wc58,2021-03-20,2021-03-20 08:00:00,3.75,3.75,9,8,0.8888888888888888
wc58,2021-03-20,2021-03-20 09:00:00,0.0,0.0,9,8,0.8888888888888888
wc58,2021-03-20,2021-03-20 10:00:00,3.6666666666666665,3.6666666666666665,12,6,0.5
wc58,2021-03-20,2021-03-20 11:00:00,,,8,0,0.0
wc58,2021-03-20,2021-03-20 12:00:00,,,7,0,0.0
wc58,2021-03-20,2021-03-20 13:00:00,0.0,0.0,9,1,0.1111111111111111
wc58,2021-03-20,2021-03-20 14:00:00,0.0,0.0,9,1,0.1111111111111111
wc58,2021-03-20,2021-03-20 15:00:00,0.0,0.0,10,1,0.1
wc58,2021-03-20,2021-03-20 16:00:00,2.0,2.0,10,8,0.8
wc58,2021-03-20,2021-03-20 17:00:00,0.0,0.0,10,4,0.4
wc58,2021-03-20,2021-03-20 18:00:00,0.0,0.0,12,5,0.4166666666666667
wc58,2021-03-21,2021-03-21 00:00:00,0.0,0.0,1,1,1.0
wc58,2021-03-21,2021-03-21 03:00:00,0.0,0.0,3,1,0.3333333333333333
wc58,2021-03-21,2021-03-21 04:00:00,0.0,0.0,2,2,1.0
wc58,2021-03-21,2021-03-21 05:00:00,3.6666666666666665,3.6666666666666665,4,4,1.0
wc58,2021-03-21,2021-03-21 06:00:00,0.0,0.0,5,5,1.0
wc58,2021-03-21,2021-03-21 07:00:00,0.0,0.0,5,4,0.8
wc58,2021-03-21,2021-03-21 08:00:00,0.0,0.0,10,4,0.4
wc58,2021-03-21,2021-03-21 09:00:00,,,9,0,0.0
wc58,2021-03-21,2021-03-21 10:00:00,0.0,0.0,8,1,0.125
wc58,2021-03-21,2021-03-21 11:00:00,0.0,0.0,5,3,0.6
wc58,2021-03-21,2021-03-21 12:00:00,0.0,0.0,8,7,0.875
wc58,2021-03-21,2021-03-21 13:00:00,0.0,0.0,5,4,0.8
wc58,2021-03-21,2021-03-21 14:00:00,0.0,0.0,1,1,1.0
wc58,2021-03-21,2021-03-21 15:00:00,0.0,0.0,2,2,1.0
wc58,2021-03-21,2021-03-21 23:00:00,2.5,2.5,2,2,1.0
wc58,2021-03-22,2021-03-22 00:00:00,0.0,0.0,6,4,0.6666666666666666
wc58,2021-03-22,2021-03-22 01:00:00,0.0,0.0,5,3,0.6
wc58,2021-03-22,2021-03-22 02:00:00,0.0,0.0,4,3,0.75
wc58,2021-03-22,2021-03-22 03:00:00,0.0,0.0,4,4,1.0
wc58,2021-03-22,2021-03-22 04:00:00,0.0,0.0,9,3,0.3333333333333333
wc58,2021-03-22,2021-03-22 05:00:00,0.0,0.0,10,5,0.5
wc58,2021-03-22,2021-03-22 06:00:00,2.75,2.75,5,4,0.8
wc58,2021-03-22,2021-03-22 07:00:00,0.0,0.0,2,1,0.5
wc58,2021-03-22,2021-03-22 08:00:00,0.0,0.0,3,3,1.0
wc58,2021-03-22,2021-03-22 09:00:00,0.0,0.0,8,5,0.625
wc58,2021-03-22,2021-03-22 10:00:00,0.0,0.0,3,2,0.6666666666666666
wc58,2021-03-22,2021-03-22 11:00:00,,,1,0,0.0
wc58,2021-03-22,2021-03-22 12:00:00,0.0,0.0,3,2,0.6666666666666666
wc58,2021-03-22,2021-03-22 14:00:00,59.0,59.0,1,1,1.0
wc58,2021-03-22,2021-03-22 15:00:00,0.0,0.0,3,1,0.3333333333333333
wc58,2021-03-22,2021-03-22 23:00:00,0.0,0.0,7,4,0.5714285714285714
wc58,2021-03-23,2021-03-23 00:00:00,0.0,0.0,9,7,0.7777777777777778
wc58,2021-03-23,2021-03-23 01:00:00,0.0,0.0,6,5,0.8333333333333334
wc58,2021-03-23,2021-03-23 02:00:00,2.647058823529412,2.647058823529412,5,1,0.2
wc58,2021-03-23,2021-03-23 03:00:00,0.0,0.0,4,4,1.0
wc58,2021-03-23,2021-03-23 04:00:00,13.074074074074074,11.333333333333334,8,6,0.75
wc58,2021-03-23,2021-03-23 05:00:00,0.0,0.0,12,10,0.8333333333333334
wc58,2021-03-23,2021-03-23 06:00:00,0.0,0.0,5,3,0.6
wc58,2021-03-23,2021-03-23 07:00:00,0.0,0.0,10,5,0.5
wc58,2021-03-23,2021-03-23 08:00:00,3.75,3.75,4,4,1.0
wc58,2021-03-23,2021-03-23 09:00:00,3.8,3.8,1,1,1.0
wc58,2021-03-23,2021-03-23 23:00:00,42.66666666666666,42.66666666666666,6,6,1.0
wc58,2021-03-24,2021-03-24 00:00:00,0.6666666666666666,0.6666666666666666,12,8,0.6666666666666666
wc58,2021-03-24,2021-03-24 01:00:00,0.0,0.0,12,6,0.5
wc58,2021-03-24,2021-03-24 02:00:00,2.5454545454545454,2.5454545454545454,8,4,0.5
wc58,2021-03-24,2021-03-24 03:00:00,0.0,0.0,4,3,0.75
wc58,2021-03-24,2021-03-24 04:00:00,0.0,0.0,4,3,0.75
wc58,2021-03-24,2021-03-24 05:00:00,0.0,0.0,8,4,0.5
wc58,2021-03-24,2021-03-24 06:00:00,5.0,5.0,7,5,0.7142857142857143
wc58,2021-03-24,2021-03-24 07:00:00,0.0,0.0,9,6,0.6666666666666666
wc58,2021-03-24,2021-03-24 08:00:00,12.384615384615383,12.384615384615383,11,8,0.7272727272727273
wc58,2021-03-24,2021-03-24 09:00:00,8.416666666666668,4.25,6,6,1.0
wc58,2021-03-24,2021-03-24 10:00:00,0.0,0.0,7,7,1.0
wc58,2021-03-24,2021-03-24 11:00:00,0.0,0.0,7,7,1.0
wc58,2021-03-24,2021-03-24 12:00:00,0.0,0.0,8,8,1.0
wc58,2021-03-24,2021-03-24 13:00:00,0.0,0.0,8,5,0.625
wc58,2021-03-24,2021-03-24 14:00:00,2.5,2.5,9,8,0.8888888888888888
wc58,2021-03-24,2021-03-24 22:00:00,4.7333333333333325,2.4,2,2,1.0
wc58,2021-03-24,2021-03-24 23:00:00,0.0,0.0,8,5,0.625
wc58,2021-03-25,2021-03-25 00:00:00,0.0,0.0,10,5,0.5
wc58,2021-03-25,2021-03-25 01:00:00,0.0,0.0,6,4,0.6666666666666666
wc58,2021-03-25,2021-03-25 02:00:00,0.0,0.0,4,4,1.0
wc58,2021-03-25,2021-03-25 03:00:00,0.0,0.0,3,2,0.6666666666666666
wc58,2021-03-25,2021-03-25 04:00:00,0.0,0.0,1,1,1.0
wc58,2021-03-25,2021-03-25 05:00:00,,,1,0,0.0
wc58,2021-03-25,2021-03-25 06:00:00,0.0,0.0,1,1,1.0
wc58,2021-03-25,2021-03-25 07:00:00,0.0,0.0,2,1,0.5
wc58,2021-03-25,2021-03-25 09:00:00,0.0,0.0,1,1,1.0
wc58,2021-03-25,2021-03-25 11:00:00,1.2857142857142858,1.2857142857142858,5,4,0.8
wc58,2021-03-25,2021-03-25 12:00:00,2.571428571428572,2.571428571428572,9,5,0.5555555555555556
wc58,2021-03-25,2021-03-25 13:00:00,0.0,0.0,11,2,0.18181818181818182
wc58,2021-03-25,2021-03-25 14:00:00,,,9,0,0.0
wc58,2021-03-25,2021-03-25 15:00:00,,,10,0,0.0
wc58,2021-03-25,2021-03-25 16:00:00,,,10,0,0.0
wc58,2021-03-25,2021-03-25 17:00:00,0.0,0.0,5,1,0.2
wc58,2021-03-25,2021-03-25 23:00:00,27.916666666666668,18.0,8,8,1.0
wc58,2021-03-26,2021-03-26 00:00:00,0.0,0.0,11,7,0.6363636363636364
wc58,2021-03-26,2021-03-26 01:00:00,0.0,0.0,6,2,0.3333333333333333
wc58,2021-03-26,2021-03-26 03:00:00,0.0,0.0,1,1,1.0
wc58,2021-03-26,2021-03-26 08:00:00,0.0,0.0,1,1,1.0
wc58,2021-03-26,2021-03-26 10:00:00,0.0,0.0,2,2,1.0
wc58,2021-03-26,2021-03-26 11:00:00,0.0,0.0,4,3,0.75
wc58,2021-03-26,2021-03-26 12:00:00,0.0,0.0,4,3,0.75
wc58,2021-03-26,2021-03-26 13:00:00,15.939393939393938,9.666666666666666,5,4,0.8
wc58,2021-03-26,2021-03-26 14:00:00,0.0,0.0,2,1,0.5
wc58,2021-03-26,2021-03-26 15:00:00,,,2,0,0.0
wc58,2021-03-27,2021-03-27 23:00:00,92.0,92.0,7,2,0.2857142857142857
wc58,2021-03-28,2021-03-28 00:00:00,31.0,31.0,7,7,1.0
wc58,2021-03-28,2021-03-28 01:00:00,37.5,26.5,8,4,0.5
wc58,2021-03-28,2021-03-28 02:00:00,0.0,0.0,11,1,0.09090909090909091
wc58,2021-03-28,2021-03-28 03:00:00,,,9,0,0.0
wc58,2021-03-28,2021-03-28 04:00:00,,,11,0,0.0
wc58,2021-03-28,2021-03-28 05:00:00,,,9,0,0.0
wc58,2021-03-28,2021-03-28 06:00:00,,,10,0,0.0
wc58,2021-03-28,2021-03-28 07:00:00,0.0,0.0,11,1,0.09090909090909091
wc58,2021-03-28,2021-03-28 08:00:00,24.5,24.5,4,1,0.25
wc58,2021-03-28,2021-03-28 09:00:00,1.7142857142857142,1.7142857142857142,8,7,0.875
wc58,2021-03-28,2021-03-28 11:00:00,0.0,0.0,8,6,0.75
wc58,2021-03-28,2021-03-28 12:00:00,0.0,0.0,4,2,0.5
wc58,2021-03-28,2021-03-28 22:00:00,0.0,0.0,1,1,1.0
wc58,2021-03-28,2021-03-28 23:00:00,0.0,0.0,5,2,0.4
wc58,2021-03-29,2021-03-29 00:00:00,0.0,0.0,6,2,0.3333333333333333
wc58,2021-03-29,2021-03-29 01:00:00,0.0,0.0,3,2,0.6666666666666666
wc58,2021-03-29,2021-03-29 03:00:00,0.0,0.0,1,1,1.0
wc58,2021-03-29,2021-03-29 04:00:00,,,1,0,0.0
wc58,2021-03-29,2021-03-29 05:00:00,0.0,0.0,2,1,0.5
wc58,2021-03-29,2021-03-29 07:00:00,0.0,0.0,1,1,1.0
wc58,2021-03-29,2021-03-29 08:00:00,,,1,0,0.0
wc58,2021-03-29,2021-03-29 09:00:00,0.0,0.0,1,1,1.0
wc58,2021-03-29,2021-03-29 12:00:00,1.75,1.75,5,4,0.8
wc58,2021-03-29,2021-03-29 13:00:00,4.833333333333333,3.1666666666666665,9,8,0.8888888888888888
wc58,2021-03-29,2021-03-29 14:00:00,32.5,32.5,9,9,1.0
wc58,2021-03-29,2021-03-29 15:00:00,0.0,0.0,7,7,1.0
wc58,2021-03-29,2021-03-29 16:00:00,0.0,0.0,9,7,0.7777777777777778
wc58,2021-03-29,2021-03-29 22:00:00,55.0,55.0,7,2,0.2857142857142857
wc58,2021-03-29,2021-03-29 23:00:00,0.0,0.0,7,1,0.14285714285714285
wc58,2021-03-30,2021-03-30 00:00:00,0.0,0.0,1,1,1.0
wc58,2021-03-30,2021-03-30 01:00:00,0.0,0.0,1,1,1.0
wc58,2021-03-30,2021-03-30 02:00:00,0.0,0.0,9,2,0.2222222222222222
wc58,2021-03-30,2021-03-30 03:00:00,19.75,19.75,9,4,0.4444444444444444
wc58,2021-03-30,2021-03-30 04:00:00,0.0,0.0,4,4,1.0
wc58,2021-03-30,2021-03-30 05:00:00,0.0,0.0,2,1,0.5
wc58,2021-03-30,2021-03-30 06:00:00,0.0,0.0,6,6,1.0
wc58,2021-03-30,2021-03-30 07:00:00,1.3333333333333333,1.3333333333333333,5,5,1.0
wc58,2021-03-30,2021-03-30 08:00:00,0.0,0.0,3,3,1.0
wc58,2021-03-30,2021-03-30 09:00:00,0.0,0.0,2,2,1.0
wc58,2021-03-30,2021-03-30 10:00:00,0.0,0.0,6,6,1.0
wc58,2021-03-30,2021-03-30 11:00:00,0.0,0.0,5,3,0.6
wc58,2021-03-30,2021-03-30 12:00:00,0.0,0.0,2,2,1.0
wc58,2021-03-30,2021-03-30 13:00:00,0.0,0.0,5,5,1.0
wc58,2021-03-30,2021-03-30 14:00:00,8.642857142857142,5.142857142857143,5,4,0.8
wc58,2021-03-30,2021-03-30 15:00:00,3.333333333333333,3.333333333333333,9,7,0.7777777777777778
wc58,2021-03-30,2021-03-30 16:00:00,,,1,0,0.0
wc58,2021-03-30,2021-03-30 22:00:00,0.0,0.0,6,3,0.5
wc58,2021-03-30,2021-03-30 23:00:00,0.0,0.0,3,1,0.3333333333333333
wc58,2021-03-31,2021-03-31 00:00:00,0.0,0.0,6,1,0.16666666666666666
wc58,2021-03-31,2021-03-31 01:00:00,,,1,0,0.0
wc58,2021-03-31,2021-03-31 02:00:00,,,2,0,0.0
wc58,2021-03-31,2021-03-31 03:00:00,0.0,0.0,9,1,0.1111111111111111
wc58,2021-03-31,2021-03-31 04:00:00,0.0,0.0,4,1,0.25
wc58,2021-03-31,2021-03-31 05:00:00,0.0,0.0,2,2,1.0
wc58,2021-03-31,2021-03-31 07:00:00,0.0,0.0,7,4,0.5714285714285714
wc58,2021-03-31,2021-03-31 08:00:00,0.0,0.0,5,1,0.2
wc58,2021-03-31,2021-03-31 13:00:00,0.0,0.0,1,1,1.0
wc58,2021-04-01,2021-04-01 02:00:00,11.11111111111111,11.11111111111111,9,3,0.3333333333333333
wc58,2021-04-01,2021-04-01 03:00:00,4.25,4.25,7,6,0.8571428571428571
wc58,2021-04-01,2021-04-01 05:00:00,0.0,0.0,9,8,0.8888888888888888
wc58,2021-04-01,2021-04-01 06:00:00,0.0,0.0,8,3,0.375
wc58,2021-04-01,2021-04-01 07:00:00,0.0,0.0,11,10,0.9090909090909091
wc58,2021-04-01,2021-04-01 08:00:00,0.0,0.0,7,6,0.8571428571428571
wc58,2021-04-01,2021-04-01 11:00:00,5.4,5.4,2,2,1.0
wc58,2021-04-01,2021-04-01 12:00:00,0.0,0.0,9,6,0.6666666666666666
wc58,2021-04-01,2021-04-01 13:00:00,0.0,0.0,6,4,0.6666666666666666
wc58,2021-04-01,2021-04-01 14:00:00,0.0,0.0,3,3,1.0
wc58,2021-04-01,2021-04-01 15:00:00,0.0,0.0,7,7,1.0
wc58,2021-04-02,2021-04-02 00:00:00,31.416666666666668,28.666666666666668,11,10,0.9090909090909091
wc58,2021-04-02,2021-04-02 01:00:00,0.0,0.0,12,11,0.9166666666666666
wc58,2021-04-02,2021-04-02 02:00:00,0.0,0.0,6,5,0.8333333333333334
wc58,2021-04-02,2021-04-02 03:00:00,0.0,0.0,1,1,1.0
wc58,2021-04-02,2021-04-02 05:00:00,0.0,0.0,1,1,1.0
wc58,2021-04-02,2021-04-02 08:00:00,0.0,0.0,1,1,1.0
wc58,2021-04-02,2021-04-02 12:00:00,,,2,0,0.0
wc58,2021-04-03,2021-04-03 05:00:00,0.0,0.0,4,4,1.0
wc58,2021-04-03,2021-04-03 06:00:00,,,2,0,0.0
wc58,2021-04-03,2021-04-03 07:00:00,0.0,0.0,4,3,0.75
we59,2021-03-08,2021-03-08 08:00:00,,,1,0,0.0
we59,2021-03-08,2021-03-08 10:00:00,3.25,3.25,2,1,0.5
we59,2021-03-08,2021-03-08 14:00:00,0.0,0.0,1,1,1.0
we59,2021-03-09,2021-03-09 00:00:00,,,1,0,0.0
we59,2021-03-09,2021-03-09 06:00:00,,,2,0,0.0
we59,2021-03-09,2021-03-09 07:00:00,,,8,0,0.0
we59,2021-03-09,2021-03-09 08:00:00,,,3,0,0.0
we59,2021-03-10,2021-03-10 09:00:00,,,1,0,0.0
we59,2021-03-10,2021-03-10 15:00:00,,,1,0,0.0
we59,2021-03-11,2021-03-11 06:00:00,,,3,0,0.0
we59,2021-03-11,2021-03-11 07:00:00,,,1,0,0.0
we59,2021-03-12,2021-03-12 19:00:00,,,5,0,0.0
we59,2021-03-12,2021-03-12 20:00:00,,,11,0,0.0
we59,2021-03-13,2021-03-13 05:00:00,,,1,0,0.0
we59,2021-03-13,2021-03-13 15:00:00,,,1,0,0.0
we59,2021-03-13,2021-03-13 16:00:00,,,4,0,0.0
we59,2021-03-13,2021-03-13 17:00:00,,,2,0,0.0
we59,2021-03-14,2021-03-14 04:00:00,,,1,0,0.0
we59,2021-03-14,2021-03-14 13:00:00,,,2,0,0.0
we59,2021-03-16,2021-03-16 03:00:00,0.0,0.0,2,1,0.5
we59,2021-03-16,2021-03-16 06:00:00,,,8,0,0.0
we59,2021-03-16,2021-03-16 07:00:00,,,2,0,0.0
we59,2021-03-16,2021-03-16 08:00:00,0.0,0.0,1,1,1.0
we59,2021-03-16,2021-03-16 09:00:00,,,3,0,0.0
we59,2021-03-18,2021-03-18 08:00:00,,,1,0,0.0
we59,2021-03-18,2021-03-18 12:00:00,0.0,0.0,2,1,0.5
we59,2021-03-19,2021-03-19 06:00:00,0.0,0.0,1,1,1.0
we59,2021-03-19,2021-03-19 07:00:00,,,4,0,0.0
we59,2021-03-19,2021-03-19 10:00:00,0.0,0.0,1,1,1.0
we59,2021-03-19,2021-03-19 11:00:00,,,1,0,0.0
we59,2021-03-19,2021-03-19 12:00:00,,,1,0,0.0
we59,2021-03-19,2021-03-19 13:00:00,0.0,0.0,3,1,0.3333333333333333
we59,2021-03-19,2021-03-19 14:00:00,,,1,0,0.0
we59,2021-03-19,2021-03-19 15:00:00,,,1,0,0.0
we59,2021-03-20,2021-03-20 13:00:00,,,3,0,0.0
we59,2021-03-20,2021-03-20 20:00:00,,,8,0,0.0
we59,2021-03-20,2021-03-20 21:00:00,,,11,0,0.0
we59,2021-03-20,2021-03-20 22:00:00,0.0,0.0,10,1,0.1
we59,2021-03-20,2021-03-20 23:00:00,,,10,0,0.0
we59,2021-03-21,2021-03-21 00:00:00,0.0,0.0,5,1,0.2
we59,2021-03-21,2021-03-21 06:00:00,0.0,0.0,1,1,1.0
we59,2021-03-21,2021-03-21 09:00:00,,,1,0,0.0
we59,2021-03-21,2021-03-21 13:00:00,0.0,0.0,2,1,0.5
we59,2021-03-21,2021-03-21 14:00:00,,,3,0,0.0
we59,2021-03-21,2021-03-21 15:00:00,,,1,0,0.0
we59,2021-03-23,2021-03-23 02:00:00,,,1,0,0.0
we59,2021-03-23,2021-03-23 05:00:00,,,1,0,0.0
we59,2021-03-23,2021-03-23 07:00:00,,,1,0,0.0
we59,2021-03-23,2021-03-23 08:00:00,,,1,0,0.0
we59,2021-03-23,2021-03-23 09:00:00,,,1,0,0.0
we59,2021-03-25,2021-03-25 07:00:00,48.75,48.75,1,1,1.0
we59,2021-03-27,2021-03-27 11:00:00,,,3,0,0.0
we59,2021-03-27,2021-03-27 13:00:00,0.0,0.0,5,1,0.2
we59,2021-03-27,2021-03-27 14:00:00,,,2,0,0.0
we59,2021-03-28,2021-03-28 06:00:00,,,2,0,0.0
we59,2021-03-28,2021-03-28 07:00:00,,,10,0,0.0
we59,2021-03-28,2021-03-28 08:00:00,,,2,0,0.0
we59,2021-03-28,2021-03-28 13:00:00,,,3,0,0.0
we59,2021-03-28,2021-03-28 14:00:00,,,1,0,0.0
we59,2021-03-28,2021-03-28 15:00:00,,,1,0,0.0
we59,2021-03-29,2021-03-29 06:00:00,,,1,0,0.0
we59,2021-03-29,2021-03-29 15:00:00,,,1,0,0.0
we59,2021-03-30,2021-03-30 03:00:00,,,2,0,0.0
we59,2021-03-30,2021-03-30 14:00:00,0.0,0.0,1,1,1.0
we59,2021-03-31,2021-03-31 05:00:00,,,2,0,0.0
we59,2021-03-31,2021-03-31 07:00:00,,,1,0,0.0
we59,2021-03-31,2021-03-31 09:00:00,,,2,0,0.0
we59,2021-03-31,2021-03-31 12:00:00,0.0,0.0,3,2,0.6666666666666666
we59,2021-03-31,2021-03-31 14:00:00,,,1,0,0.0
we59,2021-04-01,2021-04-01 07:00:00,,,1,0,0.0
we59,2021-04-01,2021-04-01 10:00:00,,,1,0,0.0
we59,2021-04-02,2021-04-02 04:00:00,,,1,0,0.0
we59,2021-04-03,2021-04-03 03:00:00,,,1,0,0.0
we59,2021-04-03,2021-04-03 06:00:00,0.0,0.0,2,1,0.5
we59,2021-04-03,2021-04-03 10:00:00,,,3,0,0.0
we59,2021-04-03,2021-04-03 13:00:00,25.0,25.0,3,1,0.3333333333333333
we59,2021-04-03,2021-04-03 14:00:00,0.0,0.0,1,1,1.0
we59,2021-04-04,2021-04-04 04:00:00,,,1,0,0.0
xp20,2021-03-07,2021-03-07 21:00:00,0.0,0.0,1,1,1.0
xp20,2021-03-08,2021-03-08 00:00:00,,,1,0,0.0
xp20,2021-03-08,2021-03-08 01:00:00,,,2,0,0.0
xp20,2021-03-08,2021-03-08 02:00:00,,,2,0,0.0
xp20,2021-03-08,2021-03-08 03:00:00,,,1,0,0.0
xp20,2021-03-08,2021-03-08 04:00:00,,,1,0,0.0
xp20,2021-03-08,2021-03-08 05:00:00,0.0,0.0,4,1,0.25
xp20,2021-03-08,2021-03-08 06:00:00,,,2,0,0.0
xp20,2021-03-08,2021-03-08 07:00:00,,,3,0,0.0
xp20,2021-03-08,2021-03-08 08:00:00,0.0,0.0,4,1,0.25
xp20,2021-03-08,2021-03-08 09:00:00,,,2,0,0.0
xp20,2021-03-08,2021-03-08 10:00:00,0.0,0.0,3,1,0.3333333333333333
xp20,2021-03-08,2021-03-08 11:00:00,0.0,0.0,5,1,0.2
xp20,2021-03-09,2021-03-09 00:00:00,,,1,0,0.0
xp20,2021-03-09,2021-03-09 01:00:00,,,5,0,0.0
xp20,2021-03-09,2021-03-09 02:00:00,,,1,0,0.0
xp20,2021-03-09,2021-03-09 06:00:00,,,2,0,0.0
xp20,2021-03-09,2021-03-09 07:00:00,,,4,0,0.0
xp20,2021-03-09,2021-03-09 08:00:00,,,1,0,0.0
xp20,2021-03-09,2021-03-09 11:00:00,,,1,0,0.0
xp20,2021-03-09,2021-03-09 13:00:00,,,4,0,0.0
xp20,2021-03-10,2021-03-10 00:00:00,,,1,0,0.0
xp20,2021-03-10,2021-03-10 01:00:00,,,1,0,0.0
xp20,2021-03-10,2021-03-10 02:00:00,,,2,0,0.0
xp20,2021-03-10,2021-03-10 04:00:00,0.0,0.0,3,3,1.0
xp20,2021-03-10,2021-03-10 05:00:00,0.0,0.0,6,1,0.16666666666666666
xp20,2021-03-10,2021-03-10 06:00:00,0.0,0.0,5,2,0.4
xp20,2021-03-10,2021-03-10 07:00:00,0.0,0.0,8,2,0.25
xp20,2021-03-10,2021-03-10 08:00:00,0.0,0.0,2,1,0.5
xp20,2021-03-10,2021-03-10 09:00:00,,,2,0,0.0
xp20,2021-03-10,2021-03-10 14:00:00,,,1,0,0.0
xp20,2021-03-11,2021-03-11 01:00:00,,,1,0,0.0
xp20,2021-03-11,2021-03-11 02:00:00,,,1,0,0.0
xp20,2021-03-11,2021-03-11 03:00:00,,,1,0,0.0
xp20,2021-03-11,2021-03-11 05:00:00,,,7,0,0.0
xp20,2021-03-11,2021-03-11 06:00:00,4.0,4.0,2,1,0.5
xp20,2021-03-11,2021-03-11 07:00:00,0.0,0.0,2,1,0.5
xp20,2021-03-11,2021-03-11 08:00:00,,,3,0,0.0
xp20,2021-03-11,2021-03-11 09:00:00,,,2,0,0.0
xp20,2021-03-11,2021-03-11 12:00:00,,,2,0,0.0
xp20,2021-03-11,2021-03-11 13:00:00,,,3,0,0.0
xp20,2021-03-11,2021-03-11 21:00:00,0.0,0.0,3,1,0.3333333333333333
xp20,2021-03-12,2021-03-12 00:00:00,,,1,0,0.0
xp20,2021-03-12,2021-03-12 01:00:00,0.0,0.0,3,2,0.6666666666666666
xp20,2021-03-12,2021-03-12 05:00:00,,,1,0,0.0
xp20,2021-03-12,2021-03-12 06:00:00,,,2,0,0.0
xp20,2021-03-12,2021-03-12 07:00:00,,,2,0,0.0
xp20,2021-03-12,2021-03-12 08:00:00,,,3,0,0.0
xp20,2021-03-12,2021-03-12 09:00:00,,,1,0,0.0
xp20,2021-03-12,2021-03-12 10:00:00,,,2,0,0.0
xp20,2021-03-12,2021-03-12 13:00:00,,,1,0,0.0
xp20,2021-03-12,2021-03-12 23:00:00,,,4,0,0.0
xp20,2021-03-13,2021-03-13 00:00:00,0.0,0.0,12,2,0.16666666666666666
xp20,2021-03-13,2021-03-13 01:00:00,,,1,0,0.0
xp20,2021-03-13,2021-03-13 02:00:00,,,8,0,0.0
xp20,2021-03-13,2021-03-13 03:00:00,0.0,0.0,12,1,0.08333333333333333
xp20,2021-03-13,2021-03-13 04:00:00,0.0,0.0,8,2,0.25
xp20,2021-03-13,2021-03-13 06:00:00,,,1,0,0.0
xp20,2021-03-13,2021-03-13 09:00:00,0.0,0.0,2,1,0.5
xp20,2021-03-13,2021-03-13 13:00:00,0.0,0.0,3,1,0.3333333333333333
xp20,2021-03-13,2021-03-13 14:00:00,,,10,0,0.0
xp20,2021-03-13,2021-03-13 15:00:00,,,12,0,0.0
xp20,2021-03-13,2021-03-13 16:00:00,,,11,0,0.0
xp20,2021-03-14,2021-03-14 01:00:00,0.0,0.0,5,2,0.4
xp20,2021-03-14,2021-03-14 02:00:00,,,7,0,0.0
xp20,2021-03-14,2021-03-14 03:00:00,0.0,0.0,1,1,1.0
xp20,2021-03-14,2021-03-14 04:00:00,0.0,0.0,12,2,0.16666666666666666
xp20,2021-03-14,2021-03-14 05:00:00,,,4,0,0.0
xp20,2021-03-14,2021-03-14 06:00:00,,,1,0,0.0
xp20,2021-03-14,2021-03-14 07:00:00,0.0,0.0,5,2,0.4
xp20,2021-03-14,2021-03-14 08:00:00,,,1,0,0.0
xp20,2021-03-14,2021-03-14 09:00:00,,,1,0,0.0
xp20,2021-03-14,2021-03-14 11:00:00,0.0,0.0,11,1,0.09090909090909091
xp20,2021-03-14,2021-03-14 12:00:00,,,2,0,0.0
xp20,2021-03-15,2021-03-15 00:00:00,0.0,0.0,1,1,1.0
xp20,2021-03-15,2021-03-15 01:00:00,,,1,0,0.0
xp20,2021-03-15,2021-03-15 02:00:00,,,3,0,0.0
xp20,2021-03-15,2021-03-15 03:00:00,,,1,0,0.0
xp20,2021-03-15,2021-03-15 04:00:00,71.0,71.0,5,1,0.2
xp20,2021-03-15,2021-03-15 05:00:00,0.0,0.0,5,2,0.4
xp20,2021-03-15,2021-03-15 06:00:00,0.0,0.0,3,2,0.6666666666666666
xp20,2021-03-15,2021-03-15 07:00:00,0.0,0.0,2,1,0.5
xp20,2021-03-15,2021-03-15 08:00:00,,,1,0,0.0
xp20,2021-03-15,2021-03-15 11:00:00,,,3,0,0.0
xp20,2021-03-15,2021-03-15 12:00:00,,,3,0,0.0
xp20,2021-03-16,2021-03-16 00:00:00,,,3,0,0.0
xp20,2021-03-16,2021-03-16 04:00:00,0.0,0.0,4,2,0.5
xp20,2021-03-16,2021-03-16 05:00:00,0.0,0.0,7,1,0.14285714285714285
xp20,2021-03-16,2021-03-16 07:00:00,0.0,0.0,5,2,0.4
xp20,2021-03-16,2021-03-16 08:00:00,,,2,0,0.0
xp20,2021-03-16,2021-03-16 12:00:00,,,6,0,0.0
xp20,2021-03-17,2021-03-17 01:00:00,0.0,0.0,1,1,1.0
xp20,2021-03-17,2021-03-17 02:00:00,,,1,0,0.0
xp20,2021-03-17,2021-03-17 04:00:00,0.0,0.0,1,1,1.0
xp20,2021-03-17,2021-03-17 05:00:00,,,2,0,0.0
xp20,2021-03-17,2021-03-17 06:00:00,1.0555555555555556,1.0555555555555556,6,3,0.5
xp20,2021-03-17,2021-03-17 07:00:00,0.0,0.0,2,1,0.5
xp20,2021-03-17,2021-03-17 08:00:00,0.0,0.0,4,1,0.25
xp20,2021-03-17,2021-03-17 11:00:00,,,1,0,0.0
xp20,2021-03-17,2021-03-17 12:00:00,0.0,0.0,1,1,1.0
xp20,2021-03-18,2021-03-18 00:00:00,,,2,0,0.0
xp20,2021-03-18,2021-03-18 01:00:00,,,9,0,0.0
xp20,2021-03-18,2021-03-18 02:00:00,,,2,0,0.0
xp20,2021-03-18,2021-03-18 03:00:00,0.0,0.0,1,1,1.0
xp20,2021-03-18,2021-03-18 04:00:00,0.0,0.0,6,1,0.16666666666666666
xp20,2021-03-18,2021-03-18 05:00:00,0.0,0.0,7,4,0.5714285714285714
xp20,2021-03-18,2021-03-18 06:00:00,,,4,0,0.0
xp20,2021-03-18,2021-03-18 07:00:00,4.391304347826087,4.391304347826087,4,1,0.25
xp20,2021-03-18,2021-03-18 12:00:00,0.0,0.0,2,1,0.5
xp20,2021-03-19,2021-03-19 00:00:00,,,1,0,0.0
xp20,2021-03-19,2021-03-19 01:00:00,,,1,0,0.0
xp20,2021-03-19,2021-03-19 03:00:00,,,1,0,0.0
xp20,2021-03-19,2021-03-19 05:00:00,,,2,0,0.0
xp20,2021-03-19,2021-03-19 06:00:00,,,1,0,0.0
xp20,2021-03-19,2021-03-19 07:00:00,,,3,0,0.0
xp20,2021-03-19,2021-03-19 09:00:00,0.0,0.0,2,1,0.5
xp20,2021-03-19,2021-03-19 11:00:00,,,2,0,0.0
xp20,2021-03-19,2021-03-19 12:00:00,,,7,0,0.0
xp20,2021-03-19,2021-03-19 13:00:00,,,1,0,0.0
xp20,2021-03-19,2021-03-19 23:00:00,0.0,0.0,2,1,0.5
xp20,2021-03-20,2021-03-20 00:00:00,2.0,2.0,9,5,0.5555555555555556
xp20,2021-03-20,2021-03-20 02:00:00,,,2,0,0.0
xp20,2021-03-20,2021-03-20 07:00:00,,,3,0,0.0
xp20,2021-03-20,2021-03-20 08:00:00,0.0,0.0,6,4,0.6666666666666666
xp20,2021-03-20,2021-03-20 09:00:00,0.0,0.0,6,2,0.3333333333333333
xp20,2021-03-20,2021-03-20 10:00:00,0.0,0.0,4,1,0.25
xp20,2021-03-20,2021-03-20 11:00:00,0.0,0.0,1,1,1.0
xp20,2021-03-20,2021-03-20 12:00:00,7.0,7.0,2,1,0.5
xp20,2021-03-20,2021-03-20 13:00:00,0.0,0.0,4,2,0.5
xp20,2021-03-20,2021-03-20 14:00:00,0.0,0.0,5,1,0.2
xp20,2021-03-20,2021-03-20 23:00:00,0.0,0.0,4,1,0.25
xp20,2021-03-21,2021-03-21 00:00:00,,,1,0,0.0
xp20,2021-03-21,2021-03-21 01:00:00,0.0,0.0,4,1,0.25
xp20,2021-03-21,2021-03-21 02:00:00,,,5,0,0.0
xp20,2021-03-21,2021-03-21 05:00:00,,,4,0,0.0
xp20,2021-03-21,2021-03-21 07:00:00,,,1,0,0.0
xp20,2021-03-21,2021-03-21 08:00:00,,,2,0,0.0
xp20,2021-03-21,2021-03-21 09:00:00,,,2,0,0.0
xp20,2021-03-21,2021-03-21 10:00:00,,,1,0,0.0
xp20,2021-03-21,2021-03-21 11:00:00,,,1,0,0.0
xp20,2021-03-21,2021-03-21 13:00:00,,,2,0,0.0
xp20,2021-03-22,2021-03-22 02:00:00,,,1,0,0.0
xp20,2021-03-22,2021-03-22 04:00:00,0.0,0.0,4,1,0.25
xp20,2021-03-22,2021-03-22 05:00:00,0.0,0.0,9,2,0.2222222222222222
xp20,2021-03-22,2021-03-22 06:00:00,0.0,0.0,7,2,0.2857142857142857
xp20,2021-03-22,2021-03-22 07:00:00,2.6666666666666665,2.6666666666666665,3,1,0.3333333333333333
xp20,2021-03-22,2021-03-22 08:00:00,0.0,0.0,6,4,0.6666666666666666
xp20,2021-03-22,2021-03-22 11:00:00,,,1,0,0.0
xp20,2021-03-23,2021-03-23 00:00:00,0.0,0.0,1,1,1.0
xp20,2021-03-23,2021-03-23 02:00:00,0.0,0.0,2,2,1.0
xp20,2021-03-23,2021-03-23 03:00:00,,,2,0,0.0
xp20,2021-03-23,2021-03-23 04:00:00,,,1,0,0.0
xp20,2021-03-23,2021-03-23 05:00:00,,,4,0,0.0
xp20,2021-03-23,2021-03-23 06:00:00,,,1,0,0.0
xp20,2021-03-23,2021-03-23 07:00:00,,,1,0,0.0
xp20,2021-03-23,2021-03-23 08:00:00,,,1,0,0.0
xp20,2021-03-23,2021-03-23 10:00:00,,,2,0,0.0
xp20,2021-03-23,2021-03-23 11:00:00,,,1,0,0.0
xp20,2021-03-23,2021-03-23 12:00:00,0.0,0.0,7,3,0.42857142857142855
xp20,2021-03-23,2021-03-23 13:00:00,0.0,0.0,9,3,0.3333333333333333
xp20,2021-03-23,2021-03-23 14:00:00,0.0,0.0,5,3,0.6
xp20,2021-03-23,2021-03-23 15:00:00,,,3,0,0.0
xp20,2021-03-23,2021-03-23 23:00:00,,,2,0,0.0
xp20,2021-03-24,2021-03-24 00:00:00,,,3,0,0.0
xp20,2021-03-24,2021-03-24 01:00:00,,,2,0,0.0
xp20,2021-03-24,2021-03-24 07:00:00,,,1,0,0.0
xp20,2021-03-24,2021-03-24 08:00:00,0.0,0.0,2,1,0.5
xp20,2021-03-24,2021-03-24 09:00:00,,,1,0,0.0
xp20,2021-03-24,2021-03-24 10:00:00,,,3,0,0.0
xp20,2021-03-24,2021-03-24 11:00:00,,,2,0,0.0
xp20,2021-03-24,2021-03-24 12:00:00,,,3,0,0.0
xp20,2021-03-24,2021-03-24 13:00:00,0.0,0.0,10,2,0.2
xp20,2021-03-24,2021-03-24 14:00:00,,,4,0,0.0
xp20,2021-03-24,2021-03-24 15:00:00,,,11,0,0.0
xp20,2021-03-24,2021-03-24 16:00:00,,,12,0,0.0
xp20,2021-03-24,2021-03-24 17:00:00,,,11,0,0.0
xp20,2021-03-24,2021-03-24 18:00:00,,,12,0,0.0
xp20,2021-03-24,2021-03-24 19:00:00,0.0,0.0,12,4,0.3333333333333333
xp20,2021-03-24,2021-03-24 20:00:00,,,11,0,0.0
xp20,2021-03-24,2021-03-24 21:00:00,,,7,0,0.0
xp20,2021-03-25,2021-03-25 00:00:00,,,1,0,0.0
xp20,2021-03-25,2021-03-25 01:00:00,,,2,0,0.0
xp20,2021-03-25,2021-03-25 05:00:00,0.0,0.0,5,1,0.2
xp20,2021-03-25,2021-03-25 06:00:00,,,2,0,0.0
xp20,2021-03-25,2021-03-25 12:00:00,,,3,0,0.0
xp20,2021-03-25,2021-03-25 13:00:00,0.0,0.0,5,2,0.4
xp20,2021-03-25,2021-03-25 21:00:00,6.5,6.5,2,1,0.5
xp20,2021-03-26,2021-03-26 00:00:00,,,1,0,0.0
xp20,2021-03-26,2021-03-26 01:00:00,,,4,0,0.0
xp20,2021-03-26,2021-03-26 02:00:00,,,6,0,0.0
xp20,2021-03-26,2021-03-26 04:00:00,,,4,0,0.0
xp20,2021-03-26,2021-03-26 06:00:00,,,2,0,0.0
xp20,2021-03-26,2021-03-26 07:00:00,,,2,0,0.0
xp20,2021-03-26,2021-03-26 08:00:00,,,8,0,0.0
xp20,2021-03-26,2021-03-26 09:00:00,,,12,0,0.0
xp20,2021-03-26,2021-03-26 10:00:00,,,4,0,0.0
xp20,2021-03-26,2021-03-26 11:00:00,,,3,0,0.0
xp20,2021-03-26,2021-03-26 12:00:00,,,2,0,0.0
xp20,2021-03-26,2021-03-26 13:00:00,,,6,0,0.0
xp20,2021-03-26,2021-03-26 14:00:00,,,9,0,0.0
xp20,2021-03-26,2021-03-26 15:00:00,0.0,0.0,11,2,0.18181818181818182
xp20,2021-03-26,2021-03-26 16:00:00,,,7,0,0.0
xp20,2021-03-27,2021-03-27 00:00:00,0.0,0.0,5,1,0.2
xp20,2021-03-27,2021-03-27 01:00:00,0.0,0.0,4,1,0.25
xp20,2021-03-27,2021-03-27 04:00:00,0.0,0.0,1,1,1.0
xp20,2021-03-27,2021-03-27 09:00:00,,,1,0,0.0
xp20,2021-03-27,2021-03-27 10:00:00,,,1,0,0.0
xp20,2021-03-27,2021-03-27 12:00:00,0.0,0.0,1,1,1.0
xp20,2021-03-27,2021-03-27 13:00:00,,,1,0,0.0
xp20,2021-03-27,2021-03-27 14:00:00,0.0,0.0,3,1,0.3333333333333333
xp20,2021-03-28,2021-03-28 01:00:00,0.0,0.0,3,1,0.3333333333333333
xp20,2021-03-28,2021-03-28 02:00:00,0.0,0.0,10,4,0.4
xp20,2021-03-28,2021-03-28 05:00:00,,,1,0,0.0
xp20,2021-03-28,2021-03-28 06:00:00,,,3,0,0.0
xp20,2021-03-28,2021-03-28 07:00:00,,,4,0,0.0
xp20,2021-03-29,2021-03-29 04:00:00,0.0,0.0,2,1,0.5
xp20,2021-03-29,2021-03-29 05:00:00,,,1,0,0.0
xp20,2021-03-29,2021-03-29 06:00:00,0.0,0.0,6,2,0.3333333333333333
xp20,2021-03-29,2021-03-29 07:00:00,,,4,0,0.0
xp20,2021-03-29,2021-03-29 08:00:00,0.0,0.0,3,1,0.3333333333333333
xp20,2021-03-29,2021-03-29 11:00:00,,,2,0,0.0
xp20,2021-03-29,2021-03-29 12:00:00,,,1,0,0.0
xp20,2021-03-30,2021-03-30 04:00:00,,,1,0,0.0
xp20,2021-03-30,2021-03-30 06:00:00,,,1,0,0.0
xp20,2021-03-30,2021-03-30 07:00:00,,,2,0,0.0
xp20,2021-03-30,2021-03-30 08:00:00,,,2,0,0.0
xp20,2021-03-30,2021-03-30 09:00:00,0.0,0.0,1,1,1.0
xp20,2021-03-30,2021-03-30 13:00:00,,,1,0,0.0
xp20,2021-03-30,2021-03-30 14:00:00,,,1,0,0.0
xp20,2021-03-31,2021-03-31 04:00:00,,,1,0,0.0
xp20,2021-03-31,2021-03-31 21:00:00,,,1,0,0.0
xp20,2021-03-31,2021-03-31 23:00:00,,,1,0,0.0
xp20,2021-04-01,2021-04-01 01:00:00,,,1,0,0.0
xp20,2021-04-01,2021-04-01 02:00:00,,,1,0,0.0
xp20,2021-04-01,2021-04-01 04:00:00,,,3,0,0.0
xp20,2021-04-01,2021-04-01 05:00:00,,,4,0,0.0
xp20,2021-04-01,2021-04-01 06:00:00,0.0,0.0,3,2,0.6666666666666666
xp20,2021-04-01,2021-04-01 07:00:00,,,4,0,0.0
xp20,2021-04-01,2021-04-01 08:00:00,,,2,0,0.0
xp20,2021-04-01,2021-04-01 21:00:00,0.0,0.0,1,1,1.0
xp20,2021-04-02,2021-04-02 01:00:00,,,1,0,0.0
xp20,2021-04-02,2021-04-02 02:00:00,,,1,0,0.0
xp20,2021-04-02,2021-04-02 04:00:00,0.0,0.0,1,1,1.0
xp20,2021-04-02,2021-04-02 05:00:00,,,1,0,0.0
xp20,2021-04-02,2021-04-02 06:00:00,0.0,0.0,5,3,0.6
xp20,2021-04-02,2021-04-02 23:00:00,0.0,0.0,2,1,0.5
xp20,2021-04-03,2021-04-03 00:00:00,0.0,0.0,9,1,0.1111111111111111
xp20,2021-04-03,2021-04-03 01:00:00,0.0,0.0,7,2,0.2857142857142857
xp20,2021-04-03,2021-04-03 02:00:00,,,4,0,0.0
xp20,2021-04-03,2021-04-03 03:00:00,,,11,0,0.0
xp20,2021-04-03,2021-04-03 04:00:00,0.0,0.0,11,1,0.09090909090909091
xp20,2021-04-03,2021-04-03 05:00:00,,,10,0,0.0
xp20,2021-04-03,2021-04-03 06:00:00,0.0,0.0,8,1,0.125
xp20,2021-04-03,2021-04-03 13:00:00,0.0,0.0,1,1,1.0
xp20,2021-04-03,2021-04-03 14:00:00,25.0,25.0,3,2,0.6666666666666666
xw99,2021-03-04,2021-03-04 05:00:00,,,10,0,0.0
xw99,2021-03-04,2021-03-04 06:00:00,,,10,0,0.0
xw99,2021-03-05,2021-03-05 03:00:00,,,1,0,0.0
xw99,2021-03-05,2021-03-05 04:00:00,,,1,0,0.0
xw99,2021-03-08,2021-03-08 01:00:00,8.7,6.5,4,4,1.0
xw99,2021-03-08,2021-03-08 02:00:00,0.0,0.0,5,3,0.6
xw99,2021-03-08,2021-03-08 03:00:00,0.0,0.0,1,1,1.0
xw99,2021-03-08,2021-03-08 04:00:00,0.0,0.0,1,1,1.0
xw99,2021-03-08,2021-03-08 05:00:00,0.0,0.0,4,3,0.75
xw99,2021-03-08,2021-03-08 06:00:00,0.0,0.0,2,1,0.5
xw99,2021-03-08,2021-03-08 07:00:00,,,3,0,0.0
xw99,2021-03-08,2021-03-08 09:00:00,,,1,0,0.0
xw99,2021-03-08,2021-03-08 10:00:00,0.0,0.0,2,2,1.0
xw99,2021-03-08,2021-03-08 11:00:00,10.75,10.75,6,6,1.0
xw99,2021-03-08,2021-03-08 12:00:00,0.0,0.0,8,5,0.625
xw99,2021-03-08,2021-03-08 13:00:00,0.0,0.0,12,3,0.25
xw99,2021-03-08,2021-03-08 14:00:00,3.333333333333333,3.333333333333333,11,4,0.36363636363636365
xw99,2021-03-08,2021-03-08 15:00:00,0.0,0.0,10,5,0.5
xw99,2021-03-09,2021-03-09 02:00:00,4.821428571428571,3.25,8,8,1.0
xw99,2021-03-09,2021-03-09 04:00:00,2.333333333333333,2.333333333333333,2,2,1.0
xw99,2021-03-09,2021-03-09 05:00:00,0.0,0.0,5,3,0.6
xw99,2021-03-09,2021-03-09 06:00:00,0.0,0.0,2,2,1.0
xw99,2021-03-09,2021-03-09 07:00:00,0.0,0.0,1,1,1.0
xw99,2021-03-09,2021-03-09 08:00:00,0.0,0.0,7,2,0.2857142857142857
xw99,2021-03-09,2021-03-09 09:00:00,,,1,0,0.0
xw99,2021-03-09,2021-03-09 12:00:00,,,1,0,0.0
xw99,2021-03-09,2021-03-09 13:00:00,,,2,0,0.0
xw99,2021-03-09,2021-03-09 14:00:00,0.0,0.0,3,1,0.3333333333333333
xw99,2021-03-09,2021-03-09 15:00:00,,,10,0,0.0
xw99,2021-03-09,2021-03-09 16:00:00,0.0,0.0,7,2,0.2857142857142857
xw99,2021-03-10,2021-03-10 01:00:00,1.8888888888888888,1.8888888888888888,3,3,1.0
xw99,2021-03-10,2021-03-10 02:00:00,4.833333333333333,3.0,5,3,0.6
xw99,2021-03-10,2021-03-10 03:00:00,0.0,0.0,5,2,0.4
xw99,2021-03-10,2021-03-10 04:00:00,0.0,0.0,4,1,0.25
xw99,2021-03-10,2021-03-10 05:00:00,0.0,0.0,5,3,0.6
xw99,2021-03-10,2021-03-10 06:00:00,0.0,0.0,8,3,0.375
xw99,2021-03-10,2021-03-10 07:00:00,0.0,0.0,7,3,0.42857142857142855
xw99,2021-03-10,2021-03-10 08:00:00,0.0,0.0,5,1,0.2
xw99,2021-03-10,2021-03-10 09:00:00,0.0,0.0,5,1,0.2
xw99,2021-03-10,2021-03-10 10:00:00,,,4,0,0.0
xw99,2021-03-10,2021-03-10 11:00:00,0.0,0.0,4,1,0.25
xw99,2021-03-10,2021-03-10 12:00:00,0.0,0.0,4,1,0.25
xw99,2021-03-10,2021-03-10 13:00:00,0.0,0.0,2,2,1.0
xw99,2021-03-10,2021-03-10 14:00:00,48.55050505050505,27.77777777777778,6,5,0.8333333333333334
xw99,2021-03-10,2021-03-10 15:00:00,0.0,0.0,5,1,0.2
xw99,2021-03-11,2021-03-11 01:00:00,0.0,0.0,1,1,1.0
xw99,2021-03-11,2021-03-11 02:00:00,0.0,0.0,11,7,0.6363636363636364
xw99,2021-03-11,2021-03-11 03:00:00,3.0,3.0,6,5,0.8333333333333334
xw99,2021-03-11,2021-03-11 04:00:00,0.0,0.0,2,1,0.5
xw99,2021-03-11,2021-03-11 05:00:00,0.0,0.0,7,3,0.42857142857142855
xw99,2021-03-11,2021-03-11 06:00:00,0.0,0.0,4,1,0.25
xw99,2021-03-11,2021-03-11 07:00:00,0.0,0.0,6,3,0.5
xw99,2021-03-11,2021-03-11 08:00:00,3.0,3.0,6,1,0.16666666666666666
xw99,2021-03-11,2021-03-11 09:00:00,0.0,0.0,2,2,1.0
xw99,2021-03-11,2021-03-11 10:00:00,0.0,0.0,5,3,0.6
xw99,2021-03-11,2021-03-11 11:00:00,0.0,0.0,7,2,0.2857142857142857
xw99,2021-03-11,2021-03-11 12:00:00,3.6666666666666665,3.6666666666666665,6,2,0.3333333333333333
xw99,2021-03-11,2021-03-11 13:00:00,1.5714285714285714,1.5714285714285714,7,5,0.7142857142857143
xw99,2021-03-11,2021-03-11 14:00:00,0.0,0.0,9,9,1.0
xw99,2021-03-11,2021-03-11 15:00:00,0.0,0.0,10,2,0.2
xw99,2021-03-11,2021-03-11 16:00:00,0.0,0.0,5,1,0.2
xw99,2021-03-12,2021-03-12 02:00:00,,,2,0,0.0
xw99,2021-03-12,2021-03-12 04:00:00,0.0,0.0,2,1,0.5
xw99,2021-03-12,2021-03-12 05:00:00,0.0,0.0,5,2,0.4
xw99,2021-03-12,2021-03-12 06:00:00,0.0,0.0,5,1,0.2
xw99,2021-03-12,2021-03-12 07:00:00,0.0,0.0,8,7,0.875
xw99,2021-03-12,2021-03-12 08:00:00,,,5,0,0.0
xw99,2021-03-12,2021-03-12 10:00:00,,,5,0,0.0
xw99,2021-03-12,2021-03-12 11:00:00,0.0,0.0,10,2,0.2
xw99,2021-03-12,2021-03-12 12:00:00,0.0,0.0,1,1,1.0
xw99,2021-03-12,2021-03-12 13:00:00,0.0,0.0,2,1,0.5
xw99,2021-03-13,2021-03-13 02:00:00,2.0,2.0,5,5,1.0
xw99,2021-03-13,2021-03-13 03:00:00,0.0,0.0,7,7,1.0
xw99,2021-03-13,2021-03-13 04:00:00,0.0,0.0,2,1,0.5
xw99,2021-03-13,2021-03-13 05:00:00,,,6,0,0.0
xw99,2021-03-13,2021-03-13 07:00:00,,,1,0,0.0
xw99,2021-03-13,2021-03-13 08:00:00,2.4,2.4,2,1,0.5
xw99,2021-03-13,2021-03-13 10:00:00,0.0,0.0,1,1,1.0
xw99,2021-03-14,2021-03-14 02:00:00,0.0,0.0,8,2,0.25
xw99,2021-03-14,2021-03-14 03:00:00,0.0,0.0,2,1,0.5
xw99,2021-03-14,2021-03-14 04:00:00,0.0,0.0,1,1,1.0
xw99,2021-03-14,2021-03-14 05:00:00,11.0,11.0,4,3,0.75
xw99,2021-03-14,2021-03-14 06:00:00,0.0,0.0,4,4,1.0
xw99,2021-03-14,2021-03-14 07:00:00,5.464285714285714,2.75,5,4,0.8
xw99,2021-03-14,2021-03-14 12:00:00,0.0,0.0,8,3,0.375
xw99,2021-03-14,2021-03-14 13:00:00,0.0,0.0,9,2,0.2222222222222222
xw99,2021-03-14,2021-03-14 14:00:00,0.0,0.0,7,7,1.0
xw99,2021-03-14,2021-03-14 15:00:00,6.285714285714286,6.285714285714286,6,3,0.5
xw99,2021-03-15,2021-03-15 03:00:00,4.125,4.125,4,2,0.5
xw99,2021-03-15,2021-03-15 04:00:00,11.4,11.4,4,4,1.0
xw99,2021-03-15,2021-03-15 05:00:00,,,2,0,0.0
xw99,2021-03-15,2021-03-15 06:00:00,39.526315789473685,29.0,5,3,0.6
xw99,2021-03-15,2021-03-15 07:00:00,0.0,0.0,7,2,0.2857142857142857
xw99,2021-03-15,2021-03-15 08:00:00,0.0,0.0,5,3,0.6
xw99,2021-03-15,2021-03-15 12:00:00,3.0,3.0,2,2,1.0
xw99,2021-03-15,2021-03-15 14:00:00,0.0,0.0,7,3,0.42857142857142855
xw99,2021-03-15,2021-03-15 15:00:00,0.0,0.0,8,1,0.125
xw99,2021-03-15,2021-03-15 16:00:00,0.0,0.0,4,4,1.0
xw99,2021-03-16,2021-03-16 00:00:00,11.0,11.0,9,6,0.6666666666666666
xw99,2021-03-16,2021-03-16 01:00:00,,,1,0,0.0
xw99,2021-03-16,2021-03-16 03:00:00,0.0,0.0,3,3,1.0
xw99,2021-03-16,2021-03-16 05:00:00,0.0,0.0,2,2,1.0
xw99,2021-03-16,2021-03-16 06:00:00,0.0,0.0,12,7,0.5833333333333334
xw99,2021-03-16,2021-03-16 07:00:00,5.5,5.5,11,6,0.5454545454545454
xw99,2021-03-16,2021-03-16 08:00:00,0.0,0.0,10,4,0.4
xw99,2021-03-16,2021-03-16 09:00:00,60.66666666666666,60.66666666666666,8,6,0.75
xw99,2021-03-16,2021-03-16 10:00:00,0.0,0.0,9,4,0.4444444444444444
xw99,2021-03-16,2021-03-16 11:00:00,0.0,0.0,9,2,0.2222222222222222
xw99,2021-03-16,2021-03-16 12:00:00,0.0,0.0,8,4,0.5
xw99,2021-03-16,2021-03-16 13:00:00,,,7,0,0.0
xw99,2021-03-17,2021-03-17 01:00:00,0.0,0.0,2,1,0.5
xw99,2021-03-17,2021-03-17 02:00:00,3.3333333333333335,1.6666666666666667,7,5,0.7142857142857143
xw99,2021-03-17,2021-03-17 03:00:00,0.0,0.0,7,4,0.5714285714285714
xw99,2021-03-17,2021-03-17 04:00:00,,,1,0,0.0
xw99,2021-03-17,2021-03-17 06:00:00,,,7,0,0.0
xw99,2021-03-17,2021-03-17 07:00:00,,,5,0,0.0
xw99,2021-03-17,2021-03-17 09:00:00,0.0,0.0,3,1,0.3333333333333333
xw99,2021-03-17,2021-03-17 10:00:00,0.0,0.0,2,2,1.0
xw99,2021-03-17,2021-03-17 11:00:00,2.2,2.2,3,3,1.0
xw99,2021-03-17,2021-03-17 12:00:00,0.0,0.0,9,3,0.3333333333333333
xw99,2021-03-17,2021-03-17 13:00:00,0.0,0.0,7,3,0.42857142857142855
xw99,2021-03-17,2021-03-17 14:00:00,,,2,0,0.0
xw99,2021-03-17,2021-03-17 15:00:00,102.84166666666667,70.0,7,5,0.7142857142857143
xw99,2021-03-17,2021-03-17 16:00:00,40.0,40.0,7,2,0.2857142857142857
xw99,2021-03-17,2021-03-17 17:00:00,3.5,3.5,6,4,0.6666666666666666
xw99,2021-03-18,2021-03-18 02:00:00,0.0,0.0,5,2,0.4
xw99,2021-03-18,2021-03-18 03:00:00,0.0,0.0,10,3,0.3
xw99,2021-03-18,2021-03-18 04:00:00,0.0,0.0,5,3,0.6
xw99,2021-03-18,2021-03-18 05:00:00,0.0,0.0,3,2,0.6666666666666666
xw99,2021-03-18,2021-03-18 06:00:00,0.0,0.0,9,4,0.4444444444444444
xw99,2021-03-18,2021-03-18 07:00:00,0.0,0.0,9,5,0.5555555555555556
xw99,2021-03-18,2021-03-18 08:00:00,3.5,3.5,2,2,1.0
xw99,2021-03-18,2021-03-18 09:00:00,4.75,4.75,5,2,0.4
xw99,2021-03-18,2021-03-18 10:00:00,4.888888888888889,2.888888888888889,5,5,1.0
xw99,2021-03-18,2021-03-18 11:00:00,4.5,2.5,6,4,0.6666666666666666
xw99,2021-03-18,2021-03-18 12:00:00,1.6666666666666667,1.6666666666666667,6,6,1.0
xw99,2021-03-18,2021-03-18 13:00:00,5.660087719298245,3.3684210526315788,8,5,0.625
xw99,2021-03-18,2021-03-18 14:00:00,6.5,3.8333333333333335,8,5,0.625
xw99,2021-03-18,2021-03-18 15:00:00,,,1,0,0.0
xw99,2021-03-19,2021-03-19 03:00:00,0.0,0.0,5,2,0.4
xw99,2021-03-19,2021-03-19 04:00:00,,,2,0,0.0
xw99,2021-03-19,2021-03-19 06:00:00,0.0,0.0,5,5,1.0
xw99,2021-03-19,2021-03-19 08:00:00,4.785714285714286,4.785714285714286,1,1,1.0
xw99,2021-03-19,2021-03-19 09:00:00,,,4,0,0.0
xw99,2021-03-19,2021-03-19 11:00:00,4.833333333333333,2.5,5,5,1.0
xw99,2021-03-19,2021-03-19 12:00:00,7.044444444444444,5.6,6,6,1.0
xw99,2021-03-19,2021-03-19 13:00:00,,,4,0,0.0
xw99,2021-03-19,2021-03-19 14:00:00,2.1666666666666665,2.1666666666666665,5,5,1.0
xw99,2021-03-19,2021-03-19 15:00:00,0.0,0.0,2,1,0.5
xw99,2021-03-19,2021-03-19 16:00:00,0.0,0.0,7,7,1.0
xw99,2021-03-19,2021-03-19 17:00:00,5.166666666666666,3.0,6,4,0.6666666666666666
xw99,2021-03-19,2021-03-19 18:00:00,,,3,0,0.0
xw99,2021-03-20,2021-03-20 03:00:00,0.0,0.0,6,3,0.5
xw99,2021-03-20,2021-03-20 04:00:00,0.0,0.0,6,1,0.16666666666666666
xw99,2021-03-20,2021-03-20 05:00:00,,,8,0,0.0
xw99,2021-03-20,2021-03-20 06:00:00,1.4285714285714286,1.4285714285714286,6,6,1.0
xw99,2021-03-20,2021-03-20 07:00:00,0.0,0.0,3,2,0.6666666666666666
xw99,2021-03-20,2021-03-20 09:00:00,0.0,0.0,1,1,1.0
xw99,2021-03-20,2021-03-20 10:00:00,0.0,0.0,10,6,0.6
xw99,2021-03-20,2021-03-20 11:00:00,,,4,0,0.0
xw99,2021-03-20,2021-03-20 12:00:00,0.0,0.0,4,4,1.0
xw99,2021-03-20,2021-03-20 13:00:00,0.0,0.0,4,1,0.25
xw99,2021-03-21,2021-03-21 02:00:00,0.0,0.0,2,1,0.5
xw99,2021-03-21,2021-03-21 03:00:00,168.0,168.0,5,2,0.4
xw99,2021-03-21,2021-03-21 05:00:00,,,1,0,0.0
xw99,2021-03-21,2021-03-21 07:00:00,,,1,0,0.0
xw99,2021-03-21,2021-03-21 08:00:00,0.0,0.0,2,2,1.0
xw99,2021-03-21,2021-03-21 09:00:00,0.0,0.0,1,1,1.0
xw99,2021-03-21,2021-03-21 10:00:00,2.5,2.5,6,6,1.0
xw99,2021-03-21,2021-03-21 11:00:00,0.0,0.0,7,1,0.14285714285714285
xw99,2021-03-21,2021-03-21 12:00:00,2.0,2.0,7,6,0.8571428571428571
xw99,2021-03-21,2021-03-21 13:00:00,0.0,0.0,6,6,1.0
xw99,2021-03-21,2021-03-21 14:00:00,8.5,8.5,7,5,0.7142857142857143
xw99,2021-03-21,2021-03-21 15:00:00,0.0,0.0,2,2,1.0
xw99,2021-03-21,2021-03-21 16:00:00,,,1,0,0.0
xw99,2021-03-22,2021-03-22 02:00:00,0.0,0.0,9,9,1.0
xw99,2021-03-22,2021-03-22 03:00:00,0.0,0.0,4,4,1.0
xw99,2021-03-22,2021-03-22 04:00:00,0.0,0.0,3,2,0.6666666666666666
xw99,2021-03-22,2021-03-22 05:00:00,0.0,0.0,1,1,1.0
xw99,2021-03-22,2021-03-22 06:00:00,0.0,0.0,3,3,1.0
xw99,2021-03-22,2021-03-22 07:00:00,0.0,0.0,7,2,0.2857142857142857
xw99,2021-03-22,2021-03-22 08:00:00,0.0,0.0,6,2,0.3333333333333333
xw99,2021-03-22,2021-03-22 09:00:00,0.0,0.0,7,5,0.7142857142857143
xw99,2021-03-22,2021-03-22 10:00:00,,,5,0,0.0
xw99,2021-03-22,2021-03-22 11:00:00,,,1,0,0.0
xw99,2021-03-22,2021-03-22 12:00:00,0.0,0.0,1,1,1.0
xw99,2021-03-22,2021-03-22 13:00:00,,,1,0,0.0
xw99,2021-03-22,2021-03-22 14:00:00,0.0,0.0,3,3,1.0
xw99,2021-03-22,2021-03-22 23:00:00,,,1,0,0.0
xw99,2021-03-23,2021-03-23 00:00:00,5.714285714285714,5.714285714285714,5,3,0.6
xw99,2021-03-23,2021-03-23 01:00:00,1.7142857142857142,1.7142857142857142,9,9,1.0
xw99,2021-03-23,2021-03-23 02:00:00,2.75,2.75,9,5,0.5555555555555556
xw99,2021-03-23,2021-03-23 03:00:00,0.0,0.0,4,4,1.0
xw99,2021-03-23,2021-03-23 04:00:00,0.0,0.0,5,1,0.2
xw99,2021-03-23,2021-03-23 05:00:00,,,5,0,0.0
xw99,2021-03-23,2021-03-23 06:00:00,1.4285714285714286,1.4285714285714286,11,3,0.2727272727272727
xw99,2021-03-23,2021-03-23 07:00:00,0.0,0.0,10,7,0.7
xw99,2021-03-23,2021-03-23 08:00:00,0.0,0.0,4,1,0.25
xw99,2021-03-23,2021-03-23 09:00:00,,,1,0,0.0
xw99,2021-03-23,2021-03-23 10:00:00,,,7,0,0.0
xw99,2021-03-23,2021-03-23 11:00:00,0.0,0.0,8,4,0.5
xw99,2021-03-23,2021-03-23 12:00:00,,,1,0,0.0
xw99,2021-03-23,2021-03-23 13:00:00,0.0,0.0,5,5,1.0
xw99,2021-03-23,2021-03-23 14:00:00,0.0,0.0,5,1,0.2
xw99,2021-03-23,2021-03-23 15:00:00,0.0,0.0,1,1,1.0
xw99,2021-03-24,2021-03-24 01:00:00,3.375,3.375,6,6,1.0
xw99,2021-03-24,2021-03-24 02:00:00,6.333333333333333,4.0,5,5,1.0
xw99,2021-03-24,2021-03-24 04:00:00,0.0,0.0,1,1,1.0
xw99,2021-03-24,2021-03-24 06:00:00,0.0,0.0,5,5,1.0
xw99,2021-03-24,2021-03-24 07:00:00,0.0,0.0,1,1,1.0
xw99,2021-03-24,2021-03-24 08:00:00,0.0,0.0,3,3,1.0
xw99,2021-03-24,2021-03-24 09:00:00,0.0,0.0,4,4,1.0
xw99,2021-03-24,2021-03-24 11:00:00,,,1,0,0.0
xw99,2021-03-24,2021-03-24 12:00:00,,,1,0,0.0
xw99,2021-03-24,2021-03-24 13:00:00,0.0,0.0,4,1,0.25
xw99,2021-03-24,2021-03-24 14:00:00,0.0,0.0,1,1,1.0
xw99,2021-03-24,2021-03-24 15:00:00,,,1,0,0.0
xw99,2021-03-25,2021-03-25 00:00:00,0.0,0.0,12,4,0.3333333333333333
xw99,2021-03-25,2021-03-25 01:00:00,8.733333333333333,3.333333333333333,12,10,0.8333333333333334
xw99,2021-03-25,2021-03-25 02:00:00,10.09035409035409,5.0,10,9,0.9
xw99,2021-03-25,2021-03-25 03:00:00,0.0,0.0,6,5,0.8333333333333334
xw99,2021-03-25,2021-03-25 04:00:00,0.0,0.0,4,1,0.25
xw99,2021-03-25,2021-03-25 05:00:00,0.0,0.0,6,2,0.3333333333333333
xw99,2021-03-25,2021-03-25 06:00:00,0.0,0.0,11,2,0.18181818181818182
xw99,2021-03-25,2021-03-25 07:00:00,0.0,0.0,6,2,0.3333333333333333
xw99,2021-03-25,2021-03-25 08:00:00,0.0,0.0,7,3,0.42857142857142855
xw99,2021-03-25,2021-03-25 09:00:00,,,2,0,0.0
xw99,2021-03-25,2021-03-25 10:00:00,0.0,0.0,3,2,0.6666666666666666
xw99,2021-03-25,2021-03-25 11:00:00,0.0,0.0,2,2,1.0
xw99,2021-03-25,2021-03-25 12:00:00,8.875,2.625,7,7,1.0
xw99,2021-03-25,2021-03-25 13:00:00,0.0,0.0,8,8,1.0
xw99,2021-03-25,2021-03-25 14:00:00,0.0,0.0,6,5,0.8333333333333334
xw99,2021-03-27,2021-03-27 06:00:00,3.8571428571428568,2.0,5,5,1.0
xw99,2021-03-27,2021-03-27 07:00:00,0.0,0.0,6,5,0.8333333333333334
xw99,2021-03-27,2021-03-27 08:00:00,5.5,5.5,6,1,0.16666666666666666
xw99,2021-03-27,2021-03-27 09:00:00,0.0,0.0,4,2,0.5
xw99,2021-03-27,2021-03-27 10:00:00,4.333333333333333,4.333333333333333,9,5,0.5555555555555556
xw99,2021-03-27,2021-03-27 11:00:00,0.0,0.0,7,5,0.7142857142857143
xw99,2021-03-27,2021-03-27 12:00:00,0.0,0.0,6,4,0.6666666666666666
xw99,2021-03-27,2021-03-27 13:00:00,0.0,0.0,9,3,0.3333333333333333
xw99,2021-03-27,2021-03-27 15:00:00,0.0,0.0,6,2,0.3333333333333333
xw99,2021-03-27,2021-03-27 16:00:00,0.0,0.0,5,3,0.6
xw99,2021-03-27,2021-03-27 17:00:00,0.0,0.0,2,1,0.5
xw99,2021-03-28,2021-03-28 01:00:00,2.2,2.2,2,2,1.0
xw99,2021-03-28,2021-03-28 02:00:00,0.0,0.0,5,5,1.0
xw99,2021-03-28,2021-03-28 05:00:00,0.0,0.0,2,1,0.5
xw99,2021-03-28,2021-03-28 06:00:00,,,1,0,0.0
xw99,2021-03-28,2021-03-28 07:00:00,0.0,0.0,2,2,1.0
xw99,2021-03-28,2021-03-28 08:00:00,4.044444444444444,2.6,9,8,0.8888888888888888
xw99,2021-03-28,2021-03-28 09:00:00,0.0,0.0,4,3,0.75
xw99,2021-03-28,2021-03-28 10:00:00,0.0,0.0,2,2,1.0
xw99,2021-03-28,2021-03-28 11:00:00,0.0,0.0,4,1,0.25
xw99,2021-03-28,2021-03-28 12:00:00,1.25,1.25,5,5,1.0
xw99,2021-03-28,2021-03-28 13:00:00,0.0,0.0,4,4,1.0
xw99,2021-03-28,2021-03-28 14:00:00,0.0,0.0,5,3,0.6
xw99,2021-03-29,2021-03-29 02:00:00,0.0,0.0,4,3,0.75
xw99,2021-03-29,2021-03-29 03:00:00,1.7142857142857142,1.7142857142857142,7,5,0.7142857142857143
xw99,2021-03-29,2021-03-29 04:00:00,10.666666666666666,10.666666666666666,6,3,0.5
xw99,2021-03-29,2021-03-29 05:00:00,18.0,12.5,5,5,1.0
xw99,2021-03-29,2021-03-29 06:00:00,0.0,0.0,6,3,0.5
xw99,2021-03-29,2021-03-29 07:00:00,0.0,0.0,2,1,0.5
xw99,2021-03-29,2021-03-29 08:00:00,0.0,0.0,3,1,0.3333333333333333
xw99,2021-03-29,2021-03-29 09:00:00,0.0,0.0,1,1,1.0
xw99,2021-03-29,2021-03-29 10:00:00,0.0,0.0,3,3,1.0
xw99,2021-03-29,2021-03-29 12:00:00,2.2,2.2,2,2,1.0
xw99,2021-03-29,2021-03-29 13:00:00,1.375,1.375,8,8,1.0
xw99,2021-03-29,2021-03-29 14:00:00,0.0,0.0,3,3,1.0
xw99,2021-03-29,2021-03-29 15:00:00,,,3,0,0.0
xw99,2021-03-29,2021-03-29 23:00:00,0.0,0.0,11,7,0.6363636363636364
xw99,2021-03-30,2021-03-30 00:00:00,5.285714285714286,5.285714285714286,11,1,0.09090909090909091
xw99,2021-03-30,2021-03-30 01:00:00,2.4615384615384617,2.4615384615384617,11,4,0.36363636363636365
xw99,2021-03-30,2021-03-30 02:00:00,0.0,0.0,12,1,0.08333333333333333
xw99,2021-03-30,2021-03-30 03:00:00,0.0,0.0,11,2,0.18181818181818182
xw99,2021-03-30,2021-03-30 04:00:00,0.0,0.0,10,8,0.8
xw99,2021-03-30,2021-03-30 05:00:00,0.0,0.0,8,5,0.625
xw99,2021-03-30,2021-03-30 06:00:00,0.0,0.0,3,1,0.3333333333333333
xw99,2021-03-30,2021-03-30 07:00:00,0.0,0.0,10,5,0.5
xw99,2021-03-30,2021-03-30 08:00:00,0.0,0.0,11,7,0.6363636363636364
xw99,2021-03-30,2021-03-30 09:00:00,0.0,0.0,4,3,0.75
xw99,2021-03-30,2021-03-30 10:00:00,,,7,0,0.0
xw99,2021-03-30,2021-03-30 11:00:00,,,9,0,0.0
xw99,2021-03-30,2021-03-30 12:00:00,,,1,0,0.0
xw99,2021-03-30,2021-03-30 13:00:00,2.75,2.75,3,3,1.0
xw99,2021-03-30,2021-03-30 14:00:00,0.0,0.0,5,4,0.8
xw99,2021-03-31,2021-03-31 04:00:00,0.0,0.0,6,6,1.0
xw99,2021-03-31,2021-03-31 05:00:00,0.0,0.0,8,8,1.0
xw99,2021-03-31,2021-03-31 06:00:00,0.0,0.0,8,5,0.625
xw99,2021-03-31,2021-03-31 07:00:00,6.5,6.5,6,2,0.3333333333333333
xw99,2021-03-31,2021-03-31 08:00:00,5.458333333333333,3.625,10,7,0.7
xw99,2021-03-31,2021-03-31 09:00:00,7.75,7.75,7,3,0.42857142857142855
xw99,2021-03-31,2021-03-31 10:00:00,0.0,0.0,2,2,1.0
xw99,2021-03-31,2021-03-31 11:00:00,0.0,0.0,1,1,1.0
xw99,2021-03-31,2021-03-31 12:00:00,0.0,0.0,7,2,0.2857142857142857
xw99,2021-03-31,2021-03-31 13:00:00,,,3,0,0.0
xw99,2021-03-31,2021-03-31 14:00:00,0.0,0.0,7,4,0.5714285714285714
xw99,2021-03-31,2021-03-31 15:00:00,0.0,0.0,2,1,0.5
xw99,2021-03-31,2021-03-31 16:00:00,0.0,0.0,5,1,0.2
xw99,2021-04-01,2021-04-01 02:00:00,0.0,0.0,1,1,1.0
xw99,2021-04-01,2021-04-01 03:00:00,0.0,0.0,5,5,1.0
xw99,2021-04-01,2021-04-01 04:00:00,,,2,0,0.0
xw99,2021-04-01,2021-04-01 05:00:00,0.0,0.0,6,4,0.6666666666666666
xw99,2021-04-01,2021-04-01 06:00:00,0.0,0.0,3,2,0.6666666666666666
xw99,2021-04-01,2021-04-01 07:00:00,0.0,0.0,7,6,0.8571428571428571
xw99,2021-04-01,2021-04-01 08:00:00,0.0,0.0,9,8,0.8888888888888888
xw99,2021-04-01,2021-04-01 09:00:00,,,1,0,0.0
xw99,2021-04-01,2021-04-01 10:00:00,0.0,0.0,1,1,1.0
xw99,2021-04-01,2021-04-01 11:00:00,0.0,0.0,2,1,0.5
xw99,2021-04-01,2021-04-01 12:00:00,0.0,0.0,2,2,1.0
xw99,2021-04-01,2021-04-01 13:00:00,0.0,0.0,7,7,1.0
xw99,2021-04-01,2021-04-01 14:00:00,0.0,0.0,5,4,0.8
xw99,2021-04-01,2021-04-01 15:00:00,0.0,0.0,3,2,0.6666666666666666
xw99,2021-04-02,2021-04-02 03:00:00,1.0,1.0,6,6,1.0
xw99,2021-04-02,2021-04-02 04:00:00,4.0,4.0,7,1,0.14285714285714285
xw99,2021-04-02,2021-04-02 05:00:00,0.0,0.0,6,4,0.6666666666666666
xw99,2021-04-02,2021-04-02 06:00:00,0.0,0.0,7,3,0.42857142857142855
xw99,2021-04-02,2021-04-02 07:00:00,,,5,0,0.0
xw99,2021-04-02,2021-04-02 08:00:00,0.0,0.0,4,2,0.5
xw99,2021-04-02,2021-04-02 09:00:00,0.0,0.0,1,1,1.0
xw99,2021-04-02,2021-04-02 10:00:00,2.5,2.5,2,2,1.0
xw99,2021-04-02,2021-04-02 11:00:00,,,3,0,0.0
xw99,2021-04-02,2021-04-02 12:00:00,0.0,0.0,2,2,1.0
xw99,2021-04-02,2021-04-02 13:00:00,5.3,3.8,6,5,0.8333333333333334
xw99,2021-04-02,2021-04-02 14:00:00,3.6,3.6,5,3,0.6
xw99,2021-04-03,2021-04-03 02:00:00,0.0,0.0,6,3,0.5
xw99,2021-04-03,2021-04-03 03:00:00,12.285714285714286,12.285714285714286,7,2,0.2857142857142857
xw99,2021-04-03,2021-04-03 04:00:00,0.0,0.0,4,4,1.0
xw99,2021-04-03,2021-04-03 05:00:00,4.428571428571429,3.4285714285714284,9,9,1.0
xw99,2021-04-03,2021-04-03 06:00:00,0.0,0.0,12,11,0.9166666666666666
xw99,2021-04-03,2021-04-03 07:00:00,0.0,0.0,10,7,0.7
xw99,2021-04-03,2021-04-03 08:00:00,0.0,0.0,11,6,0.5454545454545454
xw99,2021-04-03,2021-04-03 09:00:00,2.125,2.125,8,6,0.75
xw99,2021-04-03,2021-04-03 10:00:00,0.0,0.0,5,3,0.6
xw99,2021-04-03,2021-04-03 12:00:00,0.0,0.0,4,4,1.0
xw99,2021-04-03,2021-04-03 13:00:00,0.0,0.0,1,1,1.0
xw99,2021-04-03,2021-04-03 15:00:00,0.0,0.0,1,1,1.0
xw99,2021-04-04,2021-04-04 06:00:00,0.0,0.0,8,3,0.375
xw99,2021-04-04,2021-04-04 07:00:00,0.0,0.0,7,2,0.2857142857142857
xw99,2021-04-04,2021-04-04 08:00:00,0.0,0.0,7,3,0.42857142857142855
xw99,2021-04-04,2021-04-04 09:00:00,0.0,0.0,8,6,0.75
xw99,2021-04-04,2021-04-04 10:00:00,0.0,0.0,1,1,1.0
xw99,2021-04-04,2021-04-04 11:00:00,,,1,0,0.0
xw99,2021-04-04,2021-04-04 13:00:00,0.0,0.0,4,2,0.5
xw99,2021-04-04,2021-04-04 15:00:00,,,3,0,0.0
xw99,2021-04-04,2021-04-04 16:00:00,0.0,0.0,3,1,0.3333333333333333
xw99,2021-04-04,2021-04-04 17:00:00,,,2,0,0.0
xw99,2021-04-05,2021-04-05 02:00:00,3.2637362637362637,1.6923076923076923,8,7,0.875
xw99,2021-04-05,2021-04-05 03:00:00,,,1,0,0.0
ya71,2021-03-09,2021-03-09 07:00:00,0.0,0.0,3,2,0.6666666666666666
ya71,2021-03-09,2021-03-09 08:00:00,0.0,0.0,1,1,1.0
ya71,2021-03-09,2021-03-09 10:00:00,0.0,0.0,5,2,0.4
ya71,2021-03-09,2021-03-09 12:00:00,0.0,0.0,6,4,0.6666666666666666
ya71,2021-03-09,2021-03-09 13:00:00,0.0,0.0,8,2,0.25
ya71,2021-03-09,2021-03-09 14:00:00,0.0,0.0,5,3,0.6
ya71,2021-03-09,2021-03-09 15:00:00,0.0,0.0,1,1,1.0
ya71,2021-03-09,2021-03-09 16:00:00,0.0,0.0,6,3,0.5
ya71,2021-03-10,2021-03-10 10:00:00,,,1,0,0.0
ya71,2021-03-10,2021-03-10 11:00:00,0.0,0.0,1,1,1.0
ya71,2021-03-10,2021-03-10 12:00:00,0.0,0.0,10,1,0.1
ya71,2021-03-10,2021-03-10 13:00:00,,,6,0,0.0
ya71,2021-03-10,2021-03-10 14:00:00,0.0,0.0,2,2,1.0
ya71,2021-03-10,2021-03-10 15:00:00,0.0,0.0,9,7,0.7777777777777778
ya71,2021-03-10,2021-03-10 16:00:00,0.0,0.0,4,3,0.75
ya71,2021-03-10,2021-03-10 17:00:00,0.0,0.0,7,3,0.42857142857142855
ya71,2021-03-11,2021-03-11 03:00:00,0.0,0.0,1,1,1.0
ya71,2021-03-11,2021-03-11 04:00:00,0.0,0.0,2,1,0.5
ya71,2021-03-11,2021-03-11 05:00:00,,,1,0,0.0
ya71,2021-03-11,2021-03-11 06:00:00,,,3,0,0.0
ya71,2021-03-11,2021-03-11 09:00:00,,,4,0,0.0
ya71,2021-03-11,2021-03-11 10:00:00,0.0,0.0,2,1,0.5
ya71,2021-03-11,2021-03-11 11:00:00,0.0,0.0,2,1,0.5
ya71,2021-03-11,2021-03-11 15:00:00,0.0,0.0,3,3,1.0
ya71,2021-03-11,2021-03-11 16:00:00,,,1,0,0.0
ya71,2021-03-12,2021-03-12 00:00:00,0.0,0.0,4,1,0.25
ya71,2021-03-12,2021-03-12 01:00:00,0.0,0.0,3,1,0.3333333333333333
ya71,2021-03-12,2021-03-12 04:00:00,0.0,0.0,1,1,1.0
ya71,2021-03-12,2021-03-12 06:00:00,,,1,0,0.0
ya71,2021-03-12,2021-03-12 10:00:00,0.0,0.0,1,1,1.0
ya71,2021-03-12,2021-03-12 11:00:00,,,1,0,0.0
ya71,2021-03-12,2021-03-12 12:00:00,0.0,0.0,1,1,1.0
ya71,2021-03-12,2021-03-12 16:00:00,,,2,0,0.0
ya71,2021-03-12,2021-03-12 17:00:00,0.0,0.0,2,2,1.0
ya71,2021-03-12,2021-03-12 18:00:00,,,2,0,0.0
ya71,2021-03-13,2021-03-13 03:00:00,0.0,0.0,4,1,0.25
ya71,2021-03-13,2021-03-13 04:00:00,0.0,0.0,3,1,0.3333333333333333
ya71,2021-03-13,2021-03-13 05:00:00,,,1,0,0.0
ya71,2021-03-13,2021-03-13 14:00:00,0.0,0.0,3,2,0.6666666666666666
ya71,2021-03-14,2021-03-14 02:00:00,0.0,0.0,10,2,0.2
ya71,2021-03-14,2021-03-14 03:00:00,,,11,0,0.0
ya71,2021-03-14,2021-03-14 04:00:00,,,9,0,0.0
ya71,2021-03-14,2021-03-14 05:00:00,0.0,0.0,2,1,0.5
ya71,2021-03-14,2021-03-14 06:00:00,0.0,0.0,5,3,0.6
ya71,2021-03-14,2021-03-14 07:00:00,0.0,0.0,2,2,1.0
ya71,2021-03-14,2021-03-14 08:00:00,,,2,0,0.0
ya71,2021-03-14,2021-03-14 09:00:00,,,6,0,0.0
ya71,2021-03-14,2021-03-14 10:00:00,0.0,0.0,1,1,1.0
ya71,2021-03-14,2021-03-14 11:00:00,,,1,0,0.0
ya71,2021-03-14,2021-03-14 12:00:00,0.0,0.0,2,1,0.5
ya71,2021-03-14,2021-03-14 13:00:00,,,1,0,0.0
ya71,2021-03-14,2021-03-14 14:00:00,0.0,0.0,4,2,0.5
ya71,2021-03-14,2021-03-14 15:00:00,,,1,0,0.0
ya71,2021-03-14,2021-03-14 16:00:00,,,2,0,0.0
ya71,2021-03-14,2021-03-14 17:00:00,0.0,0.0,2,2,1.0
ya71,2021-03-15,2021-03-15 01:00:00,0.0,0.0,1,1,1.0
ya71,2021-03-15,2021-03-15 02:00:00,0.0,0.0,1,1,1.0
ya71,2021-03-15,2021-03-15 04:00:00,,,1,0,0.0
ya71,2021-03-15,2021-03-15 05:00:00,,,1,0,0.0
ya71,2021-03-15,2021-03-15 06:00:00,0.0,0.0,2,1,0.5
ya71,2021-03-15,2021-03-15 07:00:00,0.0,0.0,2,1,0.5
ya71,2021-03-15,2021-03-15 08:00:00,,,1,0,0.0
ya71,2021-03-15,2021-03-15 09:00:00,,,1,0,0.0
ya71,2021-03-15,2021-03-15 11:00:00,0.0,0.0,2,2,1.0
ya71,2021-03-15,2021-03-15 12:00:00,,,1,0,0.0
ya71,2021-03-15,2021-03-15 13:00:00,0.0,0.0,4,1,0.25
ya71,2021-03-15,2021-03-15 14:00:00,0.0,0.0,1,1,1.0
ya71,2021-03-15,2021-03-15 15:00:00,0.0,0.0,1,1,1.0
ya71,2021-03-16,2021-03-16 11:00:00,,,1,0,0.0
ya71,2021-03-16,2021-03-16 12:00:00,0.0,0.0,1,1,1.0
ya71,2021-03-16,2021-03-16 13:00:00,0.0,0.0,1,1,1.0
ya71,2021-03-16,2021-03-16 14:00:00,,,1,0,0.0
ya71,2021-03-16,2021-03-16 16:00:00,,,1,0,0.0
ya71,2021-03-16,2021-03-16 17:00:00,,,1,0,0.0
ya71,2021-03-17,2021-03-17 11:00:00,0.0,0.0,1,1,1.0
ya71,2021-03-17,2021-03-17 16:00:00,,,1,0,0.0
ya71,2021-03-17,2021-03-17 17:00:00,,,3,0,0.0
ya71,2021-03-18,2021-03-18 02:00:00,0.0,0.0,6,1,0.16666666666666666
ya71,2021-03-18,2021-03-18 03:00:00,0.0,0.0,2,1,0.5
ya71,2021-03-18,2021-03-18 04:00:00,,,4,0,0.0
ya71,2021-03-18,2021-03-18 05:00:00,0.0,0.0,1,1,1.0
ya71,2021-03-18,2021-03-18 10:00:00,0.0,0.0,6,1,0.16666666666666666
ya71,2021-03-18,2021-03-18 11:00:00,,,11,0,0.0
ya71,2021-03-18,2021-03-18 12:00:00,0.0,0.0,12,1,0.08333333333333333
ya71,2021-03-18,2021-03-18 13:00:00,,,1,0,0.0
ya71,2021-03-18,2021-03-18 14:00:00,,,1,0,0.0
ya71,2021-03-18,2021-03-18 15:00:00,0.0,0.0,1,1,1.0
ya71,2021-03-18,2021-03-18 16:00:00,0.0,0.0,5,5,1.0
ya71,2021-03-18,2021-03-18 17:00:00,0.0,0.0,1,1,1.0
ya71,2021-03-19,2021-03-19 01:00:00,0.0,0.0,1,1,1.0
ya71,2021-03-19,2021-03-19 03:00:00,19.666666666666668,19.666666666666668,1,1,1.0
ya71,2021-03-19,2021-03-19 04:00:00,0.0,0.0,4,3,0.75
ya71,2021-03-19,2021-03-19 05:00:00,0.0,0.0,3,2,0.6666666666666666
ya71,2021-03-19,2021-03-19 06:00:00,0.0,0.0,2,1,0.5
ya71,2021-03-19,2021-03-19 08:00:00,0.0,0.0,1,1,1.0
ya71,2021-03-19,2021-03-19 09:00:00,,,1,0,0.0
ya71,2021-03-19,2021-03-19 10:00:00,0.0,0.0,6,4,0.6666666666666666
ya71,2021-03-19,2021-03-19 11:00:00,0.0,0.0,3,2,0.6666666666666666
ya71,2021-03-19,2021-03-19 12:00:00,0.0,0.0,3,1,0.3333333333333333
ya71,2021-03-19,2021-03-19 15:00:00,0.0,0.0,7,7,1.0
ya71,2021-03-19,2021-03-19 16:00:00,0.0,0.0,5,4,0.8
ya71,2021-03-20,2021-03-20 06:00:00,14.5,14.5,1,1,1.0
ya71,2021-03-20,2021-03-20 08:00:00,0.0,0.0,2,2,1.0
ya71,2021-03-20,2021-03-20 09:00:00,0.0,0.0,2,1,0.5
ya71,2021-03-20,2021-03-20 10:00:00,,,3,0,0.0
ya71,2021-03-20,2021-03-20 11:00:00,,,1,0,0.0
ya71,2021-03-20,2021-03-20 12:00:00,0.0,0.0,7,1,0.14285714285714285
ya71,2021-03-20,2021-03-20 14:00:00,,,1,0,0.0
ya71,2021-03-20,2021-03-20 15:00:00,0.0,0.0,2,1,0.5
ya71,2021-03-20,2021-03-20 16:00:00,,,1,0,0.0
ya71,2021-03-20,2021-03-20 17:00:00,0.0,0.0,2,1,0.5
ya71,2021-03-20,2021-03-20 18:00:00,0.0,0.0,2,1,0.5
ya71,2021-03-21,2021-03-21 04:00:00,0.0,0.0,6,3,0.5
ya71,2021-03-21,2021-03-21 06:00:00,0.0,0.0,1,1,1.0
ya71,2021-03-21,2021-03-21 07:00:00,0.0,0.0,3,3,1.0
ya71,2021-03-21,2021-03-21 08:00:00,0.0,0.0,1,1,1.0
ya71,2021-03-21,2021-03-21 09:00:00,,,11,0,0.0
ya71,2021-03-21,2021-03-21 10:00:00,,,3,0,0.0
ya71,2021-03-21,2021-03-21 11:00:00,0.0,0.0,2,1,0.5
ya71,2021-03-21,2021-03-21 15:00:00,0.0,0.0,4,3,0.75
ya71,2021-03-21,2021-03-21 16:00:00,0.0,0.0,2,1,0.5
ya71,2021-03-22,2021-03-22 11:00:00,,,1,0,0.0
ya71,2021-03-22,2021-03-22 14:00:00,,,1,0,0.0
ya71,2021-03-22,2021-03-22 15:00:00,0.0,0.0,2,2,1.0
ya71,2021-03-23,2021-03-23 04:00:00,0.0,0.0,7,3,0.42857142857142855
ya71,2021-03-23,2021-03-23 06:00:00,,,1,0,0.0
ya71,2021-03-23,2021-03-23 10:00:00,0.0,0.0,2,2,1.0
ya71,2021-03-23,2021-03-23 11:00:00,0.0,0.0,3,1,0.3333333333333333
ya71,2021-03-23,2021-03-23 12:00:00,0.0,0.0,2,2,1.0
ya71,2021-03-23,2021-03-23 13:00:00,,,1,0,0.0
ya71,2021-03-23,2021-03-23 15:00:00,0.0,0.0,7,3,0.42857142857142855
ya71,2021-03-23,2021-03-23 16:00:00,0.0,0.0,3,3,1.0
ya71,2021-03-24,2021-03-24 04:00:00,,,2,0,0.0
ya71,2021-03-24,2021-03-24 07:00:00,0.0,0.0,2,1,0.5
ya71,2021-03-24,2021-03-24 08:00:00,0.0,0.0,1,1,1.0
ya71,2021-03-24,2021-03-24 09:00:00,,,3,0,0.0
ya71,2021-03-24,2021-03-24 10:00:00,0.0,0.0,8,1,0.125
ya71,2021-03-24,2021-03-24 11:00:00,,,3,0,0.0
ya71,2021-03-24,2021-03-24 12:00:00,,,1,0,0.0
ya71,2021-03-24,2021-03-24 14:00:00,,,2,0,0.0
ya71,2021-03-24,2021-03-24 15:00:00,0.0,0.0,1,1,1.0
ya71,2021-03-25,2021-03-25 06:00:00,,,1,0,0.0
ya71,2021-03-25,2021-03-25 08:00:00,,,4,0,0.0
ya71,2021-03-25,2021-03-25 11:00:00,0.0,0.0,5,2,0.4
ya71,2021-03-25,2021-03-25 12:00:00,,,2,0,0.0
ya71,2021-03-25,2021-03-25 13:00:00,,,1,0,0.0
ya71,2021-03-25,2021-03-25 14:00:00,0.0,0.0,1,1,1.0
ya71,2021-03-25,2021-03-25 16:00:00,0.0,0.0,1,1,1.0
ya71,2021-03-26,2021-03-26 01:00:00,0.0,0.0,1,1,1.0
ya71,2021-03-26,2021-03-26 06:00:00,,,2,0,0.0
ya71,2021-03-26,2021-03-26 08:00:00,,,1,0,0.0
ya71,2021-03-26,2021-03-26 09:00:00,,,7,0,0.0
ya71,2021-03-26,2021-03-26 13:00:00,0.0,0.0,4,4,1.0
ya71,2021-03-26,2021-03-26 14:00:00,0.0,0.0,3,2,0.6666666666666666
ya71,2021-03-26,2021-03-26 15:00:00,0.0,0.0,4,3,0.75
ya71,2021-03-27,2021-03-27 06:00:00,0.0,0.0,3,2,0.6666666666666666
ya71,2021-03-27,2021-03-27 07:00:00,0.0,0.0,7,1,0.14285714285714285
ya71,2021-03-27,2021-03-27 16:00:00,0.0,0.0,2,2,1.0
ya71,2021-03-27,2021-03-27 17:00:00,,,2,0,0.0
ya71,2021-03-28,2021-03-28 02:00:00,0.0,0.0,1,1,1.0
ya71,2021-03-28,2021-03-28 03:00:00,,,1,0,0.0
ya71,2021-03-28,2021-03-28 04:00:00,0.0,0.0,1,1,1.0
ya71,2021-03-28,2021-03-28 08:00:00,6.666666666666667,6.666666666666667,3,1,0.3333333333333333
ya71,2021-03-28,2021-03-28 09:00:00,,,1,0,0.0
ya71,2021-03-28,2021-03-28 12:00:00,0.0,0.0,4,2,0.5
ya71,2021-03-28,2021-03-28 13:00:00,0.0,0.0,2,1,0.5
ya71,2021-03-28,2021-03-28 15:00:00,0.0,0.0,2,2,1.0
ya71,2021-03-28,2021-03-28 16:00:00,0.0,0.0,3,1,0.3333333333333333
ya71,2021-03-29,2021-03-29 07:00:00,0.0,0.0,1,1,1.0
ya71,2021-03-29,2021-03-29 08:00:00,0.0,0.0,3,1,0.3333333333333333
ya71,2021-03-29,2021-03-29 10:00:00,0.0,0.0,4,1,0.25
ya71,2021-03-29,2021-03-29 12:00:00,0.0,0.0,5,1,0.2
ya71,2021-03-29,2021-03-29 13:00:00,0.0,0.0,10,4,0.4
ya71,2021-03-29,2021-03-29 14:00:00,,,1,0,0.0
ya71,2021-03-29,2021-03-29 16:00:00,0.0,0.0,4,2,0.5
ya71,2021-03-30,2021-03-30 05:00:00,0.0,0.0,1,1,1.0
ya71,2021-03-30,2021-03-30 06:00:00,0.0,0.0,3,2,0.6666666666666666
ya71,2021-03-30,2021-03-30 07:00:00,0.0,0.0,9,1,0.1111111111111111
ya71,2021-03-30,2021-03-30 08:00:00,,,10,0,0.0
ya71,2021-03-30,2021-03-30 10:00:00,,,4,0,0.0
ya71,2021-03-30,2021-03-30 11:00:00,0.0,0.0,2,1,0.5
ya71,2021-03-30,2021-03-30 16:00:00,,,1,0,0.0
ya71,2021-03-30,2021-03-30 17:00:00,,,1,0,0.0
ya71,2021-03-31,2021-03-31 02:00:00,,,1,0,0.0
ya71,2021-03-31,2021-03-31 10:00:00,0.0,0.0,7,2,0.2857142857142857
ya71,2021-03-31,2021-03-31 11:00:00,54.0,54.0,4,2,0.5
ya71,2021-03-31,2021-03-31 12:00:00,0.0,0.0,2,2,1.0
ya71,2021-03-31,2021-03-31 13:00:00,0.0,0.0,2,2,1.0
ya71,2021-04-01,2021-04-01 12:00:00,0.0,0.0,2,1,0.5
ya71,2021-04-01,2021-04-01 15:00:00,0.0,0.0,4,1,0.25
ya71,2021-04-01,2021-04-01 16:00:00,0.0,0.0,2,1,0.5
zk41,2021-03-04,2021-03-04 08:00:00,,,5,0,0.0
zk41,2021-03-04,2021-03-04 09:00:00,,,3,0,0.0
zk41,2021-03-04,2021-03-04 10:00:00,,,6,0,0.0
zk41,2021-03-04,2021-03-04 17:00:00,,,2,0,0.0
zk41,2021-03-04,2021-03-04 18:00:00,,,11,0,0.0
zk41,2021-03-04,2021-03-04 19:00:00,,,11,0,0.0
zk41,2021-03-04,2021-03-04 20:00:00,,,11,0,0.0
zk41,2021-03-04,2021-03-04 21:00:00,,,11,0,0.0
zk41,2021-03-04,2021-03-04 22:00:00,,,10,0,0.0
zk41,2021-03-04,2021-03-04 23:00:00,,,2,0,0.0
zk41,2021-03-08,2021-03-08 09:00:00,,,1,0,0.0
zk41,2021-03-08,2021-03-08 11:00:00,0.0,0.0,2,1,0.5
zk41,2021-03-08,2021-03-08 12:00:00,,,2,0,0.0
zk41,2021-03-08,2021-03-08 15:00:00,,,1,0,0.0
zk41,2021-03-11,2021-03-11 05:00:00,9.75,4.25,3,3,1.0
zk41,2021-03-11,2021-03-11 06:00:00,8.886111111111111,3.4,7,7,1.0
zk41,2021-03-11,2021-03-11 07:00:00,0.0,0.0,2,2,1.0
zk41,2021-03-11,2021-03-11 10:00:00,0.0,0.0,1,1,1.0
zk41,2021-03-11,2021-03-11 11:00:00,,,1,0,0.0
zk41,2021-03-11,2021-03-11 15:00:00,0.0,0.0,6,2,0.3333333333333333
zk41,2021-03-11,2021-03-11 16:00:00,,,1,0,0.0
zk41,2021-03-11,2021-03-11 17:00:00,,,1,0,0.0
zk41,2021-03-12,2021-03-12 08:00:00,,,7,0,0.0
zk41,2021-03-12,2021-03-12 09:00:00,,,1,0,0.0
zk41,2021-03-12,2021-03-12 12:00:00,0.0,0.0,1,1,1.0
zk41,2021-03-12,2021-03-12 13:00:00,0.0,0.0,6,1,0.16666666666666666
zk41,2021-03-12,2021-03-12 14:00:00,,,1,0,0.0
zk41,2021-03-12,2021-03-12 15:00:00,,,1,0,0.0
zk41,2021-03-12,2021-03-12 16:00:00,,,2,0,0.0
zk41,2021-03-12,2021-03-12 17:00:00,,,3,0,0.0
zk41,2021-03-13,2021-03-13 05:00:00,,,1,0,0.0
zk41,2021-03-13,2021-03-13 06:00:00,0.0,0.0,1,1,1.0
zk41,2021-03-14,2021-03-14 09:00:00,0.0,0.0,3,2,0.6666666666666666
zk41,2021-03-14,2021-03-14 10:00:00,14.0,14.0,4,1,0.25
zk41,2021-03-14,2021-03-14 11:00:00,,,11,0,0.0
zk41,2021-03-14,2021-03-14 12:00:00,,,5,0,0.0
zk41,2021-03-14,2021-03-14 15:00:00,0.0,0.0,10,9,0.9
zk41,2021-03-14,2021-03-14 16:00:00,0.0,0.0,3,3,1.0
zk41,2021-03-15,2021-03-15 05:00:00,0.0,0.0,1,1,1.0
zk41,2021-03-15,2021-03-15 10:00:00,,,1,0,0.0
zk41,2021-03-15,2021-03-15 11:00:00,0.0,0.0,3,2,0.6666666666666666
zk41,2021-03-15,2021-03-15 12:00:00,0.0,0.0,4,1,0.25
zk41,2021-03-15,2021-03-15 13:00:00,,,1,0,0.0
zk41,2021-03-15,2021-03-15 14:00:00,0.0,0.0,2,1,0.5
zk41,2021-03-15,2021-03-15 17:00:00,0.0,0.0,2,2,1.0
zk41,2021-03-16,2021-03-16 02:00:00,,,1,0,0.0
zk41,2021-03-16,2021-03-16 10:00:00,0.0,0.0,8,1,0.125
zk41,2021-03-16,2021-03-16 11:00:00,,,11,0,0.0
zk41,2021-03-16,2021-03-16 12:00:00,0.0,0.0,7,2,0.2857142857142857
zk41,2021-03-16,2021-03-16 13:00:00,0.0,0.0,9,2,0.2222222222222222
zk41,2021-03-16,2021-03-16 14:00:00,0.0,0.0,3,1,0.3333333333333333
zk41,2021-03-16,2021-03-16 15:00:00,0.0,0.0,3,3,1.0
zk41,2021-03-16,2021-03-16 16:00:00,,,5,0,0.0
zk41,2021-03-16,2021-03-16 17:00:00,0.0,0.0,3,2,0.6666666666666666
zk41,2021-03-17,2021-03-17 06:00:00,,,1,0,0.0
zk41,2021-03-17,2021-03-17 08:00:00,,,2,0,0.0
zk41,2021-03-17,2021-03-17 12:00:00,,,1,0,0.0
zk41,2021-03-17,2021-03-17 15:00:00,0.0,0.0,5,2,0.4
zk41,2021-03-17,2021-03-17 16:00:00,0.0,0.0,5,1,0.2
zk41,2021-03-18,2021-03-18 03:00:00,,,2,0,0.0
zk41,2021-03-18,2021-03-18 06:00:00,0.0,0.0,3,2,0.6666666666666666
zk41,2021-03-18,2021-03-18 07:00:00,,,1,0,0.0
zk41,2021-03-18,2021-03-18 12:00:00,,,3,0,0.0
zk41,2021-03-18,2021-03-18 13:00:00,,,1,0,0.0
zk41,2021-03-20,2021-03-20 00:00:00,0.0,0.0,1,1,1.0
zk41,2021-03-20,2021-03-20 01:00:00,,,9,0,0.0
zk41,2021-03-20,2021-03-20 04:00:00,,,3,0,0.0
zk41,2021-03-20,2021-03-20 05:00:00,0.0,0.0,1,1,1.0
zk41,2021-03-20,2021-03-20 07:00:00,0.0,0.0,2,1,0.5
zk41,2021-03-20,2021-03-20 11:00:00,,,2,0,0.0
zk41,2021-03-20,2021-03-20 14:00:00,,,1,0,0.0
zk41,2021-03-21,2021-03-21 02:00:00,,,1,0,0.0
zk41,2021-03-21,2021-03-21 03:00:00,0.0,0.0,1,1,1.0
zk41,2021-03-21,2021-03-21 10:00:00,,,1,0,0.0
zk41,2021-03-21,2021-03-21 12:00:00,,,5,0,0.0
zk41,2021-03-21,2021-03-21 13:00:00,,,8,0,0.0
zk41,2021-03-21,2021-03-21 14:00:00,0.0,0.0,4,1,0.25
zk41,2021-03-21,2021-03-21 17:00:00,0.0,0.0,2,2,1.0
zk41,2021-03-22,2021-03-22 03:00:00,0.0,0.0,2,1,0.5
zk41,2021-03-22,2021-03-22 05:00:00,0.0,0.0,2,1,0.5
zk41,2021-03-22,2021-03-22 06:00:00,0.0,0.0,7,6,0.8571428571428571
zk41,2021-03-22,2021-03-22 11:00:00,0.0,0.0,2,1,0.5
zk41,2021-03-22,2021-03-22 12:00:00,,,2,0,0.0
zk41,2021-03-23,2021-03-23 06:00:00,,,1,0,0.0
zk41,2021-03-23,2021-03-23 13:00:00,,,2,0,0.0
zk41,2021-03-23,2021-03-23 14:00:00,0.0,0.0,1,1,1.0
zk41,2021-03-23,2021-03-23 15:00:00,,,1,0,0.0
zk41,2021-03-24,2021-03-24 10:00:00,,,1,0,0.0
zk41,2021-03-24,2021-03-24 15:00:00,54.0,54.0,1,1,1.0
zk41,2021-03-25,2021-03-25 07:00:00,,,1,0,0.0
zk41,2021-03-25,2021-03-25 11:00:00,0.0,0.0,3,3,1.0
zk41,2021-03-25,2021-03-25 13:00:00,,,1,0,0.0
zk41,2021-03-25,2021-03-25 14:00:00,,,2,0,0.0
zk41,2021-03-25,2021-03-25 15:00:00,,,3,0,0.0
zk41,2021-03-25,2021-03-25 16:00:00,,,1,0,0.0
zk41,2021-03-25,2021-03-25 18:00:00,,,1,0,0.0
zk41,2021-03-26,2021-03-26 10:00:00,64.5,64.5,1,1,1.0
zk41,2021-03-26,2021-03-26 11:00:00,,,3,0,0.0
zk41,2021-03-26,2021-03-26 12:00:00,0.0,0.0,3,2,0.6666666666666666
zk41,2021-03-26,2021-03-26 13:00:00,0.0,0.0,2,1,0.5
zk41,2021-03-26,2021-03-26 14:00:00,0.0,0.0,6,3,0.5
zk41,2021-03-26,2021-03-26 15:00:00,0.0,0.0,1,1,1.0
zk41,2021-03-26,2021-03-26 16:00:00,0.0,0.0,2,2,1.0
zk41,2021-03-27,2021-03-27 06:00:00,,,3,0,0.0
zk41,2021-03-27,2021-03-27 07:00:00,,,1,0,0.0
zk41,2021-03-27,2021-03-27 09:00:00,0.0,0.0,1,1,1.0
zk41,2021-03-27,2021-03-27 12:00:00,2.2,2.2,7,6,0.8571428571428571
zk41,2021-03-27,2021-03-27 13:00:00,,,2,0,0.0
zk41,2021-03-27,2021-03-27 16:00:00,,,1,0,0.0
zk41,2021-03-28,2021-03-28 01:00:00,,,1,0,0.0
zk41,2021-03-28,2021-03-28 08:00:00,,,1,0,0.0
zk41,2021-03-28,2021-03-28 09:00:00,,,1,0,0.0
zk41,2021-03-29,2021-03-29 07:00:00,,,1,0,0.0
zk41,2021-03-29,2021-03-29 11:00:00,0.0,0.0,3,1,0.3333333333333333
zk41,2021-03-30,2021-03-30 05:00:00,0.0,0.0,1,1,1.0
zk41,2021-03-30,2021-03-30 08:00:00,0.0,0.0,1,1,1.0
zk41,2021-03-30,2021-03-30 11:00:00,,,1,0,0.0
zk41,2021-03-30,2021-03-30 12:00:00,,,1,0,0.0
zk41,2021-03-30,2021-03-30 14:00:00,0.0,0.0,2,1,0.5
zk41,2021-03-30,2021-03-30 16:00:00,0.0,0.0,1,1,1.0
zk41,2021-03-31,2021-03-31 10:00:00,,,1,0,0.0
zk41,2021-03-31,2021-03-31 13:00:00,,,1,0,0.0
zk41,2021-03-31,2021-03-31 14:00:00,,,4,0,0.0
zk41,2021-03-31,2021-03-31 15:00:00,0.0,0.0,3,1,0.3333333333333333
zk41,2021-04-01,2021-04-01 11:00:00,0.0,0.0,3,1,0.3333333333333333
zk41,2021-04-01,2021-04-01 16:00:00,,,1,0,0.0
zk41,2021-04-02,2021-04-02 05:00:00,0.0,0.0,3,3,1.0
zk41,2021-04-02,2021-04-02 06:00:00,0.0,0.0,6,5,0.8333333333333334
zk41,2021-04-02,2021-04-02 12:00:00,0.0,0.0,8,4,0.5
zk41,2021-04-02,2021-04-02 13:00:00,0.0,0.0,4,1,0.25
zk41,2021-04-02,2021-04-02 16:00:00,,,1,0,0.0
zk41,2021-04-02,2021-04-02 17:00:00,0.0,0.0,1,1,1.0
zk41,2021-04-03,2021-04-03 01:00:00,0.0,0.0,3,3,1.0
zk41,2021-04-03,2021-04-03 02:00:00,0.0,0.0,11,1,0.09090909090909091
zk41,2021-04-03,2021-04-03 03:00:00,0.0,0.0,4,2,0.5
zk41,2021-04-03,2021-04-03 04:00:00,8.17142857142857,4.571428571428571,7,6,0.8571428571428571
zk41,2021-04-03,2021-04-03 05:00:00,13.0,13.0,5,4,0.8
zk41,2021-04-03,2021-04-03 10:00:00,,,1,0,0.0
zk41,2021-04-03,2021-04-03 16:00:00,,,2,0,0.0
zk41,2021-04-04,2021-04-04 12:00:00,17.733333333333334,15.4,7,4,0.5714285714285714
zk41,2021-04-04,2021-04-04 13:00:00,,,1,0,0.0
zk41,2021-04-04,2021-04-04 14:00:00,0.0,0.0,5,2,0.4
zk41,2021-04-05,2021-04-05 03:00:00,0.0,0.0,2,1,0.5
zk41,2021-04-05,2021-04-05 05:00:00,0.0,0.0,2,1,0.5
zk41,2021-04-05,2021-04-05 06:00:00,0.0,0.0,4,4,1.0
zk41,2021-04-05,2021-04-05 09:00:00,0.0,0.0,2,1,0.5
zk41,2021-04-05,2021-04-05 11:00:00,0.0,0.0,3,1,0.3333333333333333
zk41,2021-04-05,2021-04-05 12:00:00,0.0,0.0,4,1,0.25
zk41,2021-04-05,2021-04-05 15:00:00,0.0,0.0,4,1,0.25
